p25,median,p75,mean,count,min,max,type,name,pricing,provider,timestamp,date
3.010313,3.873696,5.442394,4.766667811342592,432.0,0.8015,15.830423875,gpu,H100,all,,2026-04-10 07:28:57.652987,2026-04-10
1.99,1.99,2.79,2.2566666666666664,48.0,1.99,2.79,gpu_provider,A100,on-demand,lambdalabs,2026-04-10 07:28:57.652987,2026-04-10
1.60913,1.80385,2.00612,1.8950095803571432,112.0,1.40574,2.80172225,gpu_provider,A100,spot,gcp,2026-04-10 07:28:57.652987,2026-04-10
2.49227125,3.6792675,4.04959090625,3.4898916517857144,112.0,2.16346,5.7077325,gpu_provider,A100,on-demand,gcp,2026-04-10 07:28:57.652987,2026-04-10
0.9099999999999999,0.95,0.95,0.9099999999999999,4.0,0.79,0.95,gpu_provider,A100,spot,runpod,2026-04-10 07:28:57.652987,2026-04-10
1.49,1.49,1.49,1.5296,5.0,1.39,1.788,gpu_provider,A100,on-demand,runpod,2026-04-10 07:28:57.652987,2026-04-10
0.88242,0.9723175,1.331265,1.1323403749999998,106.0,0.67877,2.38177,gpu_provider,A100,spot,azure,2026-04-10 07:28:57.652987,2026-04-10
4.4075,4.775,5.1421875,4.884087719298245,114.0,3.399625,8.1925,gpu_provider,A100,on-demand,azure,2026-04-10 07:28:57.652987,2026-04-10
0.2524,0.4515,0.4515,0.3851291666666667,18.0,0.252375,0.4515,gpu_provider,A100,spot,verda,2026-04-10 07:28:57.652987,2026-04-10
0.721125,1.29,1.29,1.1003708333333333,18.0,0.7211,1.29,gpu_provider,A100,on-demand,verda,2026-04-10 07:28:57.652987,2026-04-10
0.08,0.08,0.08,0.08,2.0,0.08,0.08,gpu_provider,A100,spot,vastai,2026-04-10 07:28:57.652987,2026-04-10
0.09342,0.09342,0.09342,0.09342,2.0,0.09342,0.09342,gpu_provider,A100,on-demand,vastai,2026-04-10 07:28:57.652987,2026-04-10
0.123,0.247,0.41050000000000003,0.36233333333333334,12.0,0.123,1.199,gpu_provider,A100,on-demand,vultr,2026-04-10 07:28:57.652987,2026-04-10
2.8971875000000002,3.025,3.2249999999999996,3.0971875000000004,4.0,2.58875,3.75,gpu_provider,B200,spot,vastai,2026-04-10 07:28:57.652987,2026-04-10
3.81397125,4.4055824999999995,5.5833353125,4.9917240625,4.0,3.73245,7.42328125,gpu_provider,B200,on-demand,vastai,2026-04-10 07:28:57.652987,2026-04-10
4.0758,4.0758,4.4834,4.2981333333333325,9.0,4.0758,4.891,gpu_provider,B200,spot,gcp,2026-04-10 07:28:57.652987,2026-04-10
2.0047,2.0047,2.0047,2.0047,1.0,2.0047,2.0047,gpu_provider,A100,on-demand,cudo,2026-04-10 07:28:57.652987,2026-04-10
1.289959375,1.4605125,1.794675,1.799370138888889,18.0,0.4079125,4.1170625,gpu_provider,A100,spot,aws,2026-04-10 07:28:57.652987,2026-04-10
3.05,3.525,4.0,3.525,88.0,3.05,4.0,gpu_provider,A100,on-demand,oci,2026-04-10 07:28:57.652987,2026-04-10
1.99,3.420464,4.89,4.175254709605362,1343.0,0.08,21.2,aggregate,training,all,,2026-04-10 07:28:57.652987,2026-04-10
,2.112280701754386,,,,,,metric,hyperscaler_premium_h100,on-demand,,2026-04-10 07:28:57.652987,2026-04-10
,3.99,,,,,,metric,neocloud_median_h100,on-demand,,2026-04-10 07:28:57.652987,2026-04-10
,8.428,,,,,,metric,hyperscaler_median_h100,on-demand,,2026-04-10 07:28:57.652987,2026-04-10
2.99,3.99,4.19,3.5618972477064226,109.0,1.47028,4.29,provider_h100,neocloud,on-demand,,2026-04-10 07:28:57.652987,2026-04-10
5.7193375,8.428,11.985552625,9.015100218201756,114.0,5.3832685,15.830423875,provider_h100,hyperscaler,on-demand,,2026-04-10 07:28:57.652987,2026-04-10
,1.1006258258258257,,,,,,metric,hyperscaler_premium_all,on-demand,,2026-04-10 07:28:57.652987,2026-04-10
,1.665,,,,,,metric,neocloud_median_all,on-demand,,2026-04-10 07:28:57.652987,2026-04-10
11.277,11.277,11.277,11.277,11.0,11.277,11.277,gpu_provider,B200,on-demand,gcp,2026-04-10 07:28:57.652987,2026-04-10
,1.832542,,,,,,metric,hyperscaler_median_all,on-demand,,2026-04-10 07:28:57.652987,2026-04-10
1.109996,1.832542,3.5,2.832761985830842,4014.0,0.343,25.92,provider,hyperscaler,on-demand,,2026-04-10 07:28:57.652987,2026-04-10
,3.2947283540777703,,,,,,metric,training_inference_ratio,on-demand,,2026-04-10 07:28:57.652987,2026-04-10
0.265132,0.39908,0.526392,0.5384330875244141,2048.0,0.0684,9.1089,aggregate,inference,spot,,2026-04-10 07:28:57.652987,2026-04-10
0.879,1.241377,1.78943,1.6519141915529012,2344.0,0.343,10.98917,aggregate,inference,on-demand,,2026-04-10 07:28:57.652987,2026-04-10
0.40303125,0.7033149999999999,1.3344175,1.1326953160860656,4392.0,0.0684,10.98917,aggregate,inference,all,,2026-04-10 07:28:57.652987,2026-04-10
1.331265,1.804978,3.267208,2.8243931213702353,551.0,0.08,21.2,aggregate,training,spot,,2026-04-10 07:28:57.652987,2026-04-10
3.05,4.09,5.762968625,5.115058668087122,792.0,0.09342,21.2,aggregate,training,on-demand,,2026-04-10 07:28:57.652987,2026-04-10
0.471,1.665,3.7596237500000003,inf,676.0,0.02821,inf,provider,neocloud,on-demand,,2026-04-10 07:28:57.652987,2026-04-10
6.765000000000001,6.84,6.915,6.84,64.0,6.69,6.99,gpu_provider,B200,on-demand,lambdalabs,2026-04-10 07:28:57.652987,2026-04-10
3.1564675,3.43088125,3.801285,3.5327744761904762,21.0,2.744705,4.7027875,gpu_provider,A100,on-demand,aws,2026-04-10 07:28:57.652987,2026-04-10
5.5,5.5,5.5,5.5,4.0,5.5,5.5,gpu_provider,B200,on-demand,nebius,2026-04-10 07:28:57.652987,2026-04-10
5.596119875,10.97905825,12.51612875,9.19199803230337,89.0,5.3832685,15.830423875,gpu_provider,H100,on-demand,gcp,2026-04-10 07:28:57.652987,2026-04-10
1.25,1.25,1.25,1.25,2.0,1.25,1.25,gpu_provider,H100,spot,nebius,2026-04-10 07:28:57.652987,2026-04-10
2.95,2.95,2.95,2.95,2.0,2.95,2.95,gpu_provider,H100,on-demand,nebius,2026-04-10 07:28:57.652987,2026-04-10
0.8015,0.8015,0.8015,0.8015000000000003,15.0,0.8015,0.8015,gpu_provider,H100,spot,verda,2026-04-10 07:28:57.652987,2026-04-10
2.29,2.29,2.29,2.2899999999999996,15.0,2.29,2.29,gpu_provider,H100,on-demand,verda,2026-04-10 07:28:57.652987,2026-04-10
0.930417625,1.48734,1.80385,1.4438082317307692,260.0,0.08,4.1170625,gpu,A100,spot,,2026-04-10 07:28:57.652987,2026-04-10
2.58843875,3.673,4.4075,3.502034071258907,421.0,0.09342,8.1925,gpu,A100,on-demand,,2026-04-10 07:28:57.652987,2026-04-10
3.0061825,3.420464,3.873696,3.3381915983231707,164.0,1.345202,4.601500625,gpu_provider,H100,spot,gcp,2026-04-10 07:28:57.652987,2026-04-10
1.5229825,2.526725,4.0,2.716220975403818,681.0,0.08,8.1925,gpu,A100,all,,2026-04-10 07:28:57.652987,2026-04-10
6.69,6.79,6.99,6.97319890789474,95.0,3.73245,11.277,gpu,B200,on-demand,,2026-04-10 07:28:57.652987,2026-04-10
4.89,6.69,6.89,6.0134241633064525,124.0,1.71125,11.277,gpu,B200,all,,2026-04-10 07:28:57.652987,2026-04-10
1.45,11.66,13.78,8.573726415094338,53.0,1.1865,21.2,gpu,H200,spot,,2026-04-10 07:28:57.652987,2026-04-10
3.5,11.66,13.78,9.40279245283019,53.0,3.39,21.2,gpu,H200,on-demand,,2026-04-10 07:28:57.652987,2026-04-10
3.39,11.66,13.78,8.988259433962265,106.0,1.1865,21.2,gpu,H200,all,,2026-04-10 07:28:57.652987,2026-04-10
2.672515125,3.199753125,3.873696,3.0776663618421054,209.0,0.8015,10.1668375,gpu,H100,spot,,2026-04-10 07:28:57.652987,2026-04-10
2.9,2.9,2.9,2.9,4.0,2.9,2.9,gpu_provider,B200,spot,nebius,2026-04-10 07:28:57.652987,2026-04-10
1.7115,2.9,4.0758,2.869334482758621,29.0,1.71125,4.891,gpu,B200,spot,,2026-04-10 07:28:57.652987,2026-04-10
2.99,2.99,2.99,3.0754285714285716,7.0,2.99,3.588,gpu_provider,H100,on-demand,runpod,2026-04-10 07:28:57.652987,2026-04-10
3.99,5.3832685,8.6,6.349633295403588,223.0,1.47028,15.830423875,gpu,H100,on-demand,,2026-04-10 07:28:57.652987,2026-04-10
2.29,2.29,2.29,2.29,4.0,2.29,2.29,gpu_provider,H200,spot,runpod,2026-04-10 07:28:57.652987,2026-04-10
1.7114375,1.7115,1.711625,1.7115625,12.0,1.71125,1.712,gpu_provider,B200,spot,verda,2026-04-10 07:28:57.652987,2026-04-10
4.89,4.89,4.89,4.89,12.0,4.89,4.89,gpu_provider,B200,on-demand,verda,2026-04-10 07:28:57.652987,2026-04-10
12.561,13.25,13.835,13.62283870967742,31.0,10.6,21.2,gpu_provider,H200,spot,azure,2026-04-10 07:28:57.652987,2026-04-10
12.561,13.25,13.835,13.62283870967742,31.0,10.6,21.2,gpu_provider,H200,on-demand,azure,2026-04-10 07:28:57.652987,2026-04-10
1.75,1.75,1.75,1.75,6.0,1.75,1.75,gpu_provider,H100,spot,runpod,2026-04-10 07:28:57.652987,2026-04-10
3.59,3.59,3.59,3.59,4.0,3.59,3.59,gpu_provider,H200,on-demand,runpod,2026-04-10 07:28:57.652987,2026-04-10
1.45,1.45,1.45,1.45,6.0,1.45,1.45,gpu_provider,H200,spot,nebius,2026-04-10 07:28:57.652987,2026-04-10
3.5,3.5,3.5,3.5,6.0,3.5,3.5,gpu_provider,H200,on-demand,nebius,2026-04-10 07:28:57.652987,2026-04-10
3.39,3.39,3.39,3.39,12.0,3.39,3.39,gpu_provider,H200,on-demand,verda,2026-04-10 07:28:57.652987,2026-04-10
1.466666875,1.46666875,1.46667,1.466668125,4.0,1.466665,1.46667,gpu_provider,H100,spot,vastai,2026-04-10 07:28:57.652987,2026-04-10
1.55395,1.58184,1.58184,1.55395,4.0,1.47028,1.58184,gpu_provider,H100,on-demand,vastai,2026-04-10 07:28:57.652987,2026-04-10
3.99,4.09,4.19,3.97,80.0,3.29,4.29,gpu_provider,H100,on-demand,lambdalabs,2026-04-10 07:28:57.652987,2026-04-10
2.653,2.653,2.653,2.653,1.0,2.653,2.653,gpu_provider,H100,on-demand,cudo,2026-04-10 07:28:57.652987,2026-04-10
1.684,2.43365,5.0659125,3.6044263888888883,18.0,0.8162,10.1668375,gpu_provider,H100,spot,aws,2026-04-10 07:28:57.652987,2026-04-10
6.88,8.256,8.944,8.385344,25.0,6.88,11.5584,gpu_provider,H100,on-demand,aws,2026-04-10 07:28:57.652987,2026-04-10
1.1865,1.1865,1.186625,1.1866250000000003,12.0,1.1865,1.187,gpu_provider,H200,spot,verda,2026-04-10 07:28:57.652987,2026-04-10
1.39,1.49,1.788,1.4912,5.0,1.0,1.788,gpu_provider,A100,on-demand,runpod,2026-04-11 07:02:11.313257,2026-04-11
0.88242,0.9737775,1.331265,1.1541553863636365,110.0,0.67877,2.38177,gpu_provider,A100,spot,azure,2026-04-11 07:02:11.313257,2026-04-11
0.8300000000000001,0.87,0.9099999999999999,0.87,2.0,0.79,0.95,gpu_provider,A100,spot,runpod,2026-04-11 07:02:11.313257,2026-04-11
2.9,2.9,2.9,2.9,4.0,2.9,2.9,gpu_provider,B200,spot,nebius,2026-04-11 07:02:11.313257,2026-04-11
1.60913,1.80385,2.00612,1.8950095803571432,112.0,1.40574,2.80172225,gpu_provider,A100,spot,gcp,2026-04-11 07:02:11.313257,2026-04-11
1.99,1.99,2.79,2.2566666666666664,48.0,1.99,2.79,gpu_provider,A100,on-demand,lambdalabs,2026-04-11 07:02:11.313257,2026-04-11
2.49227125,3.6792675,4.04959090625,3.4898916517857144,112.0,2.16346,5.7077325,gpu_provider,A100,on-demand,gcp,2026-04-11 07:02:11.313257,2026-04-11
4.4075,4.775,5.14225,4.894703663793103,116.0,3.399625,8.1925,gpu_provider,A100,on-demand,azure,2026-04-11 07:02:11.313257,2026-04-11
6.765000000000001,6.84,6.915,6.84,64.0,6.69,6.99,gpu_provider,B200,on-demand,lambdalabs,2026-04-11 07:02:11.313257,2026-04-11
0.721125,1.29,1.29,1.1003708333333333,18.0,0.7211,1.29,gpu_provider,A100,on-demand,verda,2026-04-11 07:02:11.313257,2026-04-11
0.123,0.247,0.342,0.3607692307692308,13.0,0.123,1.199,gpu_provider,A100,on-demand,vultr,2026-04-11 07:02:11.313257,2026-04-11
2.794375,3.0,3.025,2.879583333333333,3.0,2.58875,3.05,gpu_provider,B200,spot,vastai,2026-04-11 07:02:11.313257,2026-04-11
3.62694875,3.8214775,5.2751568749999995,4.66091125,3.0,3.43242,6.72883625,gpu_provider,B200,on-demand,vastai,2026-04-11 07:02:11.313257,2026-04-11
4.0758,4.0758,4.4834,4.2981333333333325,9.0,4.0758,4.891,gpu_provider,B200,spot,gcp,2026-04-11 07:02:11.313257,2026-04-11
11.277,11.277,11.277,11.277,11.0,11.277,11.277,gpu_provider,B200,on-demand,gcp,2026-04-11 07:02:11.313257,2026-04-11
2.0047,2.0047,2.0047,2.0047,1.0,2.0047,2.0047,gpu_provider,A100,on-demand,cudo,2026-04-11 07:02:11.313257,2026-04-11
0.2524,0.4515,0.4515,0.3851291666666667,18.0,0.252375,0.4515,gpu_provider,A100,spot,verda,2026-04-11 07:02:11.313257,2026-04-11
1.24500625,1.42445625,1.887665625,1.7869826388888892,18.0,0.386275,4.1170625,gpu_provider,A100,spot,aws,2026-04-11 07:02:11.313257,2026-04-11
1.109996,1.832542,3.5,2.833293021154324,4024.0,0.343,25.92,provider,hyperscaler,on-demand,,2026-04-11 07:02:11.313257,2026-04-11
1.99,3.420464,4.89,4.185752816877795,1342.0,0.123,21.2,aggregate,training,all,,2026-04-11 07:02:11.313257,2026-04-11
,2.112280701754386,,,,,,metric,hyperscaler_premium_h100,on-demand,,2026-04-11 07:02:11.313257,2026-04-11
,3.99,,,,,,metric,neocloud_median_h100,on-demand,,2026-04-11 07:02:11.313257,2026-04-11
,8.428,,,,,,metric,hyperscaler_median_h100,on-demand,,2026-04-11 07:02:11.313257,2026-04-11
2.99,3.99,4.19,3.58027256880734,109.0,1.57844,4.29,provider_h100,neocloud,on-demand,,2026-04-11 07:02:11.313257,2026-04-11
5.7193375,8.428,11.985552625,9.015100218201756,114.0,5.3832685,15.830423875,provider_h100,hyperscaler,on-demand,,2026-04-11 07:02:11.313257,2026-04-11
,1.1174036585365854,,,,,,metric,hyperscaler_premium_all,on-demand,,2026-04-11 07:02:11.313257,2026-04-11
,1.64,,,,,,metric,neocloud_median_all,on-demand,,2026-04-11 07:02:11.313257,2026-04-11
,1.832542,,,,,,metric,hyperscaler_median_all,on-demand,,2026-04-11 07:02:11.313257,2026-04-11
0.471,1.64,3.5,inf,695.0,0.030885,inf,provider,neocloud,on-demand,,2026-04-11 07:02:11.313257,2026-04-11
,3.2937280653011785,,,,,,metric,training_inference_ratio,on-demand,,2026-04-11 07:02:11.313257,2026-04-11
0.265132,0.39908,0.526392,0.5410585164313535,2054.0,0.0684,9.1089,aggregate,inference,spot,,2026-04-11 07:02:11.313257,2026-04-11
0.87925,1.241754,1.8010107499999999,1.6528971765957445,2350.0,0.343,10.98917,aggregate,inference,on-demand,,2026-04-11 07:02:11.313257,2026-04-11
0.402525,0.705844,1.342,1.1343420884990918,4404.0,0.0684,10.98917,aggregate,inference,all,,2026-04-11 07:02:11.313257,2026-04-11
1.331265,1.804978,3.267208,2.831219713863636,550.0,0.252375,21.2,aggregate,training,spot,,2026-04-11 07:02:11.313257,2026-04-11
3.05,4.09,5.762968625,5.12640080508207,792.0,0.123,21.2,aggregate,training,on-demand,,2026-04-11 07:02:11.313257,2026-04-11
3.05,3.525,4.0,3.525,88.0,3.05,4.0,gpu_provider,A100,on-demand,oci,2026-04-11 07:02:11.313257,2026-04-11
5.5,5.5,5.5,5.5,4.0,5.5,5.5,gpu_provider,B200,on-demand,nebius,2026-04-11 07:02:11.313257,2026-04-11
3.1564675,3.43088125,3.801285,3.5327744761904762,21.0,2.744705,4.7027875,gpu_provider,A100,on-demand,aws,2026-04-11 07:02:11.313257,2026-04-11
4.89,4.89,4.89,4.89,12.0,4.89,4.89,gpu_provider,B200,on-demand,verda,2026-04-11 07:02:11.313257,2026-04-11
5.596119875,10.97905825,12.51612875,9.19199803230337,89.0,5.3832685,15.830423875,gpu_provider,H100,on-demand,gcp,2026-04-11 07:02:11.313257,2026-04-11
1.25,1.25,1.25,1.25,2.0,1.25,1.25,gpu_provider,H100,spot,nebius,2026-04-11 07:02:11.313257,2026-04-11
2.95,2.95,2.95,2.95,2.0,2.95,2.95,gpu_provider,H100,on-demand,nebius,2026-04-11 07:02:11.313257,2026-04-11
0.8015,0.8015,0.8015,0.8015000000000003,15.0,0.8015,0.8015,gpu_provider,H100,spot,verda,2026-04-11 07:02:11.313257,2026-04-11
2.29,2.29,2.29,2.2899999999999996,15.0,2.29,2.29,gpu_provider,H100,on-demand,verda,2026-04-11 07:02:11.313257,2026-04-11
0.9469375,1.5229825,1.80385,1.4616776076923077,260.0,0.252375,4.1170625,gpu,A100,spot,,2026-04-11 07:02:11.313257,2026-04-11
2.58843875,3.6761334999999997,4.4075,3.519713575829384,422.0,0.123,8.1925,gpu,A100,on-demand,,2026-04-11 07:02:11.313257,2026-04-11
3.0061825,3.420464,3.873696,3.3381915983231707,164.0,1.345202,4.601500625,gpu_provider,H100,spot,gcp,2026-04-11 07:02:11.313257,2026-04-11
1.57366,2.526725125,4.0,2.735125083577713,682.0,0.123,8.1925,gpu,A100,all,,2026-04-11 07:02:11.313257,2026-04-11
6.69,6.79,6.99,6.983720571808513,94.0,3.43242,11.277,gpu,B200,on-demand,,2026-04-11 07:02:11.313257,2026-04-11
4.89,6.69,6.89,6.032216670081968,122.0,1.71125,11.277,gpu,B200,all,,2026-04-11 07:02:11.313257,2026-04-11
1.45,11.66,13.78,8.568254716981132,53.0,1.1865,21.2,gpu,H200,spot,,2026-04-11 07:02:11.313257,2026-04-11
3.5,11.66,13.78,9.440555471698113,53.0,3.39,21.2,gpu,H200,on-demand,,2026-04-11 07:02:11.313257,2026-04-11
3.39,11.66,13.78,9.004405094339623,106.0,1.1865,21.2,gpu,H200,all,,2026-04-11 07:02:11.313257,2026-04-11
2.6934,3.199753125,3.873696,3.079217534090909,209.0,0.7809,10.1680375,gpu,H100,spot,,2026-04-11 07:02:11.313257,2026-04-11
3.99,5.3832685,8.6,6.358614954596414,223.0,1.57844,15.830423875,gpu,H100,on-demand,,2026-04-11 07:02:11.313257,2026-04-11
1.7115,2.9,4.0758,2.837882142857143,28.0,1.71125,4.891,gpu,B200,spot,,2026-04-11 07:02:11.313257,2026-04-11
2.99,2.99,2.99,3.06475,8.0,2.99,3.588,gpu_provider,H100,on-demand,runpod,2026-04-11 07:02:11.313257,2026-04-11
3.0098255,3.873696,5.442394,4.7720546284722225,432.0,0.7809,15.830423875,gpu,H100,all,,2026-04-11 07:02:11.313257,2026-04-11
1.75,1.75,1.75,1.75,7.0,1.75,1.75,gpu_provider,H100,spot,runpod,2026-04-11 07:02:11.313257,2026-04-11
12.561,13.25,13.835,13.62283870967742,31.0,10.6,21.2,gpu_provider,H200,spot,azure,2026-04-11 07:02:11.313257,2026-04-11
12.561,13.25,13.835,13.62283870967742,31.0,10.6,21.2,gpu_provider,H200,on-demand,azure,2026-04-11 07:02:11.313257,2026-04-11
2.0,2.0,2.0,2.0,1.0,2.0,2.0,gpu_provider,H200,spot,vastai,2026-04-11 07:02:11.313257,2026-04-11
5.59144,5.59144,5.59144,5.59144,1.0,5.59144,5.59144,gpu_provider,H200,on-demand,vastai,2026-04-11 07:02:11.313257,2026-04-11
2.29,2.29,2.29,2.29,3.0,2.29,2.29,gpu_provider,H200,spot,runpod,2026-04-11 07:02:11.313257,2026-04-11
3.59,3.59,3.59,3.59,3.0,3.59,3.59,gpu_provider,H200,on-demand,runpod,2026-04-11 07:02:11.313257,2026-04-11
1.45,1.45,1.45,1.45,6.0,1.45,1.45,gpu_provider,H200,spot,nebius,2026-04-11 07:02:11.313257,2026-04-11
3.5,3.5,3.5,3.5,6.0,3.5,3.5,gpu_provider,H200,on-demand,nebius,2026-04-11 07:02:11.313257,2026-04-11
1.7114375,1.7115,1.711625,1.7115625,12.0,1.71125,1.712,gpu_provider,B200,spot,verda,2026-04-11 07:02:11.313257,2026-04-11
3.39,3.39,3.39,3.39,12.0,3.39,3.39,gpu_provider,H200,on-demand,verda,2026-04-11 07:02:11.313257,2026-04-11
1.2666675,1.466665,1.4666675,1.333335,3.0,1.06667,1.46667,gpu_provider,H100,spot,vastai,2026-04-11 07:02:11.313257,2026-04-11
1.57844,1.57844,1.825135,1.7429033333333332,3.0,1.57844,2.07183,gpu_provider,H100,on-demand,vastai,2026-04-11 07:02:11.313257,2026-04-11
3.99,4.09,4.19,3.97,80.0,3.29,4.29,gpu_provider,H100,on-demand,lambdalabs,2026-04-11 07:02:11.313257,2026-04-11
2.653,2.653,2.653,2.653,1.0,2.653,2.653,gpu_provider,H100,on-demand,cudo,2026-04-11 07:02:11.313257,2026-04-11
1.71561875,2.4565,5.3270125,3.62891875,18.0,0.7809,10.1680375,gpu_provider,H100,spot,aws,2026-04-11 07:02:11.313257,2026-04-11
6.88,8.256,8.944,8.385344,25.0,6.88,11.5584,gpu_provider,H100,on-demand,aws,2026-04-11 07:02:11.313257,2026-04-11
1.1865,1.1865,1.186625,1.1866250000000003,12.0,1.1865,1.187,gpu_provider,H200,spot,verda,2026-04-11 07:02:11.313257,2026-04-11
1.99,1.99,2.79,2.2566666666666664,48.0,1.99,2.79,gpu_provider,A100,on-demand,lambdalabs,2026-04-12 07:15:07.126229,2026-04-12
1.60913,1.80385,2.00612,1.8950095803571432,112.0,1.40574,2.80172225,gpu_provider,A100,spot,gcp,2026-04-12 07:15:07.126229,2026-04-12
2.49227125,3.6792675,4.04959090625,3.4898916517857144,112.0,2.16346,5.7077325,gpu_provider,A100,on-demand,gcp,2026-04-12 07:15:07.126229,2026-04-12
0.82,0.95,0.95,0.89,7.0,0.79,0.95,gpu_provider,A100,spot,runpod,2026-04-12 07:15:07.126229,2026-04-12
1.39,1.49,1.49,1.4353333333333333,9.0,1.0,1.788,gpu_provider,A100,on-demand,runpod,2026-04-12 07:15:07.126229,2026-04-12
0.88242,0.9737775,1.331265,1.1541553863636365,110.0,0.67877,2.38177,gpu_provider,A100,spot,azure,2026-04-12 07:15:07.126229,2026-04-12
4.4075,4.775,5.14225,4.894703663793103,116.0,3.399625,8.1925,gpu_provider,A100,on-demand,azure,2026-04-12 07:15:07.126229,2026-04-12
0.0934,0.0934,0.0934,0.0934,1.0,0.0934,0.0934,gpu_provider,A100,on-demand,vastai,2026-04-12 07:15:07.126229,2026-04-12
0.721125,1.29,1.29,1.1003708333333333,18.0,0.7211,1.29,gpu_provider,A100,on-demand,verda,2026-04-12 07:15:07.126229,2026-04-12
0.08,0.08,0.08,0.08,1.0,0.08,0.08,gpu_provider,A100,spot,vastai,2026-04-12 07:15:07.126229,2026-04-12
2.0047,2.0047,2.0047,2.0047,1.0,2.0047,2.0047,gpu_provider,A100,on-demand,cudo,2026-04-12 07:15:07.126229,2026-04-12
0.123,0.247,0.342,0.3607692307692308,13.0,0.123,1.199,gpu_provider,A100,on-demand,vultr,2026-04-12 07:15:07.126229,2026-04-12
3.025,3.05,5.15,4.433333333333334,3.0,3.0,7.25,gpu_provider,B200,spot,vastai,2026-04-12 07:15:07.126229,2026-04-12
3.835995,3.83953,5.631405624999999,5.031757083333333,3.0,3.83246,7.42328125,gpu_provider,B200,on-demand,vastai,2026-04-12 07:15:07.126229,2026-04-12
4.0758,4.0758,4.4834,4.2981333333333325,9.0,4.0758,4.891,gpu_provider,B200,spot,gcp,2026-04-12 07:15:07.126229,2026-04-12
11.277,11.277,11.277,11.277,11.0,11.277,11.277,gpu_provider,B200,on-demand,gcp,2026-04-12 07:15:07.126229,2026-04-12
0.2524,0.4515,0.4515,0.3851291666666667,18.0,0.252375,0.4515,gpu_provider,A100,spot,verda,2026-04-12 07:15:07.126229,2026-04-12
3.1564675,3.43088125,3.801285,3.5327744761904762,21.0,2.744705,4.7027875,gpu_provider,A100,on-demand,aws,2026-04-12 07:15:07.126229,2026-04-12
3.05,4.09,5.754749375,5.085605442799252,802.0,0.0934,21.2,aggregate,training,on-demand,,2026-04-12 07:15:07.126229,2026-04-12
3.05,3.525,4.0,3.525,88.0,3.05,4.0,gpu_provider,A100,on-demand,oci,2026-04-12 07:15:07.126229,2026-04-12
6.765000000000001,6.84,6.915,6.84,64.0,6.69,6.99,gpu_provider,B200,on-demand,lambdalabs,2026-04-12 07:15:07.126229,2026-04-12
,3.99,,,,,,metric,neocloud_median_h100,on-demand,,2026-04-12 07:15:07.126229,2026-04-12
,8.428,,,,,,metric,hyperscaler_median_h100,on-demand,,2026-04-12 07:15:07.126229,2026-04-12
2.99,3.99,4.19,3.543777837837839,111.0,1.54781,4.29,provider_h100,neocloud,on-demand,,2026-04-12 07:15:07.126229,2026-04-12
5.7193375,8.428,11.985552625,9.015100218201756,114.0,5.3832685,15.830423875,provider_h100,hyperscaler,on-demand,,2026-04-12 07:15:07.126229,2026-04-12
,1.140708187700553,,,,,,metric,hyperscaler_premium_all,on-demand,,2026-04-12 07:15:07.126229,2026-04-12
,1.606495,,,,,,metric,neocloud_median_all,on-demand,,2026-04-12 07:15:07.126229,2026-04-12
1.202696875,1.44430625,1.91004375,1.7747833333333332,18.0,0.3652625,4.1170625,gpu_provider,A100,spot,aws,2026-04-12 07:15:07.126229,2026-04-12
,1.832542,,,,,,metric,hyperscaler_median_all,on-demand,,2026-04-12 07:15:07.126229,2026-04-12
1.109996,1.832542,3.5,2.833293021154324,4024.0,0.343,25.92,provider,hyperscaler,on-demand,,2026-04-12 07:15:07.126229,2026-04-12
,2.112280701754386,,,,,,metric,hyperscaler_premium_h100,on-demand,,2026-04-12 07:15:07.126229,2026-04-12
0.265132,0.39908,0.527675,0.540656565053502,2056.0,0.0684,9.1089,aggregate,inference,spot,,2026-04-12 07:15:07.126229,2026-04-12
0.87875,1.241377,1.79329025,1.6522402317176872,2352.0,0.343,10.98917,aggregate,inference,on-demand,,2026-04-12 07:15:07.126229,2026-04-12
0.402525,0.70493,1.3373125,1.133770173037659,4408.0,0.0684,10.98917,aggregate,inference,all,,2026-04-12 07:15:07.126229,2026-04-12
1.3308875,1.804978,3.267208,2.81052877473262,561.0,0.08,21.2,aggregate,training,spot,,2026-04-12 07:15:07.126229,2026-04-12
1.99,3.39,4.775,4.149201913242847,1363.0,0.08,21.2,aggregate,training,all,,2026-04-12 07:15:07.126229,2026-04-12
0.47285,1.606495,3.5895,inf,706.0,0.034505,inf,provider,neocloud,on-demand,,2026-04-12 07:15:07.126229,2026-04-12
,3.2947283540777703,,,,,,metric,training_inference_ratio,on-demand,,2026-04-12 07:15:07.126229,2026-04-12
2.9,2.9,2.9,2.9,4.0,2.9,2.9,gpu_provider,B200,spot,nebius,2026-04-12 07:15:07.126229,2026-04-12
1.7114375,1.7115,1.711625,1.7115625,12.0,1.71125,1.712,gpu_provider,B200,spot,verda,2026-04-12 07:15:07.126229,2026-04-12
2.95,2.95,2.95,2.95,2.0,2.95,2.95,gpu_provider,H100,on-demand,nebius,2026-04-12 07:15:07.126229,2026-04-12
0.8015,0.8015,0.8015,0.8015000000000003,15.0,0.8015,0.8015,gpu_provider,H100,spot,verda,2026-04-12 07:15:07.126229,2026-04-12
2.29,2.29,2.29,2.2899999999999996,15.0,2.29,2.29,gpu_provider,H100,on-demand,verda,2026-04-12 07:15:07.126229,2026-04-12
0.925758125,1.48734,1.80385,1.445062370300752,266.0,0.08,4.1170625,gpu,A100,spot,,2026-04-12 07:15:07.126229,2026-04-12
2.5884385,3.673,4.4075,3.491509435597189,427.0,0.0934,8.1925,gpu,A100,on-demand,,2026-04-12 07:15:07.126229,2026-04-12
1.49,2.38177,4.0,2.7060045014430014,693.0,0.08,8.1925,gpu,A100,all,,2026-04-12 07:15:07.126229,2026-04-12
6.69,6.79,6.99,6.995556077127663,94.0,3.83246,11.277,gpu,B200,on-demand,,2026-04-12 07:15:07.126229,2026-04-12
4.89,6.74,6.89,6.079542797131148,122.0,1.71125,11.277,gpu,B200,all,,2026-04-12 07:15:07.126229,2026-04-12
1.45,11.129999999999999,13.78,8.237098214285714,56.0,1.1865,21.2,gpu,H200,spot,,2026-04-12 07:15:07.126229,2026-04-12
3.5,11.129999999999999,13.78,9.091392857142857,56.0,3.39,21.2,gpu,H200,on-demand,,2026-04-12 07:15:07.126229,2026-04-12
3.39,11.129999999999999,13.78,8.664245535714286,112.0,1.1865,21.2,gpu,H200,all,,2026-04-12 07:15:07.126229,2026-04-12
2.49982075,3.16626,3.873696,3.0659744176540284,211.0,0.75435,10.16515,gpu,H100,spot,,2026-04-12 07:15:07.126229,2026-04-12
3.99,5.3832685,8.6,6.315914510555556,225.0,1.54781,15.830423875,gpu,H100,on-demand,,2026-04-12 07:15:07.126229,2026-04-12
2.99,3.873696,5.442394,4.743122401376147,436.0,0.75435,15.830423875,gpu,H100,all,,2026-04-12 07:15:07.126229,2026-04-12
5.5,5.5,5.5,5.5,4.0,5.5,5.5,gpu_provider,B200,on-demand,nebius,2026-04-12 07:15:07.126229,2026-04-12
1.25,1.25,1.25,1.25,2.0,1.25,1.25,gpu_provider,H100,spot,nebius,2026-04-12 07:15:07.126229,2026-04-12
5.596119875,10.97905825,12.51612875,9.19199803230337,89.0,5.3832685,15.830423875,gpu_provider,H100,on-demand,gcp,2026-04-12 07:15:07.126229,2026-04-12
1.7115,2.9,4.0758,3.004355357142857,28.0,1.71125,7.25,gpu,B200,spot,,2026-04-12 07:15:07.126229,2026-04-12
2.99,2.99,2.99,3.06475,8.0,2.99,3.588,gpu_provider,H100,on-demand,runpod,2026-04-12 07:15:07.126229,2026-04-12
4.89,4.89,4.89,4.89,12.0,4.89,4.89,gpu_provider,B200,on-demand,verda,2026-04-12 07:15:07.126229,2026-04-12
3.0061825,3.420464,3.873696,3.3381915983231707,164.0,1.345202,4.601500625,gpu_provider,H100,spot,gcp,2026-04-12 07:15:07.126229,2026-04-12
12.561,13.25,13.835,13.62283870967742,31.0,10.6,21.2,gpu_provider,H200,spot,azure,2026-04-12 07:15:07.126229,2026-04-12
12.561,13.25,13.835,13.62283870967742,31.0,10.6,21.2,gpu_provider,H200,on-demand,azure,2026-04-12 07:15:07.126229,2026-04-12
2.29,2.29,2.29,2.2899999999999996,7.0,2.29,2.29,gpu_provider,H200,spot,runpod,2026-04-12 07:15:07.126229,2026-04-12
3.59,3.59,3.59,3.59,7.0,3.59,3.59,gpu_provider,H200,on-demand,runpod,2026-04-12 07:15:07.126229,2026-04-12
3.5,3.5,3.5,3.5,6.0,3.5,3.5,gpu_provider,H200,on-demand,nebius,2026-04-12 07:15:07.126229,2026-04-12
1.1865,1.1865,1.186625,1.1866250000000003,12.0,1.1865,1.187,gpu_provider,H200,spot,verda,2026-04-12 07:15:07.126229,2026-04-12
1.45,1.45,1.45,1.45,6.0,1.45,1.45,gpu_provider,H200,spot,nebius,2026-04-12 07:15:07.126229,2026-04-12
1.466665,1.4666675,1.46667,1.3866685,5.0,1.06667,1.46667,gpu_provider,H100,spot,vastai,2026-04-12 07:15:07.126229,2026-04-12
1.572985,1.572985,1.57299,1.6676680000000002,5.0,1.54781,2.07157,gpu_provider,H100,on-demand,vastai,2026-04-12 07:15:07.126229,2026-04-12
3.99,4.09,4.19,3.97,80.0,3.29,4.29,gpu_provider,H100,on-demand,lambdalabs,2026-04-12 07:15:07.126229,2026-04-12
2.653,2.653,2.653,2.653,1.0,2.653,2.653,gpu_provider,H100,on-demand,cudo,2026-04-12 07:15:07.126229,2026-04-12
1.984771875,2.3797375,5.190875,3.6528520833333338,18.0,0.75435,10.16515,gpu_provider,H100,spot,aws,2026-04-12 07:15:07.126229,2026-04-12
6.88,8.256,8.944,8.385344,25.0,6.88,11.5584,gpu_provider,H100,on-demand,aws,2026-04-12 07:15:07.126229,2026-04-12
1.75,1.75,1.75,1.75,7.0,1.75,1.75,gpu_provider,H100,spot,runpod,2026-04-12 07:15:07.126229,2026-04-12
3.39,3.39,3.39,3.39,12.0,3.39,3.39,gpu_provider,H200,on-demand,verda,2026-04-12 07:15:07.126229,2026-04-12
1.99,1.99,2.79,2.2566666666666664,48.0,1.99,2.79,gpu_provider,A100,on-demand,lambdalabs,2026-04-13 08:05:16.505254,2026-04-13
4.4075,4.775,5.14225,4.894703663793103,116.0,3.399625,8.1925,gpu_provider,A100,on-demand,azure,2026-04-13 08:05:16.505254,2026-04-13
1.60913,1.80385,2.00612,1.8950095803571432,112.0,1.40574,2.80172225,gpu_provider,A100,spot,gcp,2026-04-13 08:05:16.505254,2026-04-13
2.49227125,3.6792675,4.04959090625,3.4898916517857144,112.0,2.16346,5.7077325,gpu_provider,A100,on-demand,gcp,2026-04-13 08:05:16.505254,2026-04-13
0.95,0.95,0.95,0.95,2.0,0.95,0.95,gpu_provider,A100,spot,runpod,2026-04-13 08:05:16.505254,2026-04-13
1.245,1.49,1.49,1.3266666666666669,3.0,1.0,1.49,gpu_provider,A100,on-demand,runpod,2026-04-13 08:05:16.505254,2026-04-13
0.88242,0.9737775,1.331265,1.1541553863636365,110.0,0.67877,2.38177,gpu_provider,A100,spot,azure,2026-04-13 08:05:16.505254,2026-04-13
0.08,0.08,0.08,0.08,1.0,0.08,0.08,gpu_provider,A100,spot,vastai,2026-04-13 08:05:16.505254,2026-04-13
11.277,11.277,11.277,11.277,11.0,11.277,11.277,gpu_provider,B200,on-demand,gcp,2026-04-13 08:05:16.505254,2026-04-13
0.2524,0.4515,0.4515,0.3851291666666667,18.0,0.252375,0.4515,gpu_provider,A100,spot,verda,2026-04-13 08:05:16.505254,2026-04-13
0.721125,1.29,1.29,1.1003708333333333,18.0,0.7211,1.29,gpu_provider,A100,on-demand,verda,2026-04-13 08:05:16.505254,2026-04-13
0.154,0.2945,0.616,0.6530357142857142,14.0,0.123,2.3975,gpu_provider,A100,on-demand,vultr,2026-04-13 08:05:16.505254,2026-04-13
3.025,3.05,3.0875,3.0583333333333336,3.0,3.0,3.125,gpu_provider,B200,spot,vastai,2026-04-13 08:05:16.505254,2026-04-13
3.89335,3.9413,5.682290625,5.06999375,3.0,3.8454,7.42328125,gpu_provider,B200,on-demand,vastai,2026-04-13 08:05:16.505254,2026-04-13
4.0758,4.0758,4.4834,4.2981333333333325,9.0,4.0758,4.891,gpu_provider,B200,spot,gcp,2026-04-13 08:05:16.505254,2026-04-13
2.0047,2.0047,2.0047,2.0047,1.0,2.0047,2.0047,gpu_provider,A100,on-demand,cudo,2026-04-13 08:05:16.505254,2026-04-13
0.09338,0.09338,0.09338,0.09338,1.0,0.09338,0.09338,gpu_provider,A100,on-demand,vastai,2026-04-13 08:05:16.505254,2026-04-13
1.1836250000000001,1.4468375,1.9495031250000001,1.7611375,18.0,0.352525,4.1170625,gpu_provider,A100,spot,aws,2026-04-13 08:05:16.505254,2026-04-13
,2.112280701754386,,,,,,metric,hyperscaler_premium_h100,on-demand,,2026-04-13 08:05:16.505254,2026-04-13
1.99,3.420464,4.89,4.182440862062547,1343.0,0.08,21.2,aggregate,training,all,,2026-04-13 08:05:16.505254,2026-04-13
6.765000000000001,6.84,6.915,6.84,64.0,6.69,6.99,gpu_provider,B200,on-demand,lambdalabs,2026-04-13 08:05:16.505254,2026-04-13
,3.99,,,,,,metric,neocloud_median_h100,on-demand,,2026-04-13 08:05:16.505254,2026-04-13
,8.428,,,,,,metric,hyperscaler_median_h100,on-demand,,2026-04-13 08:05:16.505254,2026-04-13
2.99,3.99,4.19,3.575516605504588,109.0,1.5701,4.29,provider_h100,neocloud,on-demand,,2026-04-13 08:05:16.505254,2026-04-13
5.7193375,8.428,11.985552625,9.015100218201756,114.0,5.3832685,15.830423875,provider_h100,hyperscaler,on-demand,,2026-04-13 08:05:16.505254,2026-04-13
,1.0843443786982248,,,,,,metric,hyperscaler_premium_all,on-demand,,2026-04-13 08:05:16.505254,2026-04-13
,1.69,,,,,,metric,neocloud_median_all,on-demand,,2026-04-13 08:05:16.505254,2026-04-13
3.05,3.525,4.0,3.525,88.0,3.05,4.0,gpu_provider,A100,on-demand,oci,2026-04-13 08:05:16.505254,2026-04-13
,1.832542,,,,,,metric,hyperscaler_median_all,on-demand,,2026-04-13 08:05:16.505254,2026-04-13
1.109996,1.832542,3.5,2.833293021154324,4024.0,0.343,25.92,provider,hyperscaler,on-demand,,2026-04-13 08:05:16.505254,2026-04-13
,3.2947283540777703,,,,,,metric,training_inference_ratio,on-demand,,2026-04-13 08:05:16.505254,2026-04-13
0.265132,0.39908,0.5276730000000001,0.5394047342682927,2050.0,0.0684,9.1089,aggregate,inference,spot,,2026-04-13 08:05:16.505254,2026-04-13
0.87925,1.241377,1.788045,1.6518044778346122,2346.0,0.343,10.98917,aggregate,inference,on-demand,,2026-04-13 08:05:16.505254,2026-04-13
0.402525,0.70128,1.3348131250000002,1.1330557348157417,4396.0,0.0684,10.98917,aggregate,inference,all,,2026-04-13 08:05:16.505254,2026-04-13
1.331265,1.804978,3.267208,2.828724501134301,551.0,0.08,21.2,aggregate,training,spot,,2026-04-13 08:05:16.505254,2026-04-13
3.05,4.09,5.762968625,5.124230906092172,792.0,0.09338,21.2,aggregate,training,on-demand,,2026-04-13 08:05:16.505254,2026-04-13
0.471,1.69,3.88635,inf,670.0,0.03168,inf,provider,neocloud,on-demand,,2026-04-13 08:05:16.505254,2026-04-13
2.9,2.9,2.9,2.9,4.0,2.9,2.9,gpu_provider,B200,spot,nebius,2026-04-13 08:05:16.505254,2026-04-13
3.1564675,3.43088125,3.801285,3.5327744761904762,21.0,2.744705,4.7027875,gpu_provider,A100,on-demand,aws,2026-04-13 08:05:16.505254,2026-04-13
1.7114375,1.7115,1.711625,1.7115625,12.0,1.71125,1.712,gpu_provider,B200,spot,verda,2026-04-13 08:05:16.505254,2026-04-13
5.596119875,10.97905825,12.51612875,9.19199803230337,89.0,5.3832685,15.830423875,gpu_provider,H100,on-demand,gcp,2026-04-13 08:05:16.505254,2026-04-13
1.25,1.25,1.25,1.25,2.0,1.25,1.25,gpu_provider,H100,spot,nebius,2026-04-13 08:05:16.505254,2026-04-13
2.95,2.95,2.95,2.95,2.0,2.95,2.95,gpu_provider,H100,on-demand,nebius,2026-04-13 08:05:16.505254,2026-04-13
0.8015,0.8015,0.8015,0.8015000000000003,15.0,0.8015,0.8015,gpu_provider,H100,spot,verda,2026-04-13 08:05:16.505254,2026-04-13
2.29,2.29,2.29,2.2899999999999996,15.0,2.29,2.29,gpu_provider,H100,on-demand,verda,2026-04-13 08:05:16.505254,2026-04-13
0.95,1.5229825,1.80385,1.4552144272030652,261.0,0.08,4.1170625,gpu,A100,spot,,2026-04-13 08:05:16.505254,2026-04-13
2.58843875,3.6761334999999997,4.4075,3.5222488364928908,422.0,0.09338,8.1925,gpu,A100,on-demand,,2026-04-13 08:05:16.505254,2026-04-13
1.57366,2.526725,4.0,2.732357210102489,683.0,0.08,8.1925,gpu,A100,all,,2026-04-13 08:05:16.505254,2026-04-13
1.7115,2.9,4.0758,2.8570339285714286,28.0,1.71125,4.891,gpu,B200,spot,,2026-04-13 08:05:16.505254,2026-04-13
6.69,6.79,6.99,6.996776396276599,94.0,3.8454,11.277,gpu,B200,on-demand,,2026-04-13 08:05:16.505254,2026-04-13
4.89,6.69,6.89,6.046671567622952,122.0,1.71125,11.277,gpu,B200,all,,2026-04-13 08:05:16.505254,2026-04-13
1.45,11.66,13.78,8.568011273584906,53.0,1.1865,21.2,gpu,H200,spot,,2026-04-13 08:05:16.505254,2026-04-13
3.5,11.66,13.78,9.37456891509434,53.0,2.0941525,21.2,gpu,H200,on-demand,,2026-04-13 08:05:16.505254,2026-04-13
3.39,11.66,13.78,8.971290094339624,106.0,1.1865,21.2,gpu,H200,all,,2026-04-13 08:05:16.505254,2026-04-13
2.672515125,3.199753125,3.873696,3.0847592685406697,209.0,0.718275,10.1631,gpu,H100,spot,,2026-04-13 08:05:16.505254,2026-04-13
3.99,5.3832685,8.6,6.356290290919284,223.0,1.5701,15.830423875,gpu,H100,on-demand,,2026-04-13 08:05:16.505254,2026-04-13
3.0098255,3.873696,5.442394,4.773535699074074,432.0,0.718275,15.830423875,gpu,H100,all,,2026-04-13 08:05:16.505254,2026-04-13
3.0061825,3.420464,3.873696,3.3381915983231707,164.0,1.345202,4.601500625,gpu_provider,H100,spot,gcp,2026-04-13 08:05:16.505254,2026-04-13
2.99,2.99,2.99,3.06475,8.0,2.99,3.588,gpu_provider,H100,on-demand,runpod,2026-04-13 08:05:16.505254,2026-04-13
5.5,5.5,5.5,5.5,4.0,5.5,5.5,gpu_provider,B200,on-demand,nebius,2026-04-13 08:05:16.505254,2026-04-13
1.75,1.75,1.75,1.75,7.0,1.75,1.75,gpu_provider,H100,spot,runpod,2026-04-13 08:05:16.505254,2026-04-13
12.561,13.25,13.835,13.62283870967742,31.0,10.6,21.2,gpu_provider,H200,spot,azure,2026-04-13 08:05:16.505254,2026-04-13
12.561,13.25,13.835,13.62283870967742,31.0,10.6,21.2,gpu_provider,H200,on-demand,azure,2026-04-13 08:05:16.505254,2026-04-13
1.9870975,1.9870975,1.9870975,1.9870975,1.0,1.9870975,1.9870975,gpu_provider,H200,spot,vastai,2026-04-13 08:05:16.505254,2026-04-13
2.0941525,2.0941525,2.0941525,2.0941525,1.0,2.0941525,2.0941525,gpu_provider,H200,on-demand,vastai,2026-04-13 08:05:16.505254,2026-04-13
2.29,2.29,2.29,2.29,3.0,2.29,2.29,gpu_provider,H200,spot,runpod,2026-04-13 08:05:16.505254,2026-04-13
3.59,3.59,3.59,3.59,3.0,3.59,3.59,gpu_provider,H200,on-demand,runpod,2026-04-13 08:05:16.505254,2026-04-13
1.45,1.45,1.45,1.45,6.0,1.45,1.45,gpu_provider,H200,spot,nebius,2026-04-13 08:05:16.505254,2026-04-13
3.5,3.5,3.5,3.5,6.0,3.5,3.5,gpu_provider,H200,on-demand,nebius,2026-04-13 08:05:16.505254,2026-04-13
4.89,4.89,4.89,4.89,12.0,4.89,4.89,gpu_provider,B200,on-demand,verda,2026-04-13 08:05:16.505254,2026-04-13
3.39,3.39,3.39,3.39,12.0,3.39,3.39,gpu_provider,H200,on-demand,verda,2026-04-13 08:05:16.505254,2026-04-13
1.46666625,1.4666675,1.46666875,1.4666675,3.0,1.466665,1.46667,gpu_provider,H100,spot,vastai,2026-04-13 08:05:16.505254,2026-04-13
1.5701025,1.570105,1.570105,1.5701033333333332,3.0,1.5701,1.570105,gpu_provider,H100,on-demand,vastai,2026-04-13 08:05:16.505254,2026-04-13
3.99,4.09,4.19,3.97,80.0,3.29,4.29,gpu_provider,H100,on-demand,lambdalabs,2026-04-13 08:05:16.505254,2026-04-13
2.653,2.653,2.653,2.653,1.0,2.653,2.653,gpu_provider,H100,on-demand,cudo,2026-04-13 08:05:16.505254,2026-04-13
2.05004375,2.334075,4.9528,3.6710423611111116,18.0,0.718275,10.1631,gpu_provider,H100,spot,aws,2026-04-13 08:05:16.505254,2026-04-13
6.88,8.256,8.944,8.385344,25.0,6.88,11.5584,gpu_provider,H100,on-demand,aws,2026-04-13 08:05:16.505254,2026-04-13
1.1865,1.1865,1.186625,1.1866250000000003,12.0,1.1865,1.187,gpu_provider,H200,spot,verda,2026-04-13 08:05:16.505254,2026-04-13
2.0047,2.0047,2.0047,2.0047,1.0,2.0047,2.0047,gpu_provider,A100,on-demand,cudo,2026-04-14 07:47:36.625093,2026-04-14
1.99,1.99,2.79,2.2566666666666664,48.0,1.99,2.79,gpu_provider,A100,on-demand,lambdalabs,2026-04-14 07:47:36.625093,2026-04-14
1.689625,1.80385,1.905725,1.8976193392857144,112.0,1.40574,2.87299225,gpu_provider,A100,spot,gcp,2026-04-14 07:47:36.625093,2026-04-14
2.49227125,3.6792675,4.04959090625,3.4898916517857144,112.0,2.16346,5.7077325,gpu_provider,A100,on-demand,gcp,2026-04-14 07:47:36.625093,2026-04-14
0.95,0.95,0.95,0.95,2.0,0.95,0.95,gpu_provider,A100,spot,runpod,2026-04-14 07:47:36.625093,2026-04-14
1.245,1.49,1.49,1.3266666666666669,3.0,1.0,1.49,gpu_provider,A100,on-demand,runpod,2026-04-14 07:47:36.625093,2026-04-14
0.88242,0.9737775,1.331265,1.1541553863636365,110.0,0.67877,2.38177,gpu_provider,A100,spot,azure,2026-04-14 07:47:36.625093,2026-04-14
0.09338,0.09338,0.09338,0.09338,2.0,0.09338,0.09338,gpu_provider,A100,on-demand,vastai,2026-04-14 07:47:36.625093,2026-04-14
0.721125,1.29,1.29,1.1003708333333333,18.0,0.7211,1.29,gpu_provider,A100,on-demand,verda,2026-04-14 07:47:36.625093,2026-04-14
0.08,0.08,0.08,0.08,2.0,0.08,0.08,gpu_provider,A100,spot,vastai,2026-04-14 07:47:36.625093,2026-04-14
0.123,0.247,0.41050000000000003,0.31375000000000003,12.0,0.123,0.616,gpu_provider,A100,on-demand,vultr,2026-04-14 07:47:36.625093,2026-04-14
3.05,3.05,3.1624999999999996,3.1624999999999996,4.0,3.05,3.5,gpu_provider,B200,spot,vastai,2026-04-14 07:47:36.625093,2026-04-14
3.8277575,3.83076,4.8538903125,4.8508878125,4.0,3.81875,7.92328125,gpu_provider,B200,on-demand,vastai,2026-04-14 07:47:36.625093,2026-04-14
4.0758,4.0758,4.4834,4.2981333333333325,9.0,4.0758,4.891,gpu_provider,B200,spot,gcp,2026-04-14 07:47:36.625093,2026-04-14
3.1564675,3.43088125,3.801285,3.5327744761904762,21.0,2.744705,4.7027875,gpu_provider,A100,on-demand,aws,2026-04-14 07:47:36.625093,2026-04-14
4.4075,4.775,5.14225,4.894703663793103,116.0,3.399625,8.1925,gpu_provider,A100,on-demand,azure,2026-04-14 07:47:36.625093,2026-04-14
1.14596875,1.44955,2.057665625,1.7532944444444445,18.0,0.33935,4.1170625,gpu_provider,A100,spot,aws,2026-04-14 07:47:36.625093,2026-04-14
1.109996,1.832542,3.5,2.8315148583436724,4030.0,0.343,25.92,provider,hyperscaler,on-demand,,2026-04-14 07:47:36.625093,2026-04-14
1.963,3.43051,4.775,4.17764120707443,1357.0,0.08,21.2,aggregate,training,all,,2026-04-14 07:47:36.625093,2026-04-14
,2.112280701754386,,,,,,metric,hyperscaler_premium_h100,on-demand,,2026-04-14 07:47:36.625093,2026-04-14
,3.99,,,,,,metric,neocloud_median_h100,on-demand,,2026-04-14 07:47:36.625093,2026-04-14
,8.428,,,,,,metric,hyperscaler_median_h100,on-demand,,2026-04-14 07:47:36.625093,2026-04-14
2.99,3.99,4.19,3.5390311383928577,112.0,1.56663,4.29,provider_h100,neocloud,on-demand,,2026-04-14 07:47:36.625093,2026-04-14
5.7193375,8.428,11.985552625,9.015100218201756,114.0,5.3832685,15.830423875,provider_h100,hyperscaler,on-demand,,2026-04-14 07:47:36.625093,2026-04-14
,1.0843443786982248,,,,,,metric,hyperscaler_premium_all,on-demand,,2026-04-14 07:47:36.625093,2026-04-14
,1.69,,,,,,metric,neocloud_median_all,on-demand,,2026-04-14 07:47:36.625093,2026-04-14
3.05,3.525,4.0,3.525,88.0,3.05,4.0,gpu_provider,A100,on-demand,oci,2026-04-14 07:47:36.625093,2026-04-14
,1.832542,,,,,,metric,hyperscaler_median_all,on-demand,,2026-04-14 07:47:36.625093,2026-04-14
11.277,11.277,11.277,11.277,11.0,11.277,11.277,gpu_provider,B200,on-demand,gcp,2026-04-14 07:47:36.625093,2026-04-14
,3.2937280653011785,,,,,,metric,training_inference_ratio,on-demand,,2026-04-14 07:47:36.625093,2026-04-14
0.269188,0.39948,0.544848,0.5457821736957582,2051.0,0.0684,9.1089,aggregate,inference,spot,,2026-04-14 07:47:36.625093,2026-04-14
0.88,1.241754,1.7971504999999999,1.653186631870473,2347.0,0.343,10.98917,aggregate,inference,on-demand,,2026-04-14 07:47:36.625093,2026-04-14
0.4119560625,0.706352,1.335604375,1.136750400920873,4398.0,0.0684,10.98917,aggregate,inference,all,,2026-04-14 07:47:36.625093,2026-04-14
1.30695,1.804978,3.3416574375000003,2.8494682743738817,559.0,0.08,21.2,aggregate,training,spot,,2026-04-14 07:47:36.625093,2026-04-14
3.05,4.09,5.7609138125,5.108028010808271,798.0,0.09338,21.2,aggregate,training,on-demand,,2026-04-14 07:47:36.625093,2026-04-14
0.471,1.69,3.9,inf,664.0,0.02862,inf,provider,neocloud,on-demand,,2026-04-14 07:47:36.625093,2026-04-14
6.765000000000001,6.84,6.915,6.84,64.0,6.69,6.99,gpu_provider,B200,on-demand,lambdalabs,2026-04-14 07:47:36.625093,2026-04-14
0.2524,0.4515,0.4515,0.3851291666666667,18.0,0.252375,0.4515,gpu_provider,A100,spot,verda,2026-04-14 07:47:36.625093,2026-04-14
3.124248,4.067322,5.43943775,4.776607635273973,438.0,0.711725,15.830423875,gpu,H100,all,,2026-04-14 07:47:36.625093,2026-04-14
1.25,1.25,1.25,1.25,2.0,1.25,1.25,gpu_provider,H100,spot,nebius,2026-04-14 07:47:36.625093,2026-04-14
2.95,2.95,2.95,2.95,2.0,2.95,2.95,gpu_provider,H100,on-demand,nebius,2026-04-14 07:47:36.625093,2026-04-14
0.8015,0.8015,0.8015,0.8015000000000003,15.0,0.8015,0.8015,gpu_provider,H100,spot,verda,2026-04-14 07:47:36.625093,2026-04-14
2.29,2.29,2.29,2.2899999999999996,15.0,2.29,2.29,gpu_provider,H100,on-demand,verda,2026-04-14 07:47:36.625093,2026-04-14
0.95,1.5229825,1.80385,1.4505423034351144,262.0,0.08,4.1170625,gpu,A100,spot,,2026-04-14 07:47:36.625093,2026-04-14
2.58843875,3.679267,4.4075,3.51806386935867,421.0,0.09338,8.1925,gpu,A100,on-demand,,2026-04-14 07:47:36.625093,2026-04-14
1.54961625,2.527393,4.0,2.7249589641288434,683.0,0.08,8.1925,gpu,A100,all,,2026-04-14 07:47:36.625093,2026-04-14
5.596119875,10.97905825,12.51612875,9.19199803230337,89.0,5.3832685,15.830423875,gpu_provider,H100,on-demand,gcp,2026-04-14 07:47:36.625093,2026-04-14
1.7115,2.9,4.0758,2.878343103448276,29.0,1.71125,4.891,gpu,B200,spot,,2026-04-14 07:47:36.625093,2026-04-14
4.788349999999999,6.69,6.89,6.010987913306453,124.0,1.71125,11.277,gpu,B200,all,,2026-04-14 07:47:36.625093,2026-04-14
1.45,11.129999999999999,13.78,8.237098214285714,56.0,1.1865,21.2,gpu,H200,spot,,2026-04-14 07:47:36.625093,2026-04-14
3.5,11.129999999999999,13.78,9.091392857142857,56.0,3.39,21.2,gpu,H200,on-demand,,2026-04-14 07:47:36.625093,2026-04-14
3.39,11.129999999999999,13.78,8.664245535714286,112.0,1.1865,21.2,gpu,H200,all,,2026-04-14 07:47:36.625093,2026-04-14
2.35606490625,3.263564,4.067322,3.1512322258254715,212.0,0.711725,10.1592,gpu,H100,spot,,2026-04-14 07:47:36.625093,2026-04-14
3.99,5.3832685,8.514,6.301296072455753,226.0,1.56663,15.830423875,gpu,H100,on-demand,,2026-04-14 07:47:36.625093,2026-04-14
2.9,2.9,2.9,2.9,4.0,2.9,2.9,gpu_provider,B200,spot,nebius,2026-04-14 07:47:36.625093,2026-04-14
6.69,6.79,6.99,6.967268960526319,95.0,3.81875,11.277,gpu,B200,on-demand,,2026-04-14 07:47:36.625093,2026-04-14
3.15506990625,3.43051,4.067322,3.455081749237805,164.0,1.288002,4.405626375,gpu_provider,H100,spot,gcp,2026-04-14 07:47:36.625093,2026-04-14
5.5,5.5,5.5,5.5,4.0,5.5,5.5,gpu_provider,B200,on-demand,nebius,2026-04-14 07:47:36.625093,2026-04-14
1.75,1.75,1.75,1.75,8.0,1.75,1.75,gpu_provider,H100,spot,runpod,2026-04-14 07:47:36.625093,2026-04-14
2.99,2.99,2.99,3.0564444444444447,9.0,2.99,3.588,gpu_provider,H100,on-demand,runpod,2026-04-14 07:47:36.625093,2026-04-14
4.89,4.89,4.89,4.89,12.0,4.89,4.89,gpu_provider,B200,on-demand,verda,2026-04-14 07:47:36.625093,2026-04-14
12.561,13.25,13.835,13.62283870967742,31.0,10.6,21.2,gpu_provider,H200,spot,azure,2026-04-14 07:47:36.625093,2026-04-14
12.561,13.25,13.835,13.62283870967742,31.0,10.6,21.2,gpu_provider,H200,on-demand,azure,2026-04-14 07:47:36.625093,2026-04-14
2.29,2.29,2.29,2.2899999999999996,7.0,2.29,2.29,gpu_provider,H200,spot,runpod,2026-04-14 07:47:36.625093,2026-04-14
3.59,3.59,3.59,3.59,7.0,3.59,3.59,gpu_provider,H200,on-demand,runpod,2026-04-14 07:47:36.625093,2026-04-14
1.45,1.45,1.45,1.45,6.0,1.45,1.45,gpu_provider,H200,spot,nebius,2026-04-14 07:47:36.625093,2026-04-14
3.5,3.5,3.5,3.5,6.0,3.5,3.5,gpu_provider,H200,on-demand,nebius,2026-04-14 07:47:36.625093,2026-04-14
1.7114375,1.7115,1.711625,1.7115625,12.0,1.71125,1.712,gpu_provider,B200,spot,verda,2026-04-14 07:47:36.625093,2026-04-14
1.1865,1.1865,1.186625,1.1866250000000003,12.0,1.1865,1.187,gpu_provider,H200,spot,verda,2026-04-14 07:47:36.625093,2026-04-14
3.39,3.39,3.39,3.39,12.0,3.39,3.39,gpu_provider,H200,on-demand,verda,2026-04-14 07:47:36.625093,2026-04-14
1.466665,1.466665,1.4666675,1.3866675000000002,5.0,1.06667,1.46667,gpu_provider,H100,spot,vastai,2026-04-14 07:47:36.625093,2026-04-14
1.56663,1.5666325,1.589325,1.6720975,5.0,1.56663,2.07127,gpu_provider,H100,on-demand,vastai,2026-04-14 07:47:36.625093,2026-04-14
3.99,4.09,4.19,3.97,80.0,3.29,4.29,gpu_provider,H100,on-demand,lambdalabs,2026-04-14 07:47:36.625093,2026-04-14
2.653,2.653,2.653,2.653,1.0,2.653,2.653,gpu_provider,H100,on-demand,cudo,2026-04-14 07:47:36.625093,2026-04-14
1.97300625,2.3373875,4.82225,3.6651104166666673,18.0,0.711725,10.1592,gpu_provider,H100,spot,aws,2026-04-14 07:47:36.625093,2026-04-14
6.88,8.256,8.944,8.385344,25.0,6.88,11.5584,gpu_provider,H100,on-demand,aws,2026-04-14 07:47:36.625093,2026-04-14
1.99,1.99,2.79,2.2566666666666664,48.0,1.99,2.79,gpu_provider,A100,on-demand,lambdalabs,2026-04-15 07:47:29.352220,2026-04-15
1.689625,1.80385,1.905725,1.8976193392857144,112.0,1.40574,2.87299225,gpu_provider,A100,spot,gcp,2026-04-15 07:47:29.352220,2026-04-15
2.49227125,3.6792675,4.04959090625,3.4898916517857144,112.0,2.16346,5.7077325,gpu_provider,A100,on-demand,gcp,2026-04-15 07:47:29.352220,2026-04-15
0.87,0.95,0.95,0.8966666666666666,3.0,0.79,0.95,gpu_provider,A100,spot,runpod,2026-04-15 07:47:29.352220,2026-04-15
1.39,1.49,1.49,1.4316,5.0,1.0,1.788,gpu_provider,A100,on-demand,runpod,2026-04-15 07:47:29.352220,2026-04-15
0.88242,0.9737775,1.331265,1.1541553863636365,110.0,0.67877,2.38177,gpu_provider,A100,spot,azure,2026-04-15 07:47:29.352220,2026-04-15
4.4075,4.775,5.14225,4.894703663793103,116.0,3.399625,8.1925,gpu_provider,A100,on-demand,azure,2026-04-15 07:47:29.352220,2026-04-15
0.2524,0.4515,0.4515,0.3851291666666667,18.0,0.252375,0.4515,gpu_provider,A100,spot,verda,2026-04-15 07:47:29.352220,2026-04-15
0.09338,0.09338,0.394815,0.2943366666666667,3.0,0.09338,0.69625,gpu_provider,A100,on-demand,vastai,2026-04-15 07:47:29.352220,2026-04-15
4.0758,4.0758,4.4834,4.2981333333333325,9.0,4.0758,4.891,gpu_provider,B200,spot,gcp,2026-04-15 07:47:29.352220,2026-04-15
0.721125,1.29,1.29,1.1003708333333333,18.0,0.7211,1.29,gpu_provider,A100,on-demand,verda,2026-04-15 07:47:29.352220,2026-04-15
0.123,0.247,0.342,0.3159230769230769,13.0,0.123,0.616,gpu_provider,A100,on-demand,vultr,2026-04-15 07:47:29.352220,2026-04-15
3.05,3.05,3.05,3.0500000000000003,7.0,3.0,3.1,gpu_provider,B200,spot,vastai,2026-04-15 07:47:29.352220,2026-04-15
3.84638125,3.846385,3.880245,4.363409821428571,7.0,3.82095,7.42328125,gpu_provider,B200,on-demand,vastai,2026-04-15 07:47:29.352220,2026-04-15
2.0047,2.0047,2.0047,2.0047,1.0,2.0047,2.0047,gpu_provider,A100,on-demand,cudo,2026-04-15 07:47:29.352220,2026-04-15
0.08,0.08,0.153335,0.12889,3.0,0.08,0.22667,gpu_provider,A100,spot,vastai,2026-04-15 07:47:29.352220,2026-04-15
3.1564675,3.43088125,3.801285,3.5327744761904762,21.0,2.744705,4.7027875,gpu_provider,A100,on-demand,aws,2026-04-15 07:47:29.352220,2026-04-15
,3.2937280653011785,,,,,,metric,training_inference_ratio,on-demand,,2026-04-15 07:47:29.352220,2026-04-15
3.05,3.525,4.0,3.525,88.0,3.05,4.0,gpu_provider,A100,on-demand,oci,2026-04-15 07:47:29.352220,2026-04-15
,2.112280701754386,,,,,,metric,hyperscaler_premium_h100,on-demand,,2026-04-15 07:47:29.352220,2026-04-15
,3.99,,,,,,metric,neocloud_median_h100,on-demand,,2026-04-15 07:47:29.352220,2026-04-15
,8.428,,,,,,metric,hyperscaler_median_h100,on-demand,,2026-04-15 07:47:29.352220,2026-04-15
2.99,3.99,4.19,3.5744434545454555,110.0,1.5525,4.29,provider_h100,neocloud,on-demand,,2026-04-15 07:47:29.352220,2026-04-15
5.7193375,8.428,11.985552625,9.015100218201756,114.0,5.3832685,15.830423875,provider_h100,hyperscaler,on-demand,,2026-04-15 07:47:29.352220,2026-04-15
,1.0368575308362566,,,,,,metric,hyperscaler_premium_all,on-demand,,2026-04-15 07:47:29.352220,2026-04-15
,1.7673999999999999,,,,,,metric,neocloud_median_all,on-demand,,2026-04-15 07:47:29.352220,2026-04-15
1.13083125,1.45665,2.164771875,1.7490055555555555,18.0,0.353825,4.1170625,gpu_provider,A100,spot,aws,2026-04-15 07:47:29.352220,2026-04-15
,1.832542,,,,,,metric,hyperscaler_median_all,on-demand,,2026-04-15 07:47:29.352220,2026-04-15
1.109996,1.832542,3.5,2.8315148583436724,4030.0,0.343,25.92,provider,hyperscaler,on-demand,,2026-04-15 07:47:29.352220,2026-04-15
0.269216,0.39948,0.5452675,0.5456337070941004,2051.0,0.0684,9.1089,aggregate,inference,spot,,2026-04-15 07:47:29.352220,2026-04-15
0.88,1.241754,1.7971504999999999,1.653092349808266,2347.0,0.343,10.98917,aggregate,inference,on-demand,,2026-04-15 07:47:29.352220,2026-04-15
0.4121875,0.706592,1.3344175,1.1366308499886313,4398.0,0.0684,10.98917,aggregate,inference,all,,2026-04-15 07:47:29.352220,2026-04-15
1.30583225,1.804978,3.2866420625,2.8449958754440496,563.0,0.08,21.2,aggregate,training,spot,,2026-04-15 07:47:29.352220,2026-04-15
3.05,4.09,5.754749375,5.08951518983209,804.0,0.09338,21.2,aggregate,training,on-demand,,2026-04-15 07:47:29.352220,2026-04-15
1.97827125,3.43051,4.775,4.165108186174105,1367.0,0.08,21.2,aggregate,training,all,,2026-04-15 07:47:29.352220,2026-04-15
0.471,1.7673999999999999,3.9,inf,668.0,0.033495,inf,provider,neocloud,on-demand,,2026-04-15 07:47:29.352220,2026-04-15
11.277,11.277,11.277,11.277,11.0,11.277,11.277,gpu_provider,B200,on-demand,gcp,2026-04-15 07:47:29.352220,2026-04-15
6.765000000000001,6.84,6.915,6.84,64.0,6.69,6.99,gpu_provider,B200,on-demand,lambdalabs,2026-04-15 07:47:29.352220,2026-04-15
5.5,5.5,5.5,5.5,4.0,5.5,5.5,gpu_provider,B200,on-demand,nebius,2026-04-15 07:47:29.352220,2026-04-15
1.25,1.25,1.25,1.25,2.0,1.25,1.25,gpu_provider,H100,spot,nebius,2026-04-15 07:47:29.352220,2026-04-15
2.95,2.95,2.95,2.95,2.0,2.95,2.95,gpu_provider,H100,on-demand,nebius,2026-04-15 07:47:29.352220,2026-04-15
0.8015,0.8015,0.8015,0.8015000000000003,15.0,0.8015,0.8015,gpu_provider,H100,spot,verda,2026-04-15 07:47:29.352220,2026-04-15
2.29,2.29,2.29,2.2899999999999996,15.0,2.29,2.29,gpu_provider,H100,on-demand,verda,2026-04-15 07:47:29.352220,2026-04-15
0.930417625,1.50516125,1.80385,1.4431119450757577,264.0,0.08,4.1170625,gpu,A100,spot,,2026-04-15 07:47:29.352220,2026-04-15
2.58843875,3.673,4.4075,3.494873268235294,425.0,0.09338,8.1925,gpu,A100,on-demand,,2026-04-15 07:47:29.352220,2026-04-15
1.5229825,2.432025,4.0,2.708712180696662,689.0,0.08,8.1925,gpu,A100,all,,2026-04-15 07:47:29.352220,2026-04-15
5.596119875,10.97905825,12.51612875,9.19199803230337,89.0,5.3832685,15.830423875,gpu_provider,H100,on-demand,gcp,2026-04-15 07:47:29.352220,2026-04-15
1.7115,2.95,4.0758,2.8803734375,32.0,1.71125,4.891,gpu,B200,spot,,2026-04-15 07:47:29.352220,2026-04-15
4.0758,6.69,6.89,5.886175528846154,130.0,1.71125,11.277,gpu,B200,all,,2026-04-15 07:47:29.352220,2026-04-15
1.45,10.6,13.78,8.132763157894736,57.0,1.1865,21.2,gpu,H200,spot,,2026-04-15 07:47:29.352220,2026-04-15
3.5,10.6,13.78,8.994877192982456,57.0,3.39,21.2,gpu,H200,on-demand,,2026-04-15 07:47:29.352220,2026-04-15
3.39,10.6,13.78,8.563820175438597,114.0,1.1865,21.2,gpu,H200,all,,2026-04-15 07:47:29.352220,2026-04-15
2.4610049375000003,3.263564,4.067322,3.1667222589285715,210.0,0.791375,10.15875,gpu,H100,spot,,2026-04-15 07:47:29.352220,2026-04-15
3.99,5.3832685,8.6,6.34334912890625,224.0,1.5525,15.830423875,gpu,H100,on-demand,,2026-04-15 07:47:29.352220,2026-04-15
3.124248,4.067322,5.442394,4.806271611175116,434.0,0.791375,15.830423875,gpu,H100,all,,2026-04-15 07:47:29.352220,2026-04-15
6.69,6.79,6.99,6.867661926020409,98.0,3.82095,11.277,gpu,B200,on-demand,,2026-04-15 07:47:29.352220,2026-04-15
3.15506990625,3.43051,4.067322,3.455081749237805,164.0,1.288002,4.405626375,gpu_provider,H100,spot,gcp,2026-04-15 07:47:29.352220,2026-04-15
2.9,2.9,2.9,2.9,4.0,2.9,2.9,gpu_provider,B200,spot,nebius,2026-04-15 07:47:29.352220,2026-04-15
1.75,1.75,1.75,1.75,8.0,1.75,1.75,gpu_provider,H100,spot,runpod,2026-04-15 07:47:29.352220,2026-04-15
2.99,2.99,2.99,3.0564444444444447,9.0,2.99,3.588,gpu_provider,H100,on-demand,runpod,2026-04-15 07:47:29.352220,2026-04-15
1.7114375,1.7115,1.711625,1.7115625,12.0,1.71125,1.712,gpu_provider,B200,spot,verda,2026-04-15 07:47:29.352220,2026-04-15
4.89,4.89,4.89,4.89,12.0,4.89,4.89,gpu_provider,B200,on-demand,verda,2026-04-15 07:47:29.352220,2026-04-15
12.561,13.25,13.835,13.62283870967742,31.0,10.6,21.2,gpu_provider,H200,spot,azure,2026-04-15 07:47:29.352220,2026-04-15
12.561,13.25,13.835,13.62283870967742,31.0,10.6,21.2,gpu_provider,H200,on-demand,azure,2026-04-15 07:47:29.352220,2026-04-15
3.59,3.59,3.59,3.59,8.0,3.59,3.59,gpu_provider,H200,on-demand,runpod,2026-04-15 07:47:29.352220,2026-04-15
1.45,1.45,1.45,1.45,6.0,1.45,1.45,gpu_provider,H200,spot,nebius,2026-04-15 07:47:29.352220,2026-04-15
3.5,3.5,3.5,3.5,6.0,3.5,3.5,gpu_provider,H200,on-demand,nebius,2026-04-15 07:47:29.352220,2026-04-15
2.29,2.29,2.29,2.29,8.0,2.29,2.29,gpu_provider,H200,spot,runpod,2026-04-15 07:47:29.352220,2026-04-15
3.39,3.39,3.39,3.39,12.0,3.39,3.39,gpu_provider,H200,on-demand,verda,2026-04-15 07:47:29.352220,2026-04-15
1.2666675,1.466665,1.4666675,1.333335,3.0,1.06667,1.46667,gpu_provider,H100,spot,vastai,2026-04-15 07:47:29.352220,2026-04-15
1.5525,1.5525,1.81264,1.7259266666666668,3.0,1.5525,2.07278,gpu_provider,H100,on-demand,vastai,2026-04-15 07:47:29.352220,2026-04-15
3.99,4.09,4.19,3.97,80.0,3.29,4.29,gpu_provider,H100,on-demand,lambdalabs,2026-04-15 07:47:29.352220,2026-04-15
2.653,2.653,2.653,2.653,1.0,2.653,2.653,gpu_provider,H100,on-demand,cudo,2026-04-15 07:47:29.352220,2026-04-15
1.990521875,2.27115,4.69975,3.658653472222222,18.0,0.791375,10.15875,gpu_provider,H100,spot,aws,2026-04-15 07:47:29.352220,2026-04-15
6.88,8.256,8.944,8.385344,25.0,6.88,11.5584,gpu_provider,H100,on-demand,aws,2026-04-15 07:47:29.352220,2026-04-15
1.1865,1.1865,1.186625,1.1866250000000003,12.0,1.1865,1.187,gpu_provider,H200,spot,verda,2026-04-15 07:47:29.352220,2026-04-15
4.4075,4.775,5.14225,4.907175223214286,112.0,3.399625,8.1925,gpu_provider,A100,on-demand,azure,2026-04-16 07:47:49.590862,2026-04-16
1.689625,1.80385,1.905725,1.8976193392857144,112.0,1.40574,2.87299225,gpu_provider,A100,spot,gcp,2026-04-16 07:47:49.590862,2026-04-16
2.49227125,3.6792675,4.04959090625,3.4898916517857144,112.0,2.16346,5.7077325,gpu_provider,A100,on-demand,gcp,2026-04-16 07:47:49.590862,2026-04-16
0.82,0.82,0.95,0.866,5.0,0.79,0.95,gpu_provider,A100,spot,runpod,2026-04-16 07:47:49.590862,2026-04-16
1.39,1.39,1.4649999999999999,1.3583333333333332,6.0,1.0,1.49,gpu_provider,A100,on-demand,runpod,2026-04-16 07:47:49.590862,2026-04-16
0.88242,0.973804,1.331265,1.156648371559633,109.0,0.67877,2.38177,gpu_provider,A100,spot,azure,2026-04-16 07:47:49.590862,2026-04-16
0.2524,0.4515,0.4515,0.3851291666666667,18.0,0.252375,0.4515,gpu_provider,A100,spot,verda,2026-04-16 07:47:49.590862,2026-04-16
6.765000000000001,6.84,6.915,6.84,64.0,6.69,6.99,gpu_provider,B200,on-demand,lambdalabs,2026-04-16 07:47:49.590862,2026-04-16
0.08,0.08,0.08,0.08,1.0,0.08,0.08,gpu_provider,A100,spot,vastai,2026-04-16 07:47:49.590862,2026-04-16
0.09342,0.09342,0.09342,0.09342,1.0,0.09342,0.09342,gpu_provider,A100,on-demand,vastai,2026-04-16 07:47:49.590862,2026-04-16
0.216,0.342,0.76175,0.759734375,16.0,0.123,2.3975,gpu_provider,A100,on-demand,vultr,2026-04-16 07:47:49.590862,2026-04-16
2.625,2.625,2.71875,2.71875,8.0,2.625,3.0,gpu_provider,B200,spot,vastai,2026-04-16 07:47:49.590862,2026-04-16
3.87807,3.88497,4.7713165625,4.76448359375,8.0,3.8596025,7.42328,gpu_provider,B200,on-demand,vastai,2026-04-16 07:47:49.590862,2026-04-16
4.0758,4.0758,4.4834,4.2981333333333325,9.0,4.0758,4.891,gpu_provider,B200,spot,gcp,2026-04-16 07:47:49.590862,2026-04-16
11.277,11.277,11.277,11.277,11.0,11.277,11.277,gpu_provider,B200,on-demand,gcp,2026-04-16 07:47:49.590862,2026-04-16
1.99,1.99,2.79,2.2566666666666664,48.0,1.99,2.79,gpu_provider,A100,on-demand,lambdalabs,2026-04-16 07:47:49.590862,2026-04-16
0.721125,1.29,1.29,1.1003708333333333,18.0,0.7211,1.29,gpu_provider,A100,on-demand,verda,2026-04-16 07:47:49.590862,2026-04-16
2.0047,2.0047,2.0047,2.0047,1.0,2.0047,2.0047,gpu_provider,A100,on-demand,cudo,2026-04-16 07:47:49.590862,2026-04-16
0.269216,0.39948,0.54566,0.546387070297271,2052.0,0.0684,9.1089,aggregate,inference,spot,,2026-04-16 07:47:49.590862,2026-04-16
1.139353125,1.45629375,2.19045625,1.7559652777777779,18.0,0.361225,4.1170625,gpu_provider,A100,spot,aws,2026-04-16 07:47:49.590862,2026-04-16
,2.112280701754386,,,,,,metric,hyperscaler_premium_h100,on-demand,,2026-04-16 07:47:49.590862,2026-04-16
2.9,2.9,2.9,2.9,4.0,2.9,2.9,gpu_provider,B200,spot,nebius,2026-04-16 07:47:49.590862,2026-04-16
,8.428,,,,,,metric,hyperscaler_median_h100,on-demand,,2026-04-16 07:47:49.590862,2026-04-16
2.99,3.99,4.19,3.588302385321102,109.0,1.55698,4.29,provider_h100,neocloud,on-demand,,2026-04-16 07:47:49.590862,2026-04-16
5.7193375,8.428,11.985552625,9.015100218201756,114.0,5.3832685,15.830423875,provider_h100,hyperscaler,on-demand,,2026-04-16 07:47:49.590862,2026-04-16
,1.0473895122509733,,,,,,metric,hyperscaler_premium_all,on-demand,,2026-04-16 07:47:49.590862,2026-04-16
,1.7468,,,,,,metric,neocloud_median_all,on-demand,,2026-04-16 07:47:49.590862,2026-04-16
,1.82958,,,,,,metric,hyperscaler_median_all,on-demand,,2026-04-16 07:47:49.590862,2026-04-16
0.471,1.7468,3.9,inf,677.0,0.033525,inf,provider,neocloud,on-demand,,2026-04-16 07:47:49.590862,2026-04-16
1.109996,1.82958,3.5,2.8293056291355727,4020.0,0.343,25.92,provider,hyperscaler,on-demand,,2026-04-16 07:47:49.590862,2026-04-16
,3.2937280653011785,,,,,,metric,training_inference_ratio,on-demand,,2026-04-16 07:47:49.590862,2026-04-16
0.88,1.241754,1.8010107499999999,1.6506431649616369,2346.0,0.343,10.98917,aggregate,inference,on-demand,,2026-04-16 07:47:49.590862,2026-04-16
0.4121875,0.706832,1.3396375,1.1354240866871306,4398.0,0.0684,10.98917,aggregate,inference,all,,2026-04-16 07:47:49.590862,2026-04-16
1.331265,1.804978,3.306226875,2.8504674561051693,561.0,0.08,21.2,aggregate,training,spot,,2026-04-16 07:47:49.590862,2026-04-16
3.05,4.09,5.762968625,5.101001925873907,801.0,0.09342,21.2,aggregate,training,on-demand,,2026-04-16 07:47:49.590862,2026-04-16
1.99,3.4179362500000003,4.775,4.174019666299559,1362.0,0.08,21.2,aggregate,training,all,,2026-04-16 07:47:49.590862,2026-04-16
3.05,3.525,4.0,3.525,88.0,3.05,4.0,gpu_provider,A100,on-demand,oci,2026-04-16 07:47:49.590862,2026-04-16
3.1564675,3.43088125,3.801285,3.5327744761904762,21.0,2.744705,4.7027875,gpu_provider,A100,on-demand,aws,2026-04-16 07:47:49.590862,2026-04-16
,3.99,,,,,,metric,neocloud_median_h100,on-demand,,2026-04-16 07:47:49.590862,2026-04-16
5.5,5.5,5.5,5.5,4.0,5.5,5.5,gpu_provider,B200,on-demand,nebius,2026-04-16 07:47:49.590862,2026-04-16
4.89,4.89,4.89,4.89,12.0,4.89,4.89,gpu_provider,B200,on-demand,verda,2026-04-16 07:47:49.590862,2026-04-16
1.25,1.25,1.25,1.25,2.0,1.25,1.25,gpu_provider,H100,spot,nebius,2026-04-16 07:47:49.590862,2026-04-16
2.95,2.95,2.95,2.95,2.0,2.95,2.95,gpu_provider,H100,on-demand,nebius,2026-04-16 07:47:49.590862,2026-04-16
0.8015,0.8015,0.8015,0.8015000000000003,15.0,0.8015,0.8015,gpu_provider,H100,spot,verda,2026-04-16 07:47:49.590862,2026-04-16
2.29,2.29,2.29,2.2899999999999996,15.0,2.29,2.29,gpu_provider,H100,on-demand,verda,2026-04-16 07:47:49.590862,2026-04-16
0.94254125,1.5229825,1.80385,1.450789880228137,263.0,0.08,4.1170625,gpu,A100,spot,,2026-04-16 07:47:49.590862,2026-04-16
2.5635457500000003,3.673,4.4075,3.4879203286052007,423.0,0.09342,8.1925,gpu,A100,on-demand,,2026-04-16 07:47:49.590862,2026-04-16
1.7115,2.625,4.0758,2.8052106060606055,33.0,1.71125,4.891,gpu,B200,spot,,2026-04-16 07:47:49.590862,2026-04-16
5.596119875,10.97905825,12.51612875,9.19199803230337,89.0,5.3832685,15.830423875,gpu_provider,H100,on-demand,gcp,2026-04-16 07:47:49.590862,2026-04-16
6.69,6.79,6.99,6.874776452020204,99.0,3.8596025,11.277,gpu,B200,on-demand,,2026-04-16 07:47:49.590862,2026-04-16
1.45,11.129999999999999,13.78,8.231919642857141,56.0,1.1865,21.2,gpu,H200,spot,,2026-04-16 07:47:49.590862,2026-04-16
3.5,11.129999999999999,13.78,9.126124821428572,56.0,3.39,21.2,gpu,H200,on-demand,,2026-04-16 07:47:49.590862,2026-04-16
3.39,11.129999999999999,13.78,8.679022232142858,112.0,1.1865,21.2,gpu,H200,all,,2026-04-16 07:47:49.590862,2026-04-16
2.693835125,3.273042,4.067322,3.1770098295454545,209.0,0.8015,10.1838,gpu,H100,spot,,2026-04-16 07:47:49.590862,2026-04-16
3.99,5.3832685,8.6,6.362539842488791,223.0,1.55698,15.830423875,gpu,H100,on-demand,,2026-04-16 07:47:49.590862,2026-04-16
3.15506990625,4.067322,5.442394,4.821392220486111,432.0,0.8015,15.830423875,gpu,H100,all,,2026-04-16 07:47:49.590862,2026-04-16
1.7114375,1.7115,1.711625,1.7115625,12.0,1.71125,1.712,gpu_provider,B200,spot,verda,2026-04-16 07:47:49.590862,2026-04-16
4.0758,6.69,6.89,5.857384990530303,132.0,1.71125,11.277,gpu,B200,all,,2026-04-16 07:47:49.590862,2026-04-16
3.15506990625,3.43051,4.067322,3.455081749237805,164.0,1.288002,4.405626375,gpu_provider,H100,spot,gcp,2026-04-16 07:47:49.590862,2026-04-16
1.5232181249999999,2.3928715,4.0,2.7069213374635575,686.0,0.08,8.1925,gpu,A100,all,,2026-04-16 07:47:49.590862,2026-04-16
1.75,1.75,1.75,1.75,8.0,1.75,1.75,gpu_provider,H100,spot,runpod,2026-04-16 07:47:49.590862,2026-04-16
2.99,2.99,2.99,3.0564444444444447,9.0,2.99,3.588,gpu_provider,H100,on-demand,runpod,2026-04-16 07:47:49.590862,2026-04-16
12.561,13.25,13.835,13.62283870967742,31.0,10.6,21.2,gpu_provider,H200,on-demand,azure,2026-04-16 07:47:49.590862,2026-04-16
2.0,2.0,2.0,2.0,1.0,2.0,2.0,gpu_provider,H200,spot,vastai,2026-04-16 07:47:49.590862,2026-04-16
5.53499,5.53499,5.53499,5.53499,1.0,5.53499,5.53499,gpu_provider,H200,on-demand,vastai,2026-04-16 07:47:49.590862,2026-04-16
2.29,2.29,2.29,2.2899999999999996,6.0,2.29,2.29,gpu_provider,H200,spot,runpod,2026-04-16 07:47:49.590862,2026-04-16
3.59,3.59,3.59,3.59,6.0,3.59,3.59,gpu_provider,H200,on-demand,runpod,2026-04-16 07:47:49.590862,2026-04-16
1.45,1.45,1.45,1.45,6.0,1.45,1.45,gpu_provider,H200,spot,nebius,2026-04-16 07:47:49.590862,2026-04-16
3.5,3.5,3.5,3.5,6.0,3.5,3.5,gpu_provider,H200,on-demand,nebius,2026-04-16 07:47:49.590862,2026-04-16
12.561,13.25,13.835,13.62283870967742,31.0,10.6,21.2,gpu_provider,H200,spot,azure,2026-04-16 07:47:49.590862,2026-04-16
3.39,3.39,3.39,3.39,12.0,3.39,3.39,gpu_provider,H200,on-demand,verda,2026-04-16 07:47:49.590862,2026-04-16
1.46666625,1.4666675,1.46666875,1.4666675,2.0,1.466665,1.46667,gpu_provider,H100,spot,vastai,2026-04-16 07:47:49.590862,2026-04-16
1.55698,1.55698,1.55698,1.55698,2.0,1.55698,1.55698,gpu_provider,H100,on-demand,vastai,2026-04-16 07:47:49.590862,2026-04-16
3.99,4.09,4.19,3.97,80.0,3.29,4.29,gpu_provider,H100,on-demand,lambdalabs,2026-04-16 07:47:49.590862,2026-04-16
2.653,2.653,2.653,2.653,1.0,2.653,2.653,gpu_provider,H100,on-demand,cudo,2026-04-16 07:47:49.590862,2026-04-16
1.9971999999999999,2.3052,4.5075,3.6614340277777777,18.0,0.9023875,10.1838,gpu_provider,H100,spot,aws,2026-04-16 07:47:49.590862,2026-04-16
6.88,8.256,8.944,8.385344,25.0,6.88,11.5584,gpu_provider,H100,on-demand,aws,2026-04-16 07:47:49.590862,2026-04-16
1.1865,1.1865,1.186625,1.1866250000000003,12.0,1.1865,1.187,gpu_provider,H200,spot,verda,2026-04-16 07:47:49.590862,2026-04-16
1.99,1.99,2.79,2.2566666666666664,48.0,1.99,2.79,gpu_provider,A100,on-demand,lambdalabs,2026-04-17 07:48:15.150258,2026-04-17
1.689625,1.80385,1.905725,1.8976193392857144,112.0,1.40574,2.87299225,gpu_provider,A100,spot,gcp,2026-04-17 07:48:15.150258,2026-04-17
2.49227125,3.6792675,4.04959090625,3.4898916517857144,112.0,2.16346,5.7077325,gpu_provider,A100,on-demand,gcp,2026-04-17 07:48:15.150258,2026-04-17
0.95,0.95,0.95,0.9233333333333333,6.0,0.79,0.95,gpu_provider,A100,spot,runpod,2026-04-17 07:48:15.150258,2026-04-17
1.4649999999999999,1.49,1.49,1.4535,8.0,1.0,1.788,gpu_provider,A100,on-demand,runpod,2026-04-17 07:48:15.150258,2026-04-17
0.88242,0.9737775,1.331265,1.1541553863636365,110.0,0.67877,2.38177,gpu_provider,A100,spot,azure,2026-04-17 07:48:15.150258,2026-04-17
4.4075,4.775,5.14225,4.894703663793103,116.0,3.399625,8.1925,gpu_provider,A100,on-demand,azure,2026-04-17 07:48:15.150258,2026-04-17
0.2524,0.4515,0.4515,0.3851291666666667,18.0,0.252375,0.4515,gpu_provider,A100,spot,verda,2026-04-17 07:48:15.150258,2026-04-17
0.216,0.342,0.76175,0.759734375,16.0,0.123,2.3975,gpu_provider,A100,on-demand,vultr,2026-04-17 07:48:15.150258,2026-04-17
0.08,0.08,0.153335,0.12889,3.0,0.08,0.22667,gpu_provider,A100,spot,vastai,2026-04-17 07:48:15.150258,2026-04-17
0.0934,0.0934,0.393855,0.2937033333333333,3.0,0.0934,0.69431,gpu_provider,A100,on-demand,vastai,2026-04-17 07:48:15.150258,2026-04-17
4.0758,4.0758,4.4834,4.2981333333333325,9.0,4.0758,4.891,gpu_provider,B200,spot,gcp,2026-04-17 07:48:15.150258,2026-04-17
11.277,11.277,11.277,11.277,11.0,11.277,11.277,gpu_provider,B200,on-demand,gcp,2026-04-17 07:48:15.150258,2026-04-17
2.6125,2.625,2.625,2.6714285714285713,7.0,2.6,3.0,gpu_provider,B200,spot,vastai,2026-04-17 07:48:15.150258,2026-04-17
3.85443,3.886075,3.88765,4.359457857142857,7.0,3.81505,7.33092,gpu_provider,B200,on-demand,vastai,2026-04-17 07:48:15.150258,2026-04-17
2.0047,2.0047,2.0047,2.0047,1.0,2.0047,2.0047,gpu_provider,A100,on-demand,cudo,2026-04-17 07:48:15.150258,2026-04-17
0.721125,1.29,1.29,1.1003708333333333,18.0,0.7211,1.29,gpu_provider,A100,on-demand,verda,2026-04-17 07:48:15.150258,2026-04-17
3.1564675,3.43088125,3.801285,3.5327744761904762,21.0,2.744705,4.7027875,gpu_provider,A100,on-demand,aws,2026-04-17 07:48:15.150258,2026-04-17
6.765000000000001,6.84,6.915,6.84,64.0,6.69,6.99,gpu_provider,B200,on-demand,lambdalabs,2026-04-17 07:48:15.150258,2026-04-17
1.905725,3.40675,4.775,4.149611626180102,1377.0,0.08,21.2,aggregate,training,all,,2026-04-17 07:48:15.150258,2026-04-17
,2.112280701754386,,,,,,metric,hyperscaler_premium_h100,on-demand,,2026-04-17 07:48:15.150258,2026-04-17
,3.99,,,,,,metric,neocloud_median_h100,on-demand,,2026-04-17 07:48:15.150258,2026-04-17
,8.428,,,,,,metric,hyperscaler_median_h100,on-demand,,2026-04-17 07:48:15.150258,2026-04-17
2.99,3.99,4.19,3.5509420945945953,111.0,1.4689925,4.29,provider_h100,neocloud,on-demand,,2026-04-17 07:48:15.150258,2026-04-17
5.7193375,8.428,11.985552625,9.015100218201756,114.0,5.3832685,15.830423875,provider_h100,hyperscaler,on-demand,,2026-04-17 07:48:15.150258,2026-04-17
,1.0084426590358793,,,,,,metric,hyperscaler_premium_all,on-demand,,2026-04-17 07:48:15.150258,2026-04-17
,1.8172,,,,,,metric,neocloud_median_all,on-demand,,2026-04-17 07:48:15.150258,2026-04-17
1.15038125,1.4515625,2.19914375,1.7568340277777776,18.0,0.3876875,4.1170625,gpu_provider,A100,spot,aws,2026-04-17 07:48:15.150258,2026-04-17
,1.832542,,,,,,metric,hyperscaler_median_all,on-demand,,2026-04-17 07:48:15.150258,2026-04-17
1.109996,1.832542,3.5,2.8330906640528144,4033.0,0.343,25.92,provider,hyperscaler,on-demand,,2026-04-17 07:48:15.150258,2026-04-17
,3.2937280653011785,,,,,,metric,training_inference_ratio,on-demand,,2026-04-17 07:48:15.150258,2026-04-17
0.269188,0.39948,0.544848,0.5443771578498294,2051.0,0.0684,9.1089,aggregate,inference,spot,,2026-04-17 07:48:15.150258,2026-04-17
0.8795,1.241754,1.78943,1.652442422241159,2347.0,0.343,10.98917,aggregate,inference,on-demand,,2026-04-17 07:48:15.150258,2026-04-17
0.4108691875,0.706352,1.3366,1.135698025409277,4398.0,0.0684,10.98917,aggregate,inference,all,,2026-04-17 07:48:15.150258,2026-04-17
1.288002,1.804978,3.3047306875,2.8323180527826857,566.0,0.08,21.2,aggregate,training,spot,,2026-04-17 07:48:15.150258,2026-04-17
3.05,4.09,5.754749375,5.06895584633169,811.0,0.0934,21.2,aggregate,training,on-demand,,2026-04-17 07:48:15.150258,2026-04-17
0.4749975,1.8172,3.9,inf,675.0,0.03141,inf,provider,neocloud,on-demand,,2026-04-17 07:48:15.150258,2026-04-17
3.59,3.59,3.59,3.59,1.0,3.59,3.59,gpu_provider,B200,spot,runpod,2026-04-17 07:48:15.150258,2026-04-17
3.05,3.525,4.0,3.525,88.0,3.05,4.0,gpu_provider,A100,on-demand,oci,2026-04-17 07:48:15.150258,2026-04-17
2.9,2.9,2.9,2.9,4.0,2.9,2.9,gpu_provider,B200,spot,nebius,2026-04-17 07:48:15.150258,2026-04-17
5.596119875,10.97905825,12.51612875,9.19199803230337,89.0,5.3832685,15.830423875,gpu_provider,H100,on-demand,gcp,2026-04-17 07:48:15.150258,2026-04-17
1.25,1.25,1.25,1.25,2.0,1.25,1.25,gpu_provider,H100,spot,nebius,2026-04-17 07:48:15.150258,2026-04-17
2.95,2.95,2.95,2.95,2.0,2.95,2.95,gpu_provider,H100,on-demand,nebius,2026-04-17 07:48:15.150258,2026-04-17
0.8015,0.8015,0.8015,0.8015000000000003,15.0,0.8015,0.8015,gpu_provider,H100,spot,verda,2026-04-17 07:48:15.150258,2026-04-17
2.29,2.29,2.29,2.2899999999999996,15.0,2.29,2.29,gpu_provider,H100,on-demand,verda,2026-04-17 07:48:15.150258,2026-04-17
0.94254125,1.48734,1.80385,1.4380991235955056,267.0,0.08,4.1170625,gpu,A100,spot,,2026-04-17 07:48:15.150258,2026-04-17
2.538653,3.673,4.4075,3.475262155452436,431.0,0.0934,8.1925,gpu,A100,on-demand,,2026-04-17 07:48:15.150258,2026-04-17
5.49,5.49,5.49,5.49,1.0,5.49,5.49,gpu_provider,B200,on-demand,runpod,2026-04-17 07:48:15.150258,2026-04-17
1.49,2.388742625,4.0,2.696003517191977,698.0,0.08,8.1925,gpu,A100,all,,2026-04-17 07:48:15.150258,2026-04-17
6.69,6.79,6.99,6.8534667171717185,99.0,3.81505,11.277,gpu,B200,on-demand,,2026-04-17 07:48:15.150258,2026-04-17
4.0758,6.69,6.89,5.845493598484849,132.0,1.71125,11.277,gpu,B200,all,,2026-04-17 07:48:15.150258,2026-04-17
1.45,11.66,13.78,8.345227272727273,55.0,1.1865,21.2,gpu,H200,spot,,2026-04-17 07:48:15.150258,2026-04-17
3.5,11.129999999999999,13.78,9.155642857142857,56.0,3.39,21.2,gpu,H200,on-demand,,2026-04-17 07:48:15.150258,2026-04-17
3.39,11.66,13.78,8.754085585585583,111.0,1.1865,21.2,gpu,H200,all,,2026-04-17 07:48:15.150258,2026-04-17
2.3904974375,3.263564,4.067322,3.1612327103080564,211.0,0.8015,10.2022375,gpu,H100,spot,,2026-04-17 07:48:15.150258,2026-04-17
3.99,5.3832685,8.6,6.319448877222222,225.0,1.4689925,15.830423875,gpu,H100,on-demand,,2026-04-17 07:48:15.150258,2026-04-17
1.7115,2.625,4.0758,2.821574242424242,33.0,1.71125,4.891,gpu,B200,spot,,2026-04-17 07:48:15.150258,2026-04-17
3.15506990625,3.43051,4.067322,3.455081749237805,164.0,1.288002,4.405626375,gpu_provider,H100,spot,gcp,2026-04-17 07:48:15.150258,2026-04-17
3.124248,4.067322,5.433525250000001,4.791046099197249,436.0,0.8015,15.830423875,gpu,H100,all,,2026-04-17 07:48:15.150258,2026-04-17
1.75,1.75,1.75,1.75,8.0,1.75,1.75,gpu_provider,H100,spot,runpod,2026-04-17 07:48:15.150258,2026-04-17
5.5,5.5,5.5,5.5,4.0,5.5,5.5,gpu_provider,B200,on-demand,nebius,2026-04-17 07:48:15.150258,2026-04-17
1.7114375,1.7115,1.711625,1.7115625,12.0,1.71125,1.712,gpu_provider,B200,spot,verda,2026-04-17 07:48:15.150258,2026-04-17
4.89,4.89,4.89,4.89,12.0,4.89,4.89,gpu_provider,B200,on-demand,verda,2026-04-17 07:48:15.150258,2026-04-17
12.561,13.25,13.835,13.62283870967742,31.0,10.6,21.2,gpu_provider,H200,spot,azure,2026-04-17 07:48:15.150258,2026-04-17
12.561,13.25,13.835,13.62283870967742,31.0,10.6,21.2,gpu_provider,H200,on-demand,azure,2026-04-17 07:48:15.150258,2026-04-17
2.99,2.99,2.99,3.0564444444444447,9.0,2.99,3.588,gpu_provider,H100,on-demand,runpod,2026-04-17 07:48:15.150258,2026-04-17
3.99,3.99,3.99,4.104000000000001,7.0,3.99,4.788,gpu_provider,H200,on-demand,runpod,2026-04-17 07:48:15.150258,2026-04-17
1.45,1.45,1.45,1.45,6.0,1.45,1.45,gpu_provider,H200,spot,nebius,2026-04-17 07:48:15.150258,2026-04-17
2.29,2.29,2.29,2.2899999999999996,6.0,2.29,2.29,gpu_provider,H200,spot,runpod,2026-04-17 07:48:15.150258,2026-04-17
1.1865,1.1865,1.186625,1.1866250000000003,12.0,1.1865,1.187,gpu_provider,H200,spot,verda,2026-04-17 07:48:15.150258,2026-04-17
3.39,3.39,3.39,3.39,12.0,3.39,3.39,gpu_provider,H200,on-demand,verda,2026-04-17 07:48:15.150258,2026-04-17
1.466666875,1.4666675,1.466668125,1.4666675,4.0,1.466665,1.46667,gpu_provider,H100,spot,vastai,2026-04-17 07:48:15.150258,2026-04-17
1.535890625,1.5581925,1.558195,1.535893125,4.0,1.4689925,1.558195,gpu_provider,H100,on-demand,vastai,2026-04-17 07:48:15.150258,2026-04-17
3.99,4.09,4.19,3.97,80.0,3.29,4.29,gpu_provider,H100,on-demand,lambdalabs,2026-04-17 07:48:15.150258,2026-04-17
2.653,2.653,2.653,2.653,1.0,2.653,2.653,gpu_provider,H100,on-demand,cudo,2026-04-17 07:48:15.150258,2026-04-17
2.0010375,2.30975,4.43375,3.6665291666666664,18.0,0.958075,10.2022375,gpu_provider,H100,spot,aws,2026-04-17 07:48:15.150258,2026-04-17
6.88,8.256,8.944,8.385344,25.0,6.88,11.5584,gpu_provider,H100,on-demand,aws,2026-04-17 07:48:15.150258,2026-04-17
3.5,3.5,3.5,3.5,6.0,3.5,3.5,gpu_provider,H200,on-demand,nebius,2026-04-17 07:48:15.150258,2026-04-17
1.99,1.99,2.79,2.2566666666666664,48.0,1.99,2.79,gpu_provider,A100,on-demand,lambdalabs,2026-04-18 07:09:32.097364,2026-04-18
1.689625,1.80385,1.905725,1.8976193392857144,112.0,1.40574,2.87299225,gpu_provider,A100,spot,gcp,2026-04-18 07:09:32.097364,2026-04-18
2.49227125,3.6792675,4.04959090625,3.4898916517857144,112.0,2.16346,5.7077325,gpu_provider,A100,on-demand,gcp,2026-04-18 07:09:32.097364,2026-04-18
0.8524999999999999,0.95,0.95,0.9016666666666667,6.0,0.79,0.95,gpu_provider,A100,spot,runpod,2026-04-18 07:09:32.097364,2026-04-18
1.39,1.49,1.49,1.4409999999999998,8.0,1.0,1.788,gpu_provider,A100,on-demand,runpod,2026-04-18 07:09:32.097364,2026-04-18
0.88242,0.9737775,1.331265,1.1541553863636365,110.0,0.67877,2.38177,gpu_provider,A100,spot,azure,2026-04-18 07:09:32.097364,2026-04-18
4.4075,4.775,5.14225,4.894703663793103,116.0,3.399625,8.1925,gpu_provider,A100,on-demand,azure,2026-04-18 07:09:32.097364,2026-04-18
2.625,2.625,2.98125,2.7875,6.0,2.625,3.125,gpu_provider,B200,spot,vastai,2026-04-18 07:09:32.097364,2026-04-18
0.721125,1.29,1.29,1.1003708333333333,18.0,0.7211,1.29,gpu_provider,A100,on-demand,verda,2026-04-18 07:09:32.097364,2026-04-18
0.08,0.08,0.08,0.08,2.0,0.08,0.08,gpu_provider,A100,spot,vastai,2026-04-18 07:09:32.097364,2026-04-18
0.09343125,0.0934325,0.09343375000000001,0.0934325,2.0,0.09343,0.093435,gpu_provider,A100,on-demand,vastai,2026-04-18 07:09:32.097364,2026-04-18
0.123,0.342,0.616,0.7053461538461538,13.0,0.123,2.3975,gpu_provider,A100,on-demand,vultr,2026-04-18 07:09:32.097364,2026-04-18
4.0758,4.0758,4.4834,4.2981333333333325,9.0,4.0758,4.891,gpu_provider,B200,spot,gcp,2026-04-18 07:09:32.097364,2026-04-18
11.277,11.277,11.277,11.277,11.0,11.277,11.277,gpu_provider,B200,on-demand,gcp,2026-04-18 07:09:32.097364,2026-04-18
6.765000000000001,6.84,6.915,6.84,64.0,6.69,6.99,gpu_provider,B200,on-demand,lambdalabs,2026-04-18 07:09:32.097364,2026-04-18
2.0047,2.0047,2.0047,2.0047,1.0,2.0047,2.0047,gpu_provider,A100,on-demand,cudo,2026-04-18 07:09:32.097364,2026-04-18
0.2524,0.4515,0.4515,0.3851291666666667,18.0,0.252375,0.4515,gpu_provider,A100,spot,verda,2026-04-18 07:09:32.097364,2026-04-18
3.1564675,3.43088125,3.801285,3.5327744761904762,21.0,2.744705,4.7027875,gpu_provider,A100,on-demand,aws,2026-04-18 07:09:32.097364,2026-04-18
1.109996,1.832542,3.5,2.8330906640528144,4033.0,0.343,25.92,provider,hyperscaler,on-demand,,2026-04-18 07:09:32.097364,2026-04-18
3.05,3.525,4.0,3.525,88.0,3.05,4.0,gpu_provider,A100,on-demand,oci,2026-04-18 07:09:32.097364,2026-04-18
3.81692875,3.8204825,3.90297375,3.8444525000000005,6.0,3.74516,3.934375,gpu_provider,B200,on-demand,vastai,2026-04-18 07:09:32.097364,2026-04-18
,2.112280701754386,,,,,,metric,hyperscaler_premium_h100,on-demand,,2026-04-18 07:09:32.097364,2026-04-18
,3.99,,,,,,metric,neocloud_median_h100,on-demand,,2026-04-18 07:09:32.097364,2026-04-18
,8.428,,,,,,metric,hyperscaler_median_h100,on-demand,,2026-04-18 07:09:32.097364,2026-04-18
2.99,3.99,4.19,3.595884128440368,109.0,1.54837,4.29,provider_h100,neocloud,on-demand,,2026-04-18 07:09:32.097364,2026-04-18
5.7193375,8.428,11.985552625,9.015100218201756,114.0,5.3832685,15.830423875,provider_h100,hyperscaler,on-demand,,2026-04-18 07:09:32.097364,2026-04-18
,1.0843443786982248,,,,,,metric,hyperscaler_premium_all,on-demand,,2026-04-18 07:09:32.097364,2026-04-18
,1.69,,,,,,metric,neocloud_median_all,on-demand,,2026-04-18 07:09:32.097364,2026-04-18
,1.832542,,,,,,metric,hyperscaler_median_all,on-demand,,2026-04-18 07:09:32.097364,2026-04-18
0.471,1.69,3.9,inf,689.0,0.03283,inf,provider,neocloud,on-demand,,2026-04-18 07:09:32.097364,2026-04-18
,3.2957292506043507,,,,,,metric,training_inference_ratio,on-demand,,2026-04-18 07:09:32.097364,2026-04-18
0.26870499999999997,0.39948,0.5444614999999999,0.5438109225060827,2055.0,0.0684,9.1089,aggregate,inference,spot,,2026-04-18 07:09:32.097364,2026-04-18
0.8785000000000001,1.241,1.78943,1.6514585389196086,2351.0,0.343,10.98917,aggregate,inference,on-demand,,2026-04-18 07:09:32.097364,2026-04-18
0.41053,0.706592,1.335604375,1.134841232580572,4406.0,0.0684,10.98917,aggregate,inference,all,,2026-04-18 07:09:32.097364,2026-04-18
1.288002,1.804978,3.29344209375,2.8324922400618373,566.0,0.08,21.2,aggregate,training,spot,,2026-04-18 07:09:32.097364,2026-04-18
3.05,4.09,5.754749375,5.090829148728288,806.0,0.09343,21.2,aggregate,training,on-demand,,2026-04-18 07:09:32.097364,2026-04-18
1.971175,3.4179362500000003,4.775,4.159182872995627,1372.0,0.08,21.2,aggregate,training,all,,2026-04-18 07:09:32.097364,2026-04-18
1.1428375,1.4571125,2.196590625,1.7418368055555555,18.0,0.368925,4.1170625,gpu_provider,A100,spot,aws,2026-04-18 07:09:32.097364,2026-04-18
2.9,2.9,2.9,2.9,4.0,2.9,2.9,gpu_provider,B200,spot,nebius,2026-04-18 07:09:32.097364,2026-04-18
5.5,5.5,5.5,5.5,4.0,5.5,5.5,gpu_provider,B200,on-demand,nebius,2026-04-18 07:09:32.097364,2026-04-18
1.7114375,1.7115,1.711625,1.7115625,12.0,1.71125,1.712,gpu_provider,B200,spot,verda,2026-04-18 07:09:32.097364,2026-04-18
5.596119875,10.97905825,12.51612875,9.19199803230337,89.0,5.3832685,15.830423875,gpu_provider,H100,on-demand,gcp,2026-04-18 07:09:32.097364,2026-04-18
1.25,1.25,1.25,1.25,2.0,1.25,1.25,gpu_provider,H100,spot,nebius,2026-04-18 07:09:32.097364,2026-04-18
2.95,2.95,2.95,2.95,2.0,2.95,2.95,gpu_provider,H100,on-demand,nebius,2026-04-18 07:09:32.097364,2026-04-18
0.8015,0.8015,0.8015,0.8015000000000003,15.0,0.8015,0.8015,gpu_provider,H100,spot,verda,2026-04-18 07:09:32.097364,2026-04-18
2.29,2.29,2.29,2.2899999999999996,15.0,2.29,2.29,gpu_provider,H100,on-demand,verda,2026-04-18 07:09:32.097364,2026-04-18
0.923789375,1.4889700000000001,1.80385,1.4411497969924811,266.0,0.08,4.1170625,gpu,A100,spot,,2026-04-18 07:09:32.097364,2026-04-18
1.5229825,2.38874275,4.0,2.7090957287157287,693.0,0.08,8.1925,gpu,A100,all,,2026-04-18 07:09:32.097364,2026-04-18
3.15506990625,3.43051,4.067322,3.455081749237805,164.0,1.288002,4.405626375,gpu_provider,H100,spot,gcp,2026-04-18 07:09:32.097364,2026-04-18
1.7115,2.625,4.0758,2.8240951612903227,31.0,1.71125,4.891,gpu,B200,spot,,2026-04-18 07:09:32.097364,2026-04-18
4.0758,6.69,6.89,5.8835989453125,128.0,1.71125,11.277,gpu,B200,all,,2026-04-18 07:09:32.097364,2026-04-18
1.45,10.6,13.515,7.904156610169491,59.0,0.48774,21.2,gpu,H200,spot,,2026-04-18 07:09:32.097364,2026-04-18
3.5,10.6,13.515,8.880072711864408,59.0,3.39,21.2,gpu,H200,on-demand,,2026-04-18 07:09:32.097364,2026-04-18
3.39,10.6,13.647499999999999,8.392114661016949,118.0,0.48774,21.2,gpu,H200,all,,2026-04-18 07:09:32.097364,2026-04-18
2.50735878125,3.268303,4.067322,3.171202723214286,210.0,0.8015,10.21145,gpu,H100,spot,,2026-04-18 07:09:32.097364,2026-04-18
3.99,5.3832685,8.6,6.366245716928251,223.0,1.54837,15.830423875,gpu,H100,on-demand,,2026-04-18 07:09:32.097364,2026-04-18
3.124248,4.067322,5.442394,4.816686759237875,433.0,0.8015,15.830423875,gpu,H100,all,,2026-04-18 07:09:32.097364,2026-04-18
6.69,6.79,6.99,6.861378505154639,97.0,3.74516,11.277,gpu,B200,on-demand,,2026-04-18 07:09:32.097364,2026-04-18
2.99,2.99,2.99,2.9900000000000007,10.0,2.99,2.99,gpu_provider,H100,on-demand,runpod,2026-04-18 07:09:32.097364,2026-04-18
2.5884385,3.673,4.4075,3.4989636861826696,427.0,0.09343,8.1925,gpu,A100,on-demand,,2026-04-18 07:09:32.097364,2026-04-18
6.88,8.256,8.944,8.385344,25.0,6.88,11.5584,gpu_provider,H100,on-demand,aws,2026-04-18 07:09:32.097364,2026-04-18
1.75,1.75,1.75,1.75,10.0,1.75,1.75,gpu_provider,H100,spot,runpod,2026-04-18 07:09:32.097364,2026-04-18
12.561,13.25,13.835,13.62283870967742,31.0,10.6,21.2,gpu_provider,H200,spot,azure,2026-04-18 07:09:32.097364,2026-04-18
12.561,13.25,13.835,13.62283870967742,31.0,10.6,21.2,gpu_provider,H200,on-demand,azure,2026-04-18 07:09:32.097364,2026-04-18
0.48774,0.48774,0.48774,0.48774,1.0,0.48774,0.48774,gpu_provider,H200,spot,vastai,2026-04-18 07:09:32.097364,2026-04-18
4.02629,4.02629,4.02629,4.02629,1.0,4.02629,4.02629,gpu_provider,H200,on-demand,vastai,2026-04-18 07:09:32.097364,2026-04-18
2.29,2.29,2.29,2.29,9.0,2.29,2.29,gpu_provider,H200,spot,runpod,2026-04-18 07:09:32.097364,2026-04-18
3.99,3.99,3.99,3.99,9.0,3.99,3.99,gpu_provider,H200,on-demand,runpod,2026-04-18 07:09:32.097364,2026-04-18
1.45,1.45,1.45,1.45,6.0,1.45,1.45,gpu_provider,H200,spot,nebius,2026-04-18 07:09:32.097364,2026-04-18
4.89,4.89,4.89,4.89,12.0,4.89,4.89,gpu_provider,B200,on-demand,verda,2026-04-18 07:09:32.097364,2026-04-18
1.1865,1.1865,1.186625,1.1866250000000003,12.0,1.1865,1.187,gpu_provider,H200,spot,verda,2026-04-18 07:09:32.097364,2026-04-18
3.39,3.39,3.39,3.39,12.0,3.39,3.39,gpu_provider,H200,on-demand,verda,2026-04-18 07:09:32.097364,2026-04-18
1.466665,1.466665,1.466665,1.466665,1.0,1.466665,1.466665,gpu_provider,H100,spot,vastai,2026-04-18 07:09:32.097364,2026-04-18
1.54837,1.54837,1.54837,1.54837,1.0,1.54837,1.54837,gpu_provider,H100,on-demand,vastai,2026-04-18 07:09:32.097364,2026-04-18
3.99,4.09,4.19,3.97,80.0,3.29,4.29,gpu_provider,H100,on-demand,lambdalabs,2026-04-18 07:09:32.097364,2026-04-18
2.653,2.653,2.653,2.653,1.0,2.653,2.653,gpu_provider,H100,on-demand,cudo,2026-04-18 07:09:32.097364,2026-04-18
1.957475,2.3156999999999996,4.3450999999999995,3.657222222222222,18.0,0.9869375,10.21145,gpu_provider,H100,spot,aws,2026-04-18 07:09:32.097364,2026-04-18
3.5,3.5,3.5,3.5,6.0,3.5,3.5,gpu_provider,H200,on-demand,nebius,2026-04-18 07:09:32.097364,2026-04-18
1.99,1.99,2.79,2.2566666666666664,48.0,1.99,2.79,gpu_provider,A100,on-demand,lambdalabs,2026-04-19 07:20:55.529786,2026-04-19
1.689625,1.80385,1.905725,1.8976193392857144,112.0,1.40574,2.87299225,gpu_provider,A100,spot,gcp,2026-04-19 07:20:55.529786,2026-04-19
2.49227125,3.6792675,4.04959090625,3.4898916517857144,112.0,2.16346,5.7077325,gpu_provider,A100,on-demand,gcp,2026-04-19 07:20:55.529786,2026-04-19
0.95,0.95,0.95,0.9179999999999999,5.0,0.79,0.95,gpu_provider,A100,spot,runpod,2026-04-19 07:20:55.529786,2026-04-19
1.49,1.49,1.49,1.523,6.0,1.39,1.788,gpu_provider,A100,on-demand,runpod,2026-04-19 07:20:55.529786,2026-04-19
0.88242,0.9737775,1.331265,1.1541553863636365,110.0,0.67877,2.38177,gpu_provider,A100,spot,azure,2026-04-19 07:20:55.529786,2026-04-19
4.4075,4.775,5.14225,4.894703663793103,116.0,3.399625,8.1925,gpu_provider,A100,on-demand,azure,2026-04-19 07:20:55.529786,2026-04-19
0.2524,0.4515,0.4515,0.3851291666666667,18.0,0.252375,0.4515,gpu_provider,A100,spot,verda,2026-04-19 07:20:55.529786,2026-04-19
0.123,0.247,0.616,0.3818461538461539,13.0,0.123,1.199,gpu_provider,A100,on-demand,vultr,2026-04-19 07:20:55.529786,2026-04-19
0.08,0.08,0.08,0.08,1.0,0.08,0.08,gpu_provider,A100,spot,vastai,2026-04-19 07:20:55.529786,2026-04-19
0.09345,0.09345,0.09345,0.09345,1.0,0.09345,0.09345,gpu_provider,A100,on-demand,vastai,2026-04-19 07:20:55.529786,2026-04-19
4.0758,4.0758,4.4834,4.2981333333333325,9.0,4.0758,4.891,gpu_provider,B200,spot,gcp,2026-04-19 07:20:55.529786,2026-04-19
11.277,11.277,11.277,11.277,11.0,11.277,11.277,gpu_provider,B200,on-demand,gcp,2026-04-19 07:20:55.529786,2026-04-19
2.625,2.65625,2.6875,2.65625,4.0,2.625,2.6875,gpu_provider,B200,spot,vastai,2026-04-19 07:20:55.529786,2026-04-19
3.63700875,3.728745,3.82048125,3.728745,4.0,3.637005,3.820485,gpu_provider,B200,on-demand,vastai,2026-04-19 07:20:55.529786,2026-04-19
2.0047,2.0047,2.0047,2.0047,1.0,2.0047,2.0047,gpu_provider,A100,on-demand,cudo,2026-04-19 07:20:55.529786,2026-04-19
0.721125,1.29,1.29,1.1003708333333333,18.0,0.7211,1.29,gpu_provider,A100,on-demand,verda,2026-04-19 07:20:55.529786,2026-04-19
3.1564675,3.43088125,3.801285,3.5327744761904762,21.0,2.744705,4.7027875,gpu_provider,A100,on-demand,aws,2026-04-19 07:20:55.529786,2026-04-19
,2.112280701754386,,,,,,metric,hyperscaler_premium_h100,on-demand,,2026-04-19 07:20:55.529786,2026-04-19
3.05,3.525,4.0,3.525,88.0,3.05,4.0,gpu_provider,A100,on-demand,oci,2026-04-19 07:20:55.529786,2026-04-19
6.765000000000001,6.84,6.915,6.84,64.0,6.69,6.99,gpu_provider,B200,on-demand,lambdalabs,2026-04-19 07:20:55.529786,2026-04-19
,3.99,,,,,,metric,neocloud_median_h100,on-demand,,2026-04-19 07:20:55.529786,2026-04-19
,8.428,,,,,,metric,hyperscaler_median_h100,on-demand,,2026-04-19 07:20:55.529786,2026-04-19
2.99,3.99,4.19,3.5643558409090916,110.0,1.55538,4.29,provider_h100,neocloud,on-demand,,2026-04-19 07:20:55.529786,2026-04-19
5.7193375,8.428,11.985552625,9.015100218201756,114.0,5.3832685,15.830423875,provider_h100,hyperscaler,on-demand,,2026-04-19 07:20:55.529786,2026-04-19
,1.0843443786982248,,,,,,metric,hyperscaler_premium_all,on-demand,,2026-04-19 07:20:55.529786,2026-04-19
,1.69,,,,,,metric,neocloud_median_all,on-demand,,2026-04-19 07:20:55.529786,2026-04-19
,1.832542,,,,,,metric,hyperscaler_median_all,on-demand,,2026-04-19 07:20:55.529786,2026-04-19
0.471,1.69,3.9,inf,684.0,0.032155,inf,provider,neocloud,on-demand,,2026-04-19 07:20:55.529786,2026-04-19
1.109996,1.832542,3.5,2.8330906640528144,4033.0,0.343,25.92,provider,hyperscaler,on-demand,,2026-04-19 07:20:55.529786,2026-04-19
,3.2947283540777703,,,,,,metric,training_inference_ratio,on-demand,,2026-04-19 07:20:55.529786,2026-04-19
0.26916,0.39948,0.5454494999999999,0.544823291180758,2058.0,0.0684,9.1089,aggregate,inference,spot,,2026-04-19 07:20:55.529786,2026-04-19
0.87825,1.241377,1.8010107499999999,1.651861191588785,2354.0,0.343,10.98917,aggregate,inference,on-demand,,2026-04-19 07:20:55.529786,2026-04-19
0.41053,0.706832,1.342757,1.1354776922597463,4412.0,0.0684,10.98917,aggregate,inference,all,,2026-04-19 07:20:55.529786,2026-04-19
1.32799875,1.804978,3.3017383125,2.8391293623670215,564.0,0.08,21.2,aggregate,training,spot,,2026-04-19 07:20:55.529786,2026-04-19
3.05,4.09,5.754749375,5.098756742061021,803.0,0.09345,21.2,aggregate,training,on-demand,,2026-04-19 07:20:55.529786,2026-04-19
1.94483125,3.4291225,4.775,4.166474487381127,1367.0,0.08,21.2,aggregate,training,all,,2026-04-19 07:20:55.529786,2026-04-19
1.1103375,1.464075,2.1155468749999997,1.7265694444444444,18.0,0.3442125,4.1170625,gpu_provider,A100,spot,aws,2026-04-19 07:20:55.529786,2026-04-19
2.9,2.9,2.9,2.9,4.0,2.9,2.9,gpu_provider,B200,spot,nebius,2026-04-19 07:20:55.529786,2026-04-19
5.5,5.5,5.5,5.5,4.0,5.5,5.5,gpu_provider,B200,on-demand,nebius,2026-04-19 07:20:55.529786,2026-04-19
1.7114375,1.7115,1.711625,1.7115625,12.0,1.71125,1.712,gpu_provider,B200,spot,verda,2026-04-19 07:20:55.529786,2026-04-19
5.596119875,10.97905825,12.51612875,9.19199803230337,89.0,5.3832685,15.830423875,gpu_provider,H100,on-demand,gcp,2026-04-19 07:20:55.529786,2026-04-19
1.25,1.25,1.25,1.25,2.0,1.25,1.25,gpu_provider,H100,spot,nebius,2026-04-19 07:20:55.529786,2026-04-19
2.95,2.95,2.95,2.95,2.0,2.95,2.95,gpu_provider,H100,on-demand,nebius,2026-04-19 07:20:55.529786,2026-04-19
0.8015,0.8015,0.8015,0.8015000000000003,15.0,0.8015,0.8015,gpu_provider,H100,spot,verda,2026-04-19 07:20:55.529786,2026-04-19
2.29,2.29,2.29,2.2899999999999996,15.0,2.29,2.29,gpu_provider,H100,on-demand,verda,2026-04-19 07:20:55.529786,2026-04-19
0.9462706249999999,1.50516125,1.80385,1.4476175511363638,264.0,0.08,4.1170625,gpu,A100,spot,,2026-04-19 07:20:55.529786,2026-04-19
2.58843875,3.673,4.4075,3.507944761792453,424.0,0.09345,8.1925,gpu,A100,on-demand,,2026-04-19 07:20:55.529786,2026-04-19
3.15506990625,3.43051,4.067322,3.455081749237805,164.0,1.288002,4.405626375,gpu_provider,H100,spot,gcp,2026-04-19 07:20:55.529786,2026-04-19
1.523689375,2.388742875,4.0,2.7173540879360463,688.0,0.08,8.1925,gpu,A100,all,,2026-04-19 07:20:55.529786,2026-04-19
6.69,6.79,6.99,6.9200208421052665,95.0,3.637005,11.277,gpu,B200,on-demand,,2026-04-19 07:20:55.529786,2026-04-19
4.4834,6.69,6.89,5.958459112903227,124.0,1.71125,11.277,gpu,B200,all,,2026-04-19 07:20:55.529786,2026-04-19
1.45,10.6,13.3825,7.837888416666667,60.0,1.1865,21.2,gpu,H200,spot,,2026-04-19 07:20:55.529786,2026-04-19
3.5,10.6,13.3825,8.828842291666666,60.0,3.1488575,21.2,gpu,H200,on-demand,,2026-04-19 07:20:55.529786,2026-04-19
3.329714375,10.6,13.3825,8.333365354166666,120.0,1.1865,21.2,gpu,H200,all,,2026-04-19 07:20:55.529786,2026-04-19
2.4249474375,3.263564,4.067322,3.1629273548578194,211.0,0.8015,10.2112,gpu,H100,spot,,2026-04-19 07:20:55.529786,2026-04-19
3.99,5.3832685,8.6,6.338395390066964,224.0,1.55538,15.830423875,gpu,H100,on-demand,,2026-04-19 07:20:55.529786,2026-04-19
1.7115,2.6875,4.0758,2.80851551724138,29.0,1.71125,4.891,gpu,B200,spot,,2026-04-19 07:20:55.529786,2026-04-19
2.99,2.99,2.99,2.99,9.0,2.99,2.99,gpu_provider,H100,on-demand,runpod,2026-04-19 07:20:55.529786,2026-04-19
3.124248,4.067322,5.4364815,4.798110894827586,435.0,0.8015,15.830423875,gpu,H100,all,,2026-04-19 07:20:55.529786,2026-04-19
6.88,8.256,8.944,8.385344,25.0,6.88,11.5584,gpu_provider,H100,on-demand,aws,2026-04-19 07:20:55.529786,2026-04-19
4.89,4.89,4.89,4.89,12.0,4.89,4.89,gpu_provider,B200,on-demand,verda,2026-04-19 07:20:55.529786,2026-04-19
12.561,13.25,13.835,13.62283870967742,31.0,10.6,21.2,gpu_provider,H200,spot,azure,2026-04-19 07:20:55.529786,2026-04-19
12.561,13.25,13.835,13.62283870967742,31.0,10.6,21.2,gpu_provider,H200,on-demand,azure,2026-04-19 07:20:55.529786,2026-04-19
2.06258,2.12516,2.3529025,2.2352683333333334,3.0,2.0,2.580645,gpu_provider,H200,spot,vastai,2026-04-19 07:20:55.529786,2026-04-19
1.75,1.75,1.75,1.75,9.0,1.75,1.75,gpu_provider,H100,spot,runpod,2026-04-19 07:20:55.529786,2026-04-19
2.29,2.29,2.29,2.29,8.0,2.29,2.29,gpu_provider,H200,spot,runpod,2026-04-19 07:20:55.529786,2026-04-19
3.99,3.99,3.99,3.99,8.0,3.99,3.99,gpu_provider,H200,on-demand,runpod,2026-04-19 07:20:55.529786,2026-04-19
1.45,1.45,1.45,1.45,6.0,1.45,1.45,gpu_provider,H200,spot,nebius,2026-04-19 07:20:55.529786,2026-04-19
4.11861375,5.08837,5.3368400000000005,4.6075125,3.0,3.1488575,5.58531,gpu_provider,H200,on-demand,vastai,2026-04-19 07:20:55.529786,2026-04-19
1.1865,1.1865,1.186625,1.1866250000000003,12.0,1.1865,1.187,gpu_provider,H200,spot,verda,2026-04-19 07:20:55.529786,2026-04-19
3.39,3.39,3.39,3.39,12.0,3.39,3.39,gpu_provider,H200,on-demand,verda,2026-04-19 07:20:55.529786,2026-04-19
3.99,4.09,4.19,3.97,80.0,3.29,4.29,gpu_provider,H100,on-demand,lambdalabs,2026-04-19 07:20:55.529786,2026-04-19
2.653,2.653,2.653,2.653,1.0,2.653,2.653,gpu_provider,H100,on-demand,cudo,2026-04-19 07:20:55.529786,2026-04-19
1.46666625,1.4666675,1.46666875,1.4666675,3.0,1.466665,1.46667,gpu_provider,H100,spot,vastai,2026-04-19 07:20:55.529786,2026-04-19
1.55538,1.55538,1.55538125,1.5553808333333332,3.0,1.55538,1.5553825,gpu_provider,H100,on-demand,vastai,2026-04-19 07:20:55.529786,2026-04-19
1.9399656250000001,2.3333500000000003,4.2277000000000005,3.6706534722222224,18.0,1.2250625,10.2112,gpu_provider,H100,spot,aws,2026-04-19 07:20:55.529786,2026-04-19
3.5,3.5,3.5,3.5,6.0,3.5,3.5,gpu_provider,H200,on-demand,nebius,2026-04-19 07:20:55.529786,2026-04-19
2.0047,2.0047,2.0047,2.0047,1.0,2.0047,2.0047,gpu_provider,A100,on-demand,cudo,2026-04-20 08:08:44.991254,2026-04-20
1.99,1.99,2.79,2.2566666666666664,48.0,1.99,2.79,gpu_provider,A100,on-demand,lambdalabs,2026-04-20 08:08:44.991254,2026-04-20
1.689625,1.80385,1.905725,1.8976193392857144,112.0,1.40574,2.87299225,gpu_provider,A100,spot,gcp,2026-04-20 08:08:44.991254,2026-04-20
2.49227125,3.6792675,4.04959090625,3.4898916517857144,112.0,2.16346,5.7077325,gpu_provider,A100,on-demand,gcp,2026-04-20 08:08:44.991254,2026-04-20
0.8524999999999999,0.95,0.95,0.9016666666666667,6.0,0.79,0.95,gpu_provider,A100,spot,runpod,2026-04-20 08:08:44.991254,2026-04-20
1.39,1.49,1.49,1.4409999999999998,8.0,1.0,1.788,gpu_provider,A100,on-demand,runpod,2026-04-20 08:08:44.991254,2026-04-20
0.88242,0.9737775,1.331265,1.1541553863636365,110.0,0.67877,2.38177,gpu_provider,A100,spot,azure,2026-04-20 08:08:44.991254,2026-04-20
2.625,2.65625,2.6875,2.725,6.0,2.625,3.1,gpu_provider,B200,spot,vastai,2026-04-20 08:08:44.991254,2026-04-20
0.08,0.08,0.08,0.08,1.0,0.08,0.08,gpu_provider,A100,spot,vastai,2026-04-20 08:08:44.991254,2026-04-20
0.09349,0.09349,0.09349,0.09349,1.0,0.09349,0.09349,gpu_provider,A100,on-demand,vastai,2026-04-20 08:08:44.991254,2026-04-20
0.2524,0.4515,0.4515,0.3851291666666667,18.0,0.252375,0.4515,gpu_provider,A100,spot,verda,2026-04-20 08:08:44.991254,2026-04-20
0.721125,1.29,1.29,1.1003708333333333,18.0,0.7211,1.29,gpu_provider,A100,on-demand,verda,2026-04-20 08:08:44.991254,2026-04-20
0.123,0.247,0.616,0.337,13.0,0.123,0.616,gpu_provider,A100,on-demand,vultr,2026-04-20 08:08:44.991254,2026-04-20
4.0758,4.0758,4.4834,4.2981333333333325,9.0,4.0758,4.891,gpu_provider,B200,spot,gcp,2026-04-20 08:08:44.991254,2026-04-20
11.277,11.277,11.277,11.277,11.0,11.277,11.277,gpu_provider,B200,on-demand,gcp,2026-04-20 08:08:44.991254,2026-04-20
3.1564675,3.43088125,3.801285,3.5327744761904762,21.0,2.744705,4.7027875,gpu_provider,A100,on-demand,aws,2026-04-20 08:08:44.991254,2026-04-20
4.4075,4.775,5.14225,4.894703663793103,116.0,3.399625,8.1925,gpu_provider,A100,on-demand,azure,2026-04-20 08:08:44.991254,2026-04-20
1.093875,1.4536812499999998,2.0004218750000002,1.7048180555555554,18.0,0.3267375,4.1170625,gpu_provider,A100,spot,aws,2026-04-20 08:08:44.991254,2026-04-20
1.109996,1.832542,3.5,2.8330906640528144,4033.0,0.343,25.92,provider,hyperscaler,on-demand,,2026-04-20 08:08:44.991254,2026-04-20
1.905725,3.4031875,4.775,4.155011176567055,1372.0,0.08,21.2,aggregate,training,all,,2026-04-20 08:08:44.991254,2026-04-20
3.682060625,3.81722,3.883495625,3.791403333333333,6.0,3.637005,3.93438,gpu_provider,B200,on-demand,vastai,2026-04-20 08:08:44.991254,2026-04-20
,2.112280701754386,,,,,,metric,hyperscaler_premium_h100,on-demand,,2026-04-20 08:08:44.991254,2026-04-20
,3.99,,,,,,metric,neocloud_median_h100,on-demand,,2026-04-20 08:08:44.991254,2026-04-20
,8.428,,,,,,metric,hyperscaler_median_h100,on-demand,,2026-04-20 08:08:44.991254,2026-04-20
2.99,3.99,4.19,3.5590454279279293,111.0,1.550345,4.29,provider_h100,neocloud,on-demand,,2026-04-20 08:08:44.991254,2026-04-20
5.7193375,8.428,11.985552625,9.015100218201756,114.0,5.3832685,15.830423875,provider_h100,hyperscaler,on-demand,,2026-04-20 08:08:44.991254,2026-04-20
,1.066423417132216,,,,,,metric,hyperscaler_premium_all,on-demand,,2026-04-20 08:08:44.991254,2026-04-20
3.05,3.525,4.0,3.525,88.0,3.05,4.0,gpu_provider,A100,on-demand,oci,2026-04-20 08:08:44.991254,2026-04-20
,1.7184,,,,,,metric,neocloud_median_all,on-demand,,2026-04-20 08:08:44.991254,2026-04-20
0.471,1.7184,3.901396875,inf,668.0,0.03127,inf,provider,neocloud,on-demand,,2026-04-20 08:08:44.991254,2026-04-20
,3.2937280653011785,,,,,,metric,training_inference_ratio,on-demand,,2026-04-20 08:08:44.991254,2026-04-20
0.269216,0.39948,0.544848,0.5451088532635168,2053.0,0.0684,9.1089,aggregate,inference,spot,,2026-04-20 08:08:44.991254,2026-04-20
0.88,1.241754,1.804871,1.6534356726266497,2349.0,0.343,10.98917,aggregate,inference,on-demand,,2026-04-20 08:08:44.991254,2026-04-20
0.4119560625,0.706832,1.342,1.1365354090754203,4402.0,0.0684,10.98917,aggregate,inference,all,,2026-04-20 08:08:44.991254,2026-04-20
1.33046625,1.804978,3.29344209375,2.8359505792844524,566.0,0.08,21.2,aggregate,training,spot,,2026-04-20 08:08:44.991254,2026-04-20
3.05,4.09,5.754749375,5.081299387562035,806.0,0.09349,21.2,aggregate,training,on-demand,,2026-04-20 08:08:44.991254,2026-04-20
,1.832542,,,,,,metric,hyperscaler_median_all,on-demand,,2026-04-20 08:08:44.991254,2026-04-20
6.765000000000001,6.84,6.915,6.84,64.0,6.69,6.99,gpu_provider,B200,on-demand,lambdalabs,2026-04-20 08:08:44.991254,2026-04-20
2.9,2.9,2.9,2.9,4.0,2.9,2.9,gpu_provider,B200,spot,nebius,2026-04-20 08:08:44.991254,2026-04-20
3.124248,4.067322,5.430569,4.787950147025172,437.0,0.8015,15.830423875,gpu,H100,all,,2026-04-20 08:08:44.991254,2026-04-20
5.596119875,10.97905825,12.51612875,9.19199803230337,89.0,5.3832685,15.830423875,gpu_provider,H100,on-demand,gcp,2026-04-20 08:08:44.991254,2026-04-20
1.25,1.25,1.25,1.25,2.0,1.25,1.25,gpu_provider,H100,spot,nebius,2026-04-20 08:08:44.991254,2026-04-20
2.95,2.95,2.95,2.95,2.0,2.95,2.95,gpu_provider,H100,on-demand,nebius,2026-04-20 08:08:44.991254,2026-04-20
0.8015,0.8015,0.8015,0.8015000000000003,15.0,0.8015,0.8015,gpu_provider,H100,spot,verda,2026-04-20 08:08:44.991254,2026-04-20
2.29,2.29,2.29,2.2899999999999996,15.0,2.29,2.29,gpu_provider,H100,on-demand,verda,2026-04-20 08:08:44.991254,2026-04-20
0.942375,1.5229825,1.80385,1.4437717301886792,265.0,0.08,4.1170625,gpu,A100,spot,,2026-04-20 08:08:44.991254,2026-04-20
1.5229825,2.38874275,4.0,2.7087917908827785,691.0,0.08,8.1925,gpu,A100,all,,2026-04-20 08:08:44.991254,2026-04-20
3.15506990625,3.43051,4.067322,3.455081749237805,164.0,1.288002,4.405626375,gpu_provider,H100,spot,gcp,2026-04-20 08:08:44.991254,2026-04-20
1.7115,2.6875,4.0758,2.8119983870967746,31.0,1.71125,4.891,gpu,B200,spot,,2026-04-20 08:08:44.991254,2026-04-20
4.0758,6.69,6.89,5.878182578124999,128.0,1.71125,11.277,gpu,B200,all,,2026-04-20 08:08:44.991254,2026-04-20
1.45,10.6,13.647499999999999,8.03134176724138,58.0,1.1865,21.2,gpu,H200,spot,,2026-04-20 08:08:44.991254,2026-04-20
3.5,10.6,13.647499999999999,8.936910344827588,58.0,2.4328,21.2,gpu,H200,on-demand,,2026-04-20 08:08:44.991254,2026-04-20
3.39,10.6,13.78,8.484126056034484,116.0,1.1865,21.2,gpu,H200,all,,2026-04-20 08:08:44.991254,2026-04-20
2.34994615625,3.263564,4.067322,3.158295975825472,212.0,0.8015,10.206675,gpu,H100,spot,,2026-04-20 08:08:44.991254,2026-04-20
3.99,5.3832685,8.6,6.323446521666667,225.0,1.550345,15.830423875,gpu,H100,on-demand,,2026-04-20 08:08:44.991254,2026-04-20
5.5,5.5,5.5,5.5,4.0,5.5,5.5,gpu_provider,B200,on-demand,nebius,2026-04-20 08:08:44.991254,2026-04-20
6.69,6.79,6.99,6.858097113402062,97.0,3.637005,11.277,gpu,B200,on-demand,,2026-04-20 08:08:44.991254,2026-04-20
1.55034625,1.5503475,1.55034875,1.5503475,3.0,1.550345,1.55035,gpu_provider,H100,on-demand,vastai,2026-04-20 08:08:44.991254,2026-04-20
2.5884385625,3.673,4.4075,3.495717415492958,426.0,0.09349,8.1925,gpu,A100,on-demand,,2026-04-20 08:08:44.991254,2026-04-20
2.99,2.99,2.99,2.9900000000000007,10.0,2.99,2.99,gpu_provider,H100,on-demand,runpod,2026-04-20 08:08:44.991254,2026-04-20
1.46666625,1.4666675,1.46666875,1.4666675,3.0,1.466665,1.46667,gpu_provider,H100,spot,vastai,2026-04-20 08:08:44.991254,2026-04-20
4.89,4.89,4.89,4.89,12.0,4.89,4.89,gpu_provider,B200,on-demand,verda,2026-04-20 08:08:44.991254,2026-04-20
12.561,13.25,13.835,13.62283870967742,31.0,10.6,21.2,gpu_provider,H200,spot,azure,2026-04-20 08:08:44.991254,2026-04-20
12.561,13.25,13.835,13.62283870967742,31.0,10.6,21.2,gpu_provider,H200,on-demand,azure,2026-04-20 08:08:44.991254,2026-04-20
2.2503225,2.2503225,2.2503225,2.2503225,1.0,2.2503225,2.2503225,gpu_provider,H200,spot,vastai,2026-04-20 08:08:44.991254,2026-04-20
2.4328,2.4328,2.4328,2.4328,1.0,2.4328,2.4328,gpu_provider,H200,on-demand,vastai,2026-04-20 08:08:44.991254,2026-04-20
2.29,2.29,2.29,2.29,8.0,2.29,2.29,gpu_provider,H200,spot,runpod,2026-04-20 08:08:44.991254,2026-04-20
3.99,3.99,3.99,3.99,8.0,3.99,3.99,gpu_provider,H200,on-demand,runpod,2026-04-20 08:08:44.991254,2026-04-20
1.45,1.45,1.45,1.45,6.0,1.45,1.45,gpu_provider,H200,spot,nebius,2026-04-20 08:08:44.991254,2026-04-20
1.7114375,1.7115,1.711625,1.7115625,12.0,1.71125,1.712,gpu_provider,B200,spot,verda,2026-04-20 08:08:44.991254,2026-04-20
1.1865,1.1865,1.186625,1.1866250000000003,12.0,1.1865,1.187,gpu_provider,H200,spot,verda,2026-04-20 08:08:44.991254,2026-04-20
3.39,3.39,3.39,3.39,12.0,3.39,3.39,gpu_provider,H200,on-demand,verda,2026-04-20 08:08:44.991254,2026-04-20
3.99,4.09,4.19,3.97,80.0,3.29,4.29,gpu_provider,H100,on-demand,lambdalabs,2026-04-20 08:08:44.991254,2026-04-20
2.653,2.653,2.653,2.653,1.0,2.653,2.653,gpu_provider,H100,on-demand,cudo,2026-04-20 08:08:44.991254,2026-04-20
1.93925,2.35785,4.115825,3.6946020833333333,18.0,1.35075,10.206675,gpu_provider,H100,spot,aws,2026-04-20 08:08:44.991254,2026-04-20
6.88,8.256,8.944,8.385344,25.0,6.88,11.5584,gpu_provider,H100,on-demand,aws,2026-04-20 08:08:44.991254,2026-04-20
1.75,1.75,1.75,1.75,10.0,1.75,1.75,gpu_provider,H100,spot,runpod,2026-04-20 08:08:44.991254,2026-04-20
3.5,3.5,3.5,3.5,6.0,3.5,3.5,gpu_provider,H200,on-demand,nebius,2026-04-20 08:08:44.991254,2026-04-20
1.99,1.99,2.79,2.2566666666666664,48.0,1.99,2.79,gpu_provider,A100,on-demand,lambdalabs,2026-04-21 07:51:49.624548,2026-04-21
1.689625,1.80385,1.905725,1.8976193392857144,112.0,1.40574,2.87299225,gpu_provider,A100,spot,gcp,2026-04-21 07:51:49.624548,2026-04-21
2.49227125,3.6792675,4.04959090625,3.4898916517857144,112.0,2.16346,5.7077325,gpu_provider,A100,on-demand,gcp,2026-04-21 07:51:49.624548,2026-04-21
0.87,0.95,0.95,0.8966666666666666,3.0,0.79,0.95,gpu_provider,A100,spot,runpod,2026-04-21 07:51:49.624548,2026-04-21
1.44,1.49,1.49,1.4566666666666668,3.0,1.39,1.49,gpu_provider,A100,on-demand,runpod,2026-04-21 07:51:49.624548,2026-04-21
0.88242,0.9737775,1.331265,1.1541553863636365,110.0,0.67877,2.38177,gpu_provider,A100,spot,azure,2026-04-21 07:51:49.624548,2026-04-21
4.4075,4.775,5.14225,4.894703663793103,116.0,3.399625,8.1925,gpu_provider,A100,on-demand,azure,2026-04-21 07:51:49.624548,2026-04-21
0.08,0.08,0.08,0.08,1.0,0.08,0.08,gpu_provider,A100,spot,vastai,2026-04-21 07:51:49.624548,2026-04-21
4.0758,4.0758,4.4834,4.2981333333333325,9.0,4.0758,4.891,gpu_provider,B200,spot,gcp,2026-04-21 07:51:49.624548,2026-04-21
0.2524,0.4515,0.4515,0.3851291666666667,18.0,0.252375,0.4515,gpu_provider,A100,spot,verda,2026-04-21 07:51:49.624548,2026-04-21
0.721125,1.29,1.29,1.1003708333333333,18.0,0.7211,1.29,gpu_provider,A100,on-demand,verda,2026-04-21 07:51:49.624548,2026-04-21
0.123,0.247,0.616,0.337,13.0,0.123,0.616,gpu_provider,A100,on-demand,vultr,2026-04-21 07:51:49.624548,2026-04-21
11.277,11.277,11.277,11.277,11.0,11.277,11.277,gpu_provider,B200,on-demand,gcp,2026-04-21 07:51:49.624548,2026-04-21
6.765000000000001,6.84,6.915,6.84,64.0,6.69,6.99,gpu_provider,B200,on-demand,lambdalabs,2026-04-21 07:51:49.624548,2026-04-21
,2.112280701754386,,,,,,metric,hyperscaler_premium_h100,on-demand,,2026-04-21 07:51:49.624548,2026-04-21
2.625,2.8625,3.1,2.8625,4.0,2.625,3.1,gpu_provider,B200,spot,vastai,2026-04-21 07:51:49.624548,2026-04-21
0.09341,0.09341,0.09341,0.09341,1.0,0.09341,0.09341,gpu_provider,A100,on-demand,vastai,2026-04-21 07:51:49.624548,2026-04-21
2.0047,2.0047,2.0047,2.0047,1.0,2.0047,2.0047,gpu_provider,A100,on-demand,cudo,2026-04-21 07:51:49.624548,2026-04-21
3.85396375,3.89575,3.93437625,3.89259,4.0,3.84448,3.93438,gpu_provider,B200,on-demand,vastai,2026-04-21 07:51:49.624548,2026-04-21
1.08543125,1.42898125,1.911628125,1.6778368055555555,18.0,0.31565,4.1170625,gpu_provider,A100,spot,aws,2026-04-21 07:51:49.624548,2026-04-21
,3.99,,,,,,metric,neocloud_median_h100,on-demand,,2026-04-21 07:51:49.624548,2026-04-21
,8.428,,,,,,metric,hyperscaler_median_h100,on-demand,,2026-04-21 07:51:49.624548,2026-04-21
2.99,3.99,4.19,3.545305758928572,112.0,1.54444,4.29,provider_h100,neocloud,on-demand,,2026-04-21 07:51:49.624548,2026-04-21
5.7193375,8.428,11.985552625,9.015100218201756,114.0,5.3832685,15.830423875,provider_h100,hyperscaler,on-demand,,2026-04-21 07:51:49.624548,2026-04-21
,1.0843443786982248,,,,,,metric,hyperscaler_premium_all,on-demand,,2026-04-21 07:51:49.624548,2026-04-21
,1.69,,,,,,metric,neocloud_median_all,on-demand,,2026-04-21 07:51:49.624548,2026-04-21
,1.832542,,,,,,metric,hyperscaler_median_all,on-demand,,2026-04-21 07:51:49.624548,2026-04-21
0.471,1.69,3.9,inf,677.0,0.03405,inf,provider,neocloud,on-demand,,2026-04-21 07:51:49.624548,2026-04-21
1.109996,1.832542,3.5,2.8330906640528144,4033.0,0.343,25.92,provider,hyperscaler,on-demand,,2026-04-21 07:51:49.624548,2026-04-21
,3.2937280653011785,,,,,,metric,training_inference_ratio,on-demand,,2026-04-21 07:51:49.624548,2026-04-21
0.26916,0.39948,0.5454570000000001,0.5443312052439024,2050.0,0.0684,9.1089,aggregate,inference,spot,,2026-04-21 07:51:49.624548,2026-04-21
0.88,1.241754,1.78943,1.6531514514066497,2346.0,0.343,10.98917,aggregate,inference,on-demand,,2026-04-21 07:51:49.624548,2026-04-21
0.4118650625,0.706832,1.3362500000000002,1.1360719462579618,4396.0,0.0684,10.98917,aggregate,inference,all,,2026-04-21 07:51:49.624548,2026-04-21
1.288002,1.804978,3.3239421562500002,2.8429399984374997,560.0,0.08,21.2,aggregate,training,spot,,2026-04-21 07:51:49.624548,2026-04-21
3.05,4.09,5.754749375,5.106242166510026,798.0,0.09341,21.2,aggregate,training,on-demand,,2026-04-21 07:51:49.624548,2026-04-21
1.9408218750000001,3.42981625,4.775,4.172921684830634,1358.0,0.08,21.2,aggregate,training,all,,2026-04-21 07:51:49.624548,2026-04-21
3.05,3.525,4.0,3.525,88.0,3.05,4.0,gpu_provider,A100,on-demand,oci,2026-04-21 07:51:49.624548,2026-04-21
3.1564675,3.43088125,3.801285,3.5327744761904762,21.0,2.744705,4.7027875,gpu_provider,A100,on-demand,aws,2026-04-21 07:51:49.624548,2026-04-21
2.9,2.9,2.9,2.9,4.0,2.9,2.9,gpu_provider,B200,spot,nebius,2026-04-21 07:51:49.624548,2026-04-21
12.561,13.25,13.835,13.62283870967742,31.0,10.6,21.2,gpu_provider,H200,spot,azure,2026-04-21 07:51:49.624548,2026-04-21
1.7114375,1.7115,1.711625,1.7115625,12.0,1.71125,1.712,gpu_provider,B200,spot,verda,2026-04-21 07:51:49.624548,2026-04-21
1.75,1.75,1.75,1.7,10.0,1.25,1.75,gpu_provider,H100,spot,runpod,2026-04-21 07:51:49.624548,2026-04-21
2.99,2.99,2.99,2.9300000000000006,10.0,2.39,2.99,gpu_provider,H100,on-demand,runpod,2026-04-21 07:51:49.624548,2026-04-21
0.8015,0.8015,0.8015,0.8015000000000003,15.0,0.8015,0.8015,gpu_provider,H100,spot,verda,2026-04-21 07:51:49.624548,2026-04-21
2.29,2.29,2.29,2.2899999999999996,15.0,2.29,2.29,gpu_provider,H100,on-demand,verda,2026-04-21 07:51:49.624548,2026-04-21
0.95,1.5229825,1.80385,1.4480681145038168,262.0,0.08,4.1170625,gpu,A100,spot,,2026-04-21 07:51:49.624548,2026-04-21
2.58843875,3.679267,4.4075,3.5202316840855103,421.0,0.09341,8.1925,gpu,A100,on-demand,,2026-04-21 07:51:49.624548,2026-04-21
1.54961625,2.527393,4.0,2.7253460980966326,683.0,0.08,8.1925,gpu,A100,all,,2026-04-21 07:51:49.624548,2026-04-21
2.95,2.95,2.95,2.95,2.0,2.95,2.95,gpu_provider,H100,on-demand,nebius,2026-04-21 07:51:49.624548,2026-04-21
1.7115,2.9,4.0758,2.8369637931034486,29.0,1.71125,4.891,gpu,B200,spot,,2026-04-21 07:51:49.624548,2026-04-21
4.4834,6.69,6.89,5.970397661290324,124.0,1.71125,11.277,gpu,B200,all,,2026-04-21 07:51:49.624548,2026-04-21
1.45,11.129999999999999,13.78,8.223855178571428,56.0,1.1865,21.2,gpu,H200,spot,,2026-04-21 07:51:49.624548,2026-04-21
3.5,11.129999999999999,13.78,9.105547857142856,56.0,1.98268,21.2,gpu,H200,on-demand,,2026-04-21 07:51:49.624548,2026-04-21
3.39,11.129999999999999,13.78,8.664701517857143,112.0,1.1865,21.2,gpu,H200,all,,2026-04-21 07:51:49.624548,2026-04-21
2.2846,3.263564,4.067322,3.144810859741784,213.0,0.8015,10.2043,gpu,H100,spot,,2026-04-21 07:51:49.624548,2026-04-21
3.99,5.3832685,8.514,6.304405618915929,226.0,1.54444,15.830423875,gpu,H100,on-demand,,2026-04-21 07:51:49.624548,2026-04-21
3.0839755,4.067322,5.430569,4.771390394077448,439.0,0.8015,15.830423875,gpu,H100,all,,2026-04-21 07:51:49.624548,2026-04-21
6.69,6.79,6.99,6.926919578947371,95.0,3.84448,11.277,gpu,B200,on-demand,,2026-04-21 07:51:49.624548,2026-04-21
1.25,1.25,1.25,1.25,2.0,1.25,1.25,gpu_provider,H100,spot,nebius,2026-04-21 07:51:49.624548,2026-04-21
5.5,5.5,5.5,5.5,4.0,5.5,5.5,gpu_provider,B200,on-demand,nebius,2026-04-21 07:51:49.624548,2026-04-21
3.15506990625,3.43051,4.067322,3.455081749237805,164.0,1.288002,4.405626375,gpu_provider,H100,spot,gcp,2026-04-21 07:51:49.624548,2026-04-21
5.596119875,10.97905825,12.51612875,9.19199803230337,89.0,5.3832685,15.830423875,gpu_provider,H100,on-demand,gcp,2026-04-21 07:51:49.624548,2026-04-21
4.89,4.89,4.89,4.89,12.0,4.89,4.89,gpu_provider,B200,on-demand,verda,2026-04-21 07:51:49.624548,2026-04-21
12.561,13.25,13.835,13.62283870967742,31.0,10.6,21.2,gpu_provider,H200,on-demand,azure,2026-04-21 07:51:49.624548,2026-04-21
1.54839,1.54839,1.54839,1.54839,1.0,1.54839,1.54839,gpu_provider,H200,spot,vastai,2026-04-21 07:51:49.624548,2026-04-21
1.98268,1.98268,1.98268,1.98268,1.0,1.98268,1.98268,gpu_provider,H200,on-demand,vastai,2026-04-21 07:51:49.624548,2026-04-21
3.99,3.99,3.99,3.9900000000000007,6.0,3.99,3.99,gpu_provider,H200,on-demand,runpod,2026-04-21 07:51:49.624548,2026-04-21
1.45,1.45,1.45,1.45,6.0,1.45,1.45,gpu_provider,H200,spot,nebius,2026-04-21 07:51:49.624548,2026-04-21
3.5,3.5,3.5,3.5,6.0,3.5,3.5,gpu_provider,H200,on-demand,nebius,2026-04-21 07:51:49.624548,2026-04-21
2.29,2.29,2.29,2.2899999999999996,6.0,2.29,2.29,gpu_provider,H200,spot,runpod,2026-04-21 07:51:49.624548,2026-04-21
3.39,3.39,3.39,3.39,12.0,3.39,3.39,gpu_provider,H200,on-demand,verda,2026-04-21 07:51:49.624548,2026-04-21
3.99,4.09,4.19,3.97,80.0,3.29,4.29,gpu_provider,H100,on-demand,lambdalabs,2026-04-21 07:51:49.624548,2026-04-21
2.653,2.653,2.653,2.653,1.0,2.653,2.653,gpu_provider,H100,on-demand,cudo,2026-04-21 07:51:49.624548,2026-04-21
1.9409125,2.3824,4.194525,3.7012111111111117,18.0,1.322,10.2043,gpu_provider,H100,spot,aws,2026-04-21 07:51:49.624548,2026-04-21
6.88,8.256,8.944,8.385344,25.0,6.88,11.5584,gpu_provider,H100,on-demand,aws,2026-04-21 07:51:49.624548,2026-04-21
1.0666690625,1.26667,1.4667525,1.2667515625,4.0,1.06666625,1.467,gpu_provider,H100,spot,vastai,2026-04-21 07:51:49.624548,2026-04-21
1.5444437500000001,1.8178125,2.09118,1.81781125,4.0,1.54444,2.09118,gpu_provider,H100,on-demand,vastai,2026-04-21 07:51:49.624548,2026-04-21
1.1865,1.1865,1.186625,1.1866250000000003,12.0,1.1865,1.187,gpu_provider,H200,spot,verda,2026-04-21 07:51:49.624548,2026-04-21
1.4649999999999999,1.49,1.5645,1.5395,4.0,1.39,1.788,gpu_provider,A100,on-demand,runpod,2026-04-22 07:49:01.167757,2026-04-22
2.0047,2.0047,2.0047,2.0047,1.0,2.0047,2.0047,gpu_provider,A100,on-demand,cudo,2026-04-22 07:49:01.167757,2026-04-22
1.99,1.99,2.79,2.2566666666666664,48.0,1.99,2.79,gpu_provider,A100,on-demand,lambdalabs,2026-04-22 07:49:01.167757,2026-04-22
1.689625,1.80385,1.905725,1.8976193392857144,112.0,1.40574,2.87299225,gpu_provider,A100,spot,gcp,2026-04-22 07:49:01.167757,2026-04-22
2.49227125,3.6792675,4.04959090625,3.4898916517857144,112.0,2.16346,5.7077325,gpu_provider,A100,on-demand,gcp,2026-04-22 07:49:01.167757,2026-04-22
0.87,0.95,0.95,0.8966666666666666,3.0,0.79,0.95,gpu_provider,A100,spot,runpod,2026-04-22 07:49:01.167757,2026-04-22
0.88242,0.9737775,1.331265,1.1541553863636365,110.0,0.67877,2.38177,gpu_provider,A100,spot,azure,2026-04-22 07:49:01.167757,2026-04-22
2.671875,2.6875,2.95,2.8203125,8.0,2.625,3.25,gpu_provider,B200,spot,vastai,2026-04-22 07:49:01.167757,2026-04-22
0.08325,0.0865,0.08975,0.0865,2.0,0.08,0.093,gpu_provider,A100,spot,vastai,2026-04-22 07:49:01.167757,2026-04-22
0.09342,0.09342,0.09342,0.09342,2.0,0.09342,0.09342,gpu_provider,A100,on-demand,vastai,2026-04-22 07:49:01.167757,2026-04-22
0.2524,0.4515,0.4515,0.3851291666666667,18.0,0.252375,0.4515,gpu_provider,A100,spot,verda,2026-04-22 07:49:01.167757,2026-04-22
0.721125,1.29,1.29,1.1003708333333333,18.0,0.7211,1.29,gpu_provider,A100,on-demand,verda,2026-04-22 07:49:01.167757,2026-04-22
4.0758,4.0758,4.4834,4.2981333333333325,9.0,4.0758,4.891,gpu_provider,B200,spot,gcp,2026-04-22 07:49:01.167757,2026-04-22
11.277,11.277,11.277,11.277,11.0,11.277,11.277,gpu_provider,B200,on-demand,gcp,2026-04-22 07:49:01.167757,2026-04-22
3.1564675,3.43088125,3.801285,3.5327744761904762,21.0,2.744705,4.7027875,gpu_provider,A100,on-demand,aws,2026-04-22 07:49:01.167757,2026-04-22
4.4075,4.775,5.14225,4.894703663793103,116.0,3.399625,8.1925,gpu_provider,A100,on-demand,azure,2026-04-22 07:49:01.167757,2026-04-22
1.062875,1.41261875,1.835884375,1.6517319444444443,18.0,0.31565,4.1170625,gpu_provider,A100,spot,aws,2026-04-22 07:49:01.167757,2026-04-22
1.109996,1.8340375,3.5,2.8341385096988096,4034.0,0.343,25.92,provider,hyperscaler,on-demand,,2026-04-22 07:49:01.167757,2026-04-22
1.99,3.43051,4.775,4.196007975331369,1358.0,0.08,21.2,aggregate,training,all,,2026-04-22 07:49:01.167757,2026-04-22
3.637009375,3.7603299999999997,3.8871925,3.79128296875,8.0,3.63700625,4.09287,gpu_provider,B200,on-demand,vastai,2026-04-22 07:49:01.167757,2026-04-22
,2.112280701754386,,,,,,metric,hyperscaler_premium_h100,on-demand,,2026-04-22 07:49:01.167757,2026-04-22
,3.99,,,,,,metric,neocloud_median_h100,on-demand,,2026-04-22 07:49:01.167757,2026-04-22
,8.428,,,,,,metric,hyperscaler_median_h100,on-demand,,2026-04-22 07:49:01.167757,2026-04-22
2.99,3.99,4.19,3.53546935840708,113.0,1.46816,4.29,provider_h100,neocloud,on-demand,,2026-04-22 07:49:01.167757,2026-04-22
5.7193375,8.428,11.985552625,9.015100218201756,114.0,5.3832685,15.830423875,provider_h100,hyperscaler,on-demand,,2026-04-22 07:49:01.167757,2026-04-22
,1.0377036890347404,,,,,,metric,hyperscaler_premium_all,on-demand,,2026-04-22 07:49:01.167757,2026-04-22
3.05,3.525,4.0,3.525,88.0,3.05,4.0,gpu_provider,A100,on-demand,oci,2026-04-22 07:49:01.167757,2026-04-22
,1.7673999999999999,,,,,,metric,neocloud_median_all,on-demand,,2026-04-22 07:49:01.167757,2026-04-22
0.49,1.7673999999999999,3.9,inf,668.0,0.02985,inf,provider,neocloud,on-demand,,2026-04-22 07:49:01.167757,2026-04-22
,3.2937280653011785,,,,,,metric,training_inference_ratio,on-demand,,2026-04-22 07:49:01.167757,2026-04-22
0.26916,0.39948,0.544848,0.5452834696785193,2053.0,0.0684,9.1089,aggregate,inference,spot,,2026-04-22 07:49:01.167757,2026-04-22
0.88,1.241754,1.804871,1.6532717688378034,2349.0,0.343,10.98917,aggregate,inference,on-demand,,2026-04-22 07:49:01.167757,2026-04-22
0.41053,0.7069605,1.3410625,1.136529383973194,4402.0,0.0684,10.98917,aggregate,inference,all,,2026-04-22 07:49:01.167757,2026-04-22
1.317369375,1.804978,3.29344209375,2.8386857515459365,566.0,0.08,21.2,aggregate,training,spot,,2026-04-22 07:49:01.167757,2026-04-22
3.05,4.09,5.762968625,5.166013503945707,792.0,0.09342,21.2,aggregate,training,on-demand,,2026-04-22 07:49:01.167757,2026-04-22
,1.8340375,,,,,,metric,hyperscaler_median_all,on-demand,,2026-04-22 07:49:01.167757,2026-04-22
6.765000000000001,6.84,6.915,6.84,64.0,6.69,6.99,gpu_provider,B200,on-demand,lambdalabs,2026-04-22 07:49:01.167757,2026-04-22
5.5,5.5,5.5,5.5,4.0,5.5,5.5,gpu_provider,B200,on-demand,nebius,2026-04-22 07:49:01.167757,2026-04-22
3.0839755,4.067322,5.430569,4.762464147959184,441.0,0.8015,15.830423875,gpu,H100,all,,2026-04-22 07:49:01.167757,2026-04-22
1.25,1.25,1.25,1.25,2.0,1.25,1.25,gpu_provider,H100,spot,nebius,2026-04-22 07:49:01.167757,2026-04-22
2.95,2.95,2.95,2.95,2.0,2.95,2.95,gpu_provider,H100,on-demand,nebius,2026-04-22 07:49:01.167757,2026-04-22
0.8015,0.8015,0.8015,0.8015000000000003,15.0,0.8015,0.8015,gpu_provider,H100,spot,verda,2026-04-22 07:49:01.167757,2026-04-22
2.29,2.29,2.29,2.2899999999999996,15.0,2.29,2.29,gpu_provider,H100,on-demand,verda,2026-04-22 07:49:01.167757,2026-04-22
0.94254125,1.5229825,1.80385,1.441129119771863,263.0,0.08,4.1170625,gpu,A100,spot,,2026-04-22 07:49:01.167757,2026-04-22
1.582865,2.527393,4.0,2.7615675,673.0,0.08,8.1925,gpu,A100,all,,2026-04-22 07:49:01.167757,2026-04-22
1.7115,2.6875,4.0758,2.8298318181818183,33.0,1.71125,4.891,gpu,B200,spot,,2026-04-22 07:49:01.167757,2026-04-22
6.69,6.79,6.99,6.796133977272729,99.0,3.63700625,11.277,gpu,B200,on-demand,,2026-04-22 07:49:01.167757,2026-04-22
4.0758,6.69,6.89,5.8045584375,132.0,1.71125,11.277,gpu,B200,all,,2026-04-22 07:49:01.167757,2026-04-22
1.45,11.129999999999999,13.78,8.237098214285714,56.0,1.1865,21.2,gpu,H200,spot,,2026-04-22 07:49:01.167757,2026-04-22
3.5,11.129999999999999,13.78,9.141392857142858,56.0,3.39,21.2,gpu,H200,on-demand,,2026-04-22 07:49:01.167757,2026-04-22
3.39,11.129999999999999,13.78,8.689245535714287,112.0,1.1865,21.2,gpu,H200,all,,2026-04-22 07:49:01.167757,2026-04-22
2.202903125,3.263564,4.067322,3.1449403125,214.0,0.8015,10.1967,gpu,H100,spot,,2026-04-22 07:49:01.167757,2026-04-22
3.99,5.3832685,8.428,6.287354459801762,227.0,1.46816,15.830423875,gpu,H100,on-demand,,2026-04-22 07:49:01.167757,2026-04-22
2.9,2.9,2.9,2.9,4.0,2.9,2.9,gpu_provider,B200,spot,nebius,2026-04-22 07:49:01.167757,2026-04-22
5.596119875,10.97905825,12.51612875,9.19199803230337,89.0,5.3832685,15.830423875,gpu_provider,H100,on-demand,gcp,2026-04-22 07:49:01.167757,2026-04-22
3.15506990625,3.43051,4.067322,3.455081749237805,164.0,1.288002,4.405626375,gpu_provider,H100,spot,gcp,2026-04-22 07:49:01.167757,2026-04-22
2.77848,3.747972,4.408,3.608580412195122,410.0,0.09342,8.1925,gpu,A100,on-demand,,2026-04-22 07:49:01.167757,2026-04-22
1.75,1.75,1.75,1.75,11.0,1.75,1.75,gpu_provider,H100,spot,runpod,2026-04-22 07:49:01.167757,2026-04-22
2.99,2.99,2.99,2.9900000000000007,11.0,2.99,2.99,gpu_provider,H100,on-demand,runpod,2026-04-22 07:49:01.167757,2026-04-22
4.89,4.89,4.89,4.89,12.0,4.89,4.89,gpu_provider,B200,on-demand,verda,2026-04-22 07:49:01.167757,2026-04-22
12.561,13.25,13.835,13.62283870967742,31.0,10.6,21.2,gpu_provider,H200,spot,azure,2026-04-22 07:49:01.167757,2026-04-22
12.561,13.25,13.835,13.62283870967742,31.0,10.6,21.2,gpu_provider,H200,on-demand,azure,2026-04-22 07:49:01.167757,2026-04-22
2.29,2.29,2.29,2.2899999999999996,7.0,2.29,2.29,gpu_provider,H200,spot,runpod,2026-04-22 07:49:01.167757,2026-04-22
3.99,3.99,3.99,3.990000000000001,7.0,3.99,3.99,gpu_provider,H200,on-demand,runpod,2026-04-22 07:49:01.167757,2026-04-22
1.45,1.45,1.45,1.45,6.0,1.45,1.45,gpu_provider,H200,spot,nebius,2026-04-22 07:49:01.167757,2026-04-22
3.5,3.5,3.5,3.5,6.0,3.5,3.5,gpu_provider,H200,on-demand,nebius,2026-04-22 07:49:01.167757,2026-04-22
1.7114375,1.7115,1.711625,1.7115625,12.0,1.71125,1.712,gpu_provider,B200,spot,verda,2026-04-22 07:49:01.167757,2026-04-22
3.39,3.39,3.39,3.39,12.0,3.39,3.39,gpu_provider,H200,on-demand,verda,2026-04-22 07:49:01.167757,2026-04-22
3.99,4.09,4.19,3.97,80.0,3.29,4.29,gpu_provider,H100,on-demand,lambdalabs,2026-04-22 07:49:01.167757,2026-04-22
2.653,2.653,2.653,2.653,1.0,2.653,2.653,gpu_provider,H100,on-demand,cudo,2026-04-22 07:49:01.167757,2026-04-22
1.466666875,1.4666675,1.466668125,1.4666675,4.0,1.466665,1.46667,gpu_provider,H100,spot,vastai,2026-04-22 07:49:01.167757,2026-04-22
1.528758125,1.54895875,1.54896,1.528759375,4.0,1.46816,1.54896,gpu_provider,H100,on-demand,vastai,2026-04-22 07:49:01.167757,2026-04-22
1.9328,2.3310000000000004,4.18786875,3.7080361111111113,18.0,1.296775,10.1967,gpu_provider,H100,spot,aws,2026-04-22 07:49:01.167757,2026-04-22
6.88,8.256,8.944,8.385344,25.0,6.88,11.5584,gpu_provider,H100,on-demand,aws,2026-04-22 07:49:01.167757,2026-04-22
1.1865,1.1865,1.186625,1.1866250000000003,12.0,1.1865,1.187,gpu_provider,H200,spot,verda,2026-04-22 07:49:01.167757,2026-04-22
1.99,1.99,2.79,2.2566666666666664,48.0,1.99,2.79,gpu_provider,A100,on-demand,lambdalabs,2026-04-23 07:54:35.809047,2026-04-23
1.689625,1.80385,1.905725,1.8976193392857144,112.0,1.40574,2.87299225,gpu_provider,A100,spot,gcp,2026-04-23 07:54:35.809047,2026-04-23
2.49227125,3.6792675,4.04959090625,3.4898916517857144,112.0,2.16346,5.7077325,gpu_provider,A100,on-demand,gcp,2026-04-23 07:54:35.809047,2026-04-23
1.0825,1.225,1.27,1.1275,4.0,0.79,1.27,gpu_provider,A100,spot,runpod,2026-04-23 07:54:35.809047,2026-04-23
1.39,1.39,1.49,1.3519999999999999,5.0,1.0,1.49,gpu_provider,A100,on-demand,runpod,2026-04-23 07:54:35.809047,2026-04-23
0.88242,0.9737775,1.331265,1.1541553863636365,110.0,0.67877,2.38177,gpu_provider,A100,spot,azure,2026-04-23 07:54:35.809047,2026-04-23
4.4075,4.775,5.14225,4.894703663793103,116.0,3.399625,8.1925,gpu_provider,A100,on-demand,azure,2026-04-23 07:54:35.809047,2026-04-23
0.721125,1.29,1.29,1.1003708333333333,18.0,0.7211,1.29,gpu_provider,A100,on-demand,verda,2026-04-23 07:54:35.809047,2026-04-23
0.09347,0.09347,0.09347,0.09347,3.0,0.09347,0.09347,gpu_provider,A100,on-demand,vastai,2026-04-23 07:54:35.809047,2026-04-23
0.2524,0.4515,0.4515,0.3851291666666667,18.0,0.252375,0.4515,gpu_provider,A100,spot,verda,2026-04-23 07:54:35.809047,2026-04-23
4.0758,4.0758,4.4834,4.2981333333333325,9.0,4.0758,4.891,gpu_provider,B200,spot,gcp,2026-04-23 07:54:35.809047,2026-04-23
11.277,11.277,11.277,11.277,11.0,11.277,11.277,gpu_provider,B200,on-demand,gcp,2026-04-23 07:54:35.809047,2026-04-23
2.625,2.625,2.98125,2.783333333333333,6.0,2.625,3.1,gpu_provider,B200,spot,vastai,2026-04-23 07:54:35.809047,2026-04-23
,2.112280701754386,,,,,,metric,hyperscaler_premium_h100,on-demand,,2026-04-23 07:54:35.809047,2026-04-23
2.0047,2.0047,2.0047,2.0047,1.0,2.0047,2.0047,gpu_provider,A100,on-demand,cudo,2026-04-23 07:54:35.809047,2026-04-23
0.08,0.08,0.08,0.08,3.0,0.08,0.08,gpu_provider,A100,spot,vastai,2026-04-23 07:54:35.809047,2026-04-23
3.1564675,3.43088125,3.801285,3.5327744761904762,21.0,2.744705,4.7027875,gpu_provider,A100,on-demand,aws,2026-04-23 07:54:35.809047,2026-04-23
6.765000000000001,6.84,6.915,6.84,64.0,6.69,6.99,gpu_provider,B200,on-demand,lambdalabs,2026-04-23 07:54:35.809047,2026-04-23
3.05,3.525,4.0,3.525,88.0,3.05,4.0,gpu_provider,A100,on-demand,oci,2026-04-23 07:54:35.809047,2026-04-23
,3.99,,,,,,metric,neocloud_median_h100,on-demand,,2026-04-23 07:54:35.809047,2026-04-23
,8.428,,,,,,metric,hyperscaler_median_h100,on-demand,,2026-04-23 07:54:35.809047,2026-04-23
2.99,3.99,4.19,3.55482375,112.0,1.4679525,4.29,provider_h100,neocloud,on-demand,,2026-04-23 07:54:35.809047,2026-04-23
5.7193375,8.428,11.985552625,9.015100218201756,114.0,5.3832685,15.830423875,provider_h100,hyperscaler,on-demand,,2026-04-23 07:54:35.809047,2026-04-23
,1.0672937034450651,,,,,,metric,hyperscaler_premium_all,on-demand,,2026-04-23 07:54:35.809047,2026-04-23
,1.7184,,,,,,metric,neocloud_median_all,on-demand,,2026-04-23 07:54:35.809047,2026-04-23
,1.8340375,,,,,,metric,hyperscaler_median_all,on-demand,,2026-04-23 07:54:35.809047,2026-04-23
1.06663125,1.39283125,1.80099375,1.623809722222222,18.0,0.31565,4.1170625,gpu_provider,A100,spot,aws,2026-04-23 07:54:35.809047,2026-04-23
0.49,1.7184,3.93437875,inf,666.0,0.033,inf,provider,neocloud,on-demand,,2026-04-23 07:54:35.809047,2026-04-23
,3.2937280653011785,,,,,,metric,training_inference_ratio,on-demand,,2026-04-23 07:54:35.809047,2026-04-23
0.26916,0.39948,0.5454570000000001,0.5445970442682927,2050.0,0.0684,9.1089,aggregate,inference,spot,,2026-04-23 07:54:35.809047,2026-04-23
0.88,1.241754,1.78943,1.652632436061381,2346.0,0.343,10.98917,aggregate,inference,on-demand,,2026-04-23 07:54:35.809047,2026-04-23
0.41053,0.706832,1.3303150000000001,1.1359189344290266,4396.0,0.0684,10.98917,aggregate,inference,all,,2026-04-23 07:54:35.809047,2026-04-23
1.27803,1.8909,3.300242125,2.8543729608407076,565.0,0.08,21.2,aggregate,training,spot,,2026-04-23 07:54:35.809047,2026-04-23
3.05,4.09,5.762968625,5.1625826911300505,792.0,0.09347,21.2,aggregate,training,on-demand,,2026-04-23 07:54:35.809047,2026-04-23
1.99,3.43051,4.775,4.201537372328667,1357.0,0.08,21.2,aggregate,training,all,,2026-04-23 07:54:35.809047,2026-04-23
1.109996,1.8340375,3.5,2.8341385096988096,4034.0,0.343,25.92,provider,hyperscaler,on-demand,,2026-04-23 07:54:35.809047,2026-04-23
2.9,2.9,2.9,2.9,4.0,2.9,2.9,gpu_provider,B200,spot,nebius,2026-04-23 07:54:35.809047,2026-04-23
3.8653512500000002,3.90621,3.93437875,3.91621125,6.0,3.84192,4.0474275,gpu_provider,B200,on-demand,vastai,2026-04-23 07:54:35.809047,2026-04-23
1.7114375,1.7115,1.711625,1.7115625,12.0,1.71125,1.712,gpu_provider,B200,spot,verda,2026-04-23 07:54:35.809047,2026-04-23
2.95,2.95,2.95,2.95,2.0,2.95,2.95,gpu_provider,H100,on-demand,nebius,2026-04-23 07:54:35.809047,2026-04-23
0.8015,0.8015,0.8015,0.8015000000000003,15.0,0.8015,0.8015,gpu_provider,H100,spot,verda,2026-04-23 07:54:35.809047,2026-04-23
2.29,2.29,2.29,2.2899999999999996,15.0,2.29,2.29,gpu_provider,H100,on-demand,verda,2026-04-23 07:54:35.809047,2026-04-23
0.9350825,1.48734,1.80385,1.435476824528302,265.0,0.08,4.1170625,gpu,A100,spot,,2026-04-23 07:54:35.809047,2026-04-23
2.77848,3.747972,4.408,3.592751308252427,412.0,0.09347,8.1925,gpu,A100,on-demand,,2026-04-23 07:54:35.809047,2026-04-23
1.57366,2.527393,4.0,2.748323334564254,677.0,0.08,8.1925,gpu,A100,all,,2026-04-23 07:54:35.809047,2026-04-23
1.7115,2.625,4.0758,2.8232887096774193,31.0,1.71125,4.891,gpu,B200,spot,,2026-04-23 07:54:35.809047,2026-04-23
6.69,6.79,6.99,6.865817190721649,97.0,3.84192,11.277,gpu,B200,on-demand,,2026-04-23 07:54:35.809047,2026-04-23
4.0758,6.69,6.89,5.8867673242187495,128.0,1.71125,11.277,gpu,B200,all,,2026-04-23 07:54:35.809047,2026-04-23
1.45,11.129999999999999,13.78,8.332098214285713,56.0,1.1865,21.2,gpu,H200,spot,,2026-04-23 07:54:35.809047,2026-04-23
3.5,10.6,13.78,9.06501754385965,57.0,3.39,21.2,gpu,H200,on-demand,,2026-04-23 07:54:35.809047,2026-04-23
3.39,10.6,13.78,8.701800884955754,113.0,1.1865,21.2,gpu,H200,all,,2026-04-23 07:54:35.809047,2026-04-23
2.54,3.263564,4.067322,3.184037156690141,213.0,0.8015,10.1938,gpu,H100,spot,,2026-04-23 07:54:35.809047,2026-04-23
3.99,5.3832685,8.514,6.309122499446903,226.0,1.4679525,15.830423875,gpu,H100,on-demand,,2026-04-23 07:54:35.809047,2026-04-23
3.1041117500000004,4.067322,5.430569,4.792851023348518,439.0,0.8015,15.830423875,gpu,H100,all,,2026-04-23 07:54:35.809047,2026-04-23
1.25,1.25,1.25,1.25,2.0,1.25,1.25,gpu_provider,H100,spot,nebius,2026-04-23 07:54:35.809047,2026-04-23
5.596119875,10.97905825,12.51612875,9.19199803230337,89.0,5.3832685,15.830423875,gpu_provider,H100,on-demand,gcp,2026-04-23 07:54:35.809047,2026-04-23
5.5,5.5,5.5,5.5,4.0,5.5,5.5,gpu_provider,B200,on-demand,nebius,2026-04-23 07:54:35.809047,2026-04-23
6.88,8.256,8.944,8.385344,25.0,6.88,11.5584,gpu_provider,H100,on-demand,aws,2026-04-23 07:54:35.809047,2026-04-23
3.15506990625,3.43051,4.067322,3.455081749237805,164.0,1.288002,4.405626375,gpu_provider,H100,spot,gcp,2026-04-23 07:54:35.809047,2026-04-23
4.89,4.89,4.89,4.89,12.0,4.89,4.89,gpu_provider,B200,on-demand,verda,2026-04-23 07:54:35.809047,2026-04-23
12.561,13.25,13.835,13.62283870967742,31.0,10.6,21.2,gpu_provider,H200,spot,azure,2026-04-23 07:54:35.809047,2026-04-23
12.561,13.25,13.835,13.62283870967742,31.0,10.6,21.2,gpu_provider,H200,on-demand,azure,2026-04-23 07:54:35.809047,2026-04-23
3.05,3.05,3.05,3.0500000000000003,7.0,3.05,3.05,gpu_provider,H200,spot,runpod,2026-04-23 07:54:35.809047,2026-04-23
1.45,1.45,1.45,1.45,6.0,1.45,1.45,gpu_provider,H200,spot,nebius,2026-04-23 07:54:35.809047,2026-04-23
3.5,3.5,3.5,3.5,6.0,3.5,3.5,gpu_provider,H200,on-demand,nebius,2026-04-23 07:54:35.809047,2026-04-23
1.1865,1.1865,1.186625,1.1866250000000003,12.0,1.1865,1.187,gpu_provider,H200,spot,verda,2026-04-23 07:54:35.809047,2026-04-23
3.99,3.99,3.99,4.08975,8.0,3.99,4.788,gpu_provider,H200,on-demand,runpod,2026-04-23 07:54:35.809047,2026-04-23
1.0666668750000001,1.06666875,1.1666693750000001,1.1666675,4.0,1.066665,1.4666675,gpu_provider,H100,spot,vastai,2026-04-23 07:54:35.809047,2026-04-23
1.9343137499999998,2.08976875,2.08977,1.9343149999999998,4.0,1.4679525,2.08977,gpu_provider,H100,on-demand,vastai,2026-04-23 07:54:35.809047,2026-04-23
3.99,4.09,4.19,3.97,80.0,3.29,4.29,gpu_provider,H100,on-demand,lambdalabs,2026-04-23 07:54:35.809047,2026-04-23
2.653,2.653,2.653,2.653,1.0,2.653,2.653,gpu_provider,H100,on-demand,cudo,2026-04-23 07:54:35.809047,2026-04-23
2.54,2.54,2.54,2.54,10.0,2.54,2.54,gpu_provider,H100,spot,runpod,2026-04-23 07:54:35.809047,2026-04-23
2.99,2.99,2.99,2.9900000000000007,10.0,2.99,2.99,gpu_provider,H100,on-demand,runpod,2026-04-23 07:54:35.809047,2026-04-23
1.9407125,2.26795,4.032559375,3.720963194444445,18.0,1.2443875,10.1938,gpu_provider,H100,spot,aws,2026-04-23 07:54:35.809047,2026-04-23
3.39,3.39,3.39,3.39,12.0,3.39,3.39,gpu_provider,H200,on-demand,verda,2026-04-23 07:54:35.809047,2026-04-23
4.4075,4.775,5.14225,4.894703663793103,116.0,3.399625,8.1925,gpu_provider,A100,on-demand,azure,2026-04-24 08:05:12.264091,2026-04-24
1.689625,1.80385,1.905725,1.8976193392857144,112.0,1.40574,2.87299225,gpu_provider,A100,spot,gcp,2026-04-24 08:05:12.264091,2026-04-24
2.49227125,3.6792675,4.04959090625,3.4898916517857144,112.0,2.16346,5.7077325,gpu_provider,A100,on-demand,gcp,2026-04-24 08:05:12.264091,2026-04-24
1.27,1.27,1.27,1.27,3.0,1.27,1.27,gpu_provider,A100,spot,runpod,2026-04-24 08:05:12.264091,2026-04-24
1.49,1.49,1.788,1.6092,5.0,1.49,1.788,gpu_provider,A100,on-demand,runpod,2026-04-24 08:05:12.264091,2026-04-24
0.88242,0.9737775,1.331265,1.1541553863636365,110.0,0.67877,2.38177,gpu_provider,A100,spot,azure,2026-04-24 08:05:12.264091,2026-04-24
0.2524,0.4515,0.4515,0.3851291666666667,18.0,0.252375,0.4515,gpu_provider,A100,spot,verda,2026-04-24 08:05:12.264091,2026-04-24
3.59,3.59,3.59,3.59,1.0,3.59,3.59,gpu_provider,B200,spot,runpod,2026-04-24 08:05:12.264091,2026-04-24
0.08,0.08,0.08,0.08,3.0,0.08,0.08,gpu_provider,A100,spot,vastai,2026-04-24 08:05:12.264091,2026-04-24
0.09344875,0.09345,0.09345,0.09344916666666668,3.0,0.0934475,0.09345,gpu_provider,A100,on-demand,vastai,2026-04-24 08:05:12.264091,2026-04-24
4.0758,4.0758,4.4834,4.2981333333333325,9.0,4.0758,4.891,gpu_provider,B200,spot,gcp,2026-04-24 08:05:12.264091,2026-04-24
11.277,11.277,11.277,11.277,11.0,11.277,11.277,gpu_provider,B200,on-demand,gcp,2026-04-24 08:05:12.264091,2026-04-24
6.765000000000001,6.84,6.915,6.84,64.0,6.69,6.99,gpu_provider,B200,on-demand,lambdalabs,2026-04-24 08:05:12.264091,2026-04-24
2.828125,3.03125,3.234375,3.03125,2.0,2.625,3.4375,gpu_provider,B200,spot,vastai,2026-04-24 08:05:12.264091,2026-04-24
4.0056675,4.156645,4.3076225,4.156645,2.0,3.85469,4.4586,gpu_provider,B200,on-demand,vastai,2026-04-24 08:05:12.264091,2026-04-24
1.99,1.99,2.79,2.2566666666666664,48.0,1.99,2.79,gpu_provider,A100,on-demand,lambdalabs,2026-04-24 08:05:12.264091,2026-04-24
0.721125,1.29,1.29,1.1003708333333333,18.0,0.7211,1.29,gpu_provider,A100,on-demand,verda,2026-04-24 08:05:12.264091,2026-04-24
2.0047,2.0047,2.0047,2.0047,1.0,2.0047,2.0047,gpu_provider,A100,on-demand,cudo,2026-04-24 08:05:12.264091,2026-04-24
0.26916,0.39948,0.5454570000000001,0.545989962633885,2054.0,0.0684,9.1089,aggregate,inference,spot,,2026-04-24 08:05:12.264091,2026-04-24
1.10351875,1.36224375,1.7507812500000002,1.6058138888888889,18.0,0.31565,4.1170625,gpu_provider,A100,spot,aws,2026-04-24 08:05:12.264091,2026-04-24
,2.112280701754386,,,,,,metric,hyperscaler_premium_h100,on-demand,,2026-04-24 08:05:12.264091,2026-04-24
5.49,5.49,5.49,5.49,1.0,5.49,5.49,gpu_provider,B200,on-demand,runpod,2026-04-24 08:05:12.264091,2026-04-24
,8.428,,,,,,metric,hyperscaler_median_h100,on-demand,,2026-04-24 08:05:12.264091,2026-04-24
2.99,3.99,4.19,3.5280706858407083,113.0,1.54458,4.29,provider_h100,neocloud,on-demand,,2026-04-24 08:05:12.264091,2026-04-24
5.7193375,8.428,11.985552625,9.015100218201756,114.0,5.3832685,15.830423875,provider_h100,hyperscaler,on-demand,,2026-04-24 08:05:12.264091,2026-04-24
,1.029642058165548,,,,,,metric,hyperscaler_premium_all,on-demand,,2026-04-24 08:05:12.264091,2026-04-24
,1.788,,,,,,metric,neocloud_median_all,on-demand,,2026-04-24 08:05:12.264091,2026-04-24
,1.841,,,,,,metric,hyperscaler_median_all,on-demand,,2026-04-24 08:05:12.264091,2026-04-24
0.49,1.788,3.9,inf,681.0,0.03329,inf,provider,neocloud,on-demand,,2026-04-24 08:05:12.264091,2026-04-24
1.109996,1.841,3.5,2.8352331670687954,4041.0,0.343,25.92,provider,hyperscaler,on-demand,,2026-04-24 08:05:12.264091,2026-04-24
,3.2947283540777703,,,,,,metric,training_inference_ratio,on-demand,,2026-04-24 08:05:12.264091,2026-04-24
0.879,1.241377,1.78943,1.652137576595745,2350.0,0.343,10.98917,aggregate,inference,on-demand,,2026-04-24 08:05:12.264091,2026-04-24
0.41053,0.706832,1.32962,1.136236759366485,4404.0,0.0684,10.98917,aggregate,inference,all,,2026-04-24 08:05:12.264091,2026-04-24
1.27803,1.8909,3.3416574375000003,2.8471004239417996,567.0,0.08,21.2,aggregate,training,spot,,2026-04-24 08:05:12.264091,2026-04-24
3.05,4.09,5.758859,5.149281155817611,795.0,0.0934475,21.2,aggregate,training,on-demand,,2026-04-24 08:05:12.264091,2026-04-24
1.99,3.43051,4.775,4.190884331314244,1362.0,0.08,21.2,aggregate,training,all,,2026-04-24 08:05:12.264091,2026-04-24
3.05,3.525,4.0,3.525,88.0,3.05,4.0,gpu_provider,A100,on-demand,oci,2026-04-24 08:05:12.264091,2026-04-24
3.1564675,3.43088125,3.801285,3.5327744761904762,21.0,2.744705,4.7027875,gpu_provider,A100,on-demand,aws,2026-04-24 08:05:12.264091,2026-04-24
,3.99,,,,,,metric,neocloud_median_h100,on-demand,,2026-04-24 08:05:12.264091,2026-04-24
2.9,2.9,2.9,2.9,4.0,2.9,2.9,gpu_provider,B200,spot,nebius,2026-04-24 08:05:12.264091,2026-04-24
1.7114375,1.7115,1.711625,1.7115625,12.0,1.71125,1.712,gpu_provider,B200,spot,verda,2026-04-24 08:05:12.264091,2026-04-24
1.25,1.25,1.25,1.25,2.0,1.25,1.25,gpu_provider,H100,spot,nebius,2026-04-24 08:05:12.264091,2026-04-24
2.95,2.95,2.95,2.95,2.0,2.95,2.95,gpu_provider,H100,on-demand,nebius,2026-04-24 08:05:12.264091,2026-04-24
0.8015,0.8015,0.8015,0.8015000000000003,15.0,0.8015,0.8015,gpu_provider,H100,spot,verda,2026-04-24 08:05:12.264091,2026-04-24
2.29,2.29,2.29,2.2899999999999996,15.0,2.29,2.29,gpu_provider,H100,on-demand,verda,2026-04-24 08:05:12.264091,2026-04-24
0.94645175,1.48734,1.80385,1.4370357329545453,264.0,0.08,4.1170625,gpu,A100,spot,,2026-04-24 08:05:12.264091,2026-04-24
2.77848,3.747972,4.408,3.5958725157766986,412.0,0.0934475,8.1925,gpu,A100,on-demand,,2026-04-24 08:05:12.264091,2026-04-24
1.7115,2.9,4.0758,2.8740875000000004,28.0,1.71125,4.891,gpu,B200,spot,,2026-04-24 08:05:12.264091,2026-04-24
5.596119875,10.97905825,12.51612875,9.19199803230337,89.0,5.3832685,15.830423875,gpu_provider,H100,on-demand,gcp,2026-04-24 08:05:12.264091,2026-04-24
6.69,6.79,6.99,6.981811595744683,94.0,3.85469,11.277,gpu,B200,on-demand,,2026-04-24 08:05:12.264091,2026-04-24
1.45,10.6,13.25,7.765102418032787,61.0,0.293,21.2,gpu,H200,spot,,2026-04-24 08:05:12.264091,2026-04-24
3.39,7.694,13.25,8.54024741935484,62.0,2.09399,21.2,gpu,H200,on-demand,,2026-04-24 08:05:12.264091,2026-04-24
3.05,10.6,13.25,8.155825914634146,123.0,0.293,21.2,gpu,H200,all,,2026-04-24 08:05:12.264091,2026-04-24
2.54,3.263564,4.067322,3.1812280811915885,214.0,0.8015,10.188275,gpu,H100,spot,,2026-04-24 08:05:12.264091,2026-04-24
3.99,5.3832685,8.428,6.283671420154185,227.0,1.54458,15.830423875,gpu,H100,on-demand,,2026-04-24 08:05:12.264091,2026-04-24
3.0839755,4.067322,5.430569,4.778177373582766,441.0,0.8015,15.830423875,gpu,H100,all,,2026-04-24 08:05:12.264091,2026-04-24
5.5,5.5,5.5,5.5,4.0,5.5,5.5,gpu_provider,B200,on-demand,nebius,2026-04-24 08:05:12.264091,2026-04-24
4.89,6.69,6.89,6.039055245901639,122.0,1.71125,11.277,gpu,B200,all,,2026-04-24 08:05:12.264091,2026-04-24
3.15506990625,3.43051,4.067322,3.455081749237805,164.0,1.288002,4.405626375,gpu_provider,H100,spot,gcp,2026-04-24 08:05:12.264091,2026-04-24
1.582865,2.527393,4.0,2.75277649408284,676.0,0.08,8.1925,gpu,A100,all,,2026-04-24 08:05:12.264091,2026-04-24
1.961053125,2.2404,3.885284375,3.734309027777778,18.0,1.208525,10.188275,gpu_provider,H100,spot,aws,2026-04-24 08:05:12.264091,2026-04-24
6.88,8.256,8.944,8.385344,25.0,6.88,11.5584,gpu_provider,H100,on-demand,aws,2026-04-24 08:05:12.264091,2026-04-24
12.561,13.25,13.835,13.62283870967742,31.0,10.6,21.2,gpu_provider,H200,spot,azure,2026-04-24 08:05:12.264091,2026-04-24
12.561,13.25,13.835,13.62283870967742,31.0,10.6,21.2,gpu_provider,H200,on-demand,azure,2026-04-24 08:05:12.264091,2026-04-24
3.05,3.05,3.05,3.0500000000000003,7.0,3.05,3.05,gpu_provider,H200,spot,runpod,2026-04-24 08:05:12.264091,2026-04-24
3.99,3.99,3.99,4.08975,8.0,3.99,4.788,gpu_provider,H200,on-demand,runpod,2026-04-24 08:05:12.264091,2026-04-24
0.293,1.9871,2.2503225,1.4147495,5.0,0.293,2.250325,gpu_provider,H200,spot,vastai,2026-04-24 08:05:12.264091,2026-04-24
2.390455,2.67574,2.814575,2.557868,5.0,2.09399,2.81458,gpu_provider,H200,on-demand,vastai,2026-04-24 08:05:12.264091,2026-04-24
1.45,1.45,1.45,1.45,6.0,1.45,1.45,gpu_provider,H200,spot,nebius,2026-04-24 08:05:12.264091,2026-04-24
3.5,3.5,3.5,3.5,6.0,3.5,3.5,gpu_provider,H200,on-demand,nebius,2026-04-24 08:05:12.264091,2026-04-24
4.89,4.89,4.89,4.89,12.0,4.89,4.89,gpu_provider,B200,on-demand,verda,2026-04-24 08:05:12.264091,2026-04-24
3.39,3.39,3.39,3.39,12.0,3.39,3.39,gpu_provider,H200,on-demand,verda,2026-04-24 08:05:12.264091,2026-04-24
3.99,4.09,4.19,3.97,80.0,3.29,4.29,gpu_provider,H100,on-demand,lambdalabs,2026-04-24 08:05:12.264091,2026-04-24
2.653,2.653,2.653,2.653,1.0,2.653,2.653,gpu_provider,H100,on-demand,cudo,2026-04-24 08:05:12.264091,2026-04-24
2.54,2.54,2.54,2.54,10.0,2.54,2.54,gpu_provider,H100,spot,runpod,2026-04-24 08:05:12.264091,2026-04-24
2.99,2.99,2.99,2.9900000000000007,10.0,2.99,2.99,gpu_provider,H100,on-demand,runpod,2026-04-24 08:05:12.264091,2026-04-24
1.466665,1.4666675,1.46667,1.4018680000000001,5.0,1.06667,1.5426675,gpu_provider,H100,spot,vastai,2026-04-24 08:05:12.264091,2026-04-24
1.5445825,1.544585,1.54549,1.6537975,5.0,1.54458,2.08975,gpu_provider,H100,on-demand,vastai,2026-04-24 08:05:12.264091,2026-04-24
1.1865,1.1865,1.186625,1.1866250000000003,12.0,1.1865,1.187,gpu_provider,H200,spot,verda,2026-04-24 08:05:12.264091,2026-04-24
3.1564675,3.43088125,3.801285,3.5327744761904762,21.0,2.744705,4.7027875,gpu_provider,A100,on-demand,aws,2026-04-25 07:18:01.533462,2026-04-25
2.0047,2.0047,2.0047,2.0047,1.0,2.0047,2.0047,gpu_provider,A100,on-demand,cudo,2026-04-25 07:18:01.533462,2026-04-25
1.99,1.99,2.79,2.2566666666666664,48.0,1.99,2.79,gpu_provider,A100,on-demand,lambdalabs,2026-04-25 07:18:01.533462,2026-04-25
1.689625,1.80385,1.905725,1.8976193392857144,112.0,1.40574,2.87299225,gpu_provider,A100,spot,gcp,2026-04-25 07:18:01.533462,2026-04-25
2.49227125,3.6792675,4.04959090625,3.4898916517857144,112.0,2.16346,5.7077325,gpu_provider,A100,on-demand,gcp,2026-04-25 07:18:01.533462,2026-04-25
1.03,1.27,1.27,1.11,3.0,0.79,1.27,gpu_provider,A100,spot,runpod,2026-04-25 07:18:01.533462,2026-04-25
1.415,1.49,1.7135,1.4909999999999999,6.0,1.0,1.788,gpu_provider,A100,on-demand,runpod,2026-04-25 07:18:01.533462,2026-04-25
0.88242,0.9737775,1.331265,1.1541553863636365,110.0,0.67877,2.38177,gpu_provider,A100,spot,azure,2026-04-25 07:18:01.533462,2026-04-25
4.0758,4.0758,4.4834,4.2981333333333325,9.0,4.0758,4.891,gpu_provider,B200,spot,gcp,2026-04-25 07:18:01.533462,2026-04-25
0.721125,1.29,1.29,1.1003708333333333,18.0,0.7211,1.29,gpu_provider,A100,on-demand,verda,2026-04-25 07:18:01.533462,2026-04-25
0.08,0.08,0.08,0.08,3.0,0.08,0.08,gpu_provider,A100,spot,vastai,2026-04-25 07:18:01.533462,2026-04-25
0.09341875,0.09342,0.09342,0.09341916666666666,3.0,0.0934175,0.09342,gpu_provider,A100,on-demand,vastai,2026-04-25 07:18:01.533462,2026-04-25
11.277,11.277,11.277,11.277,11.0,11.277,11.277,gpu_provider,B200,on-demand,gcp,2026-04-25 07:18:01.533462,2026-04-25
6.765000000000001,6.84,6.915,6.84,64.0,6.69,6.99,gpu_provider,B200,on-demand,lambdalabs,2026-04-25 07:18:01.533462,2026-04-25
3.4375,3.4375,3.4375,3.4375,1.0,3.4375,3.4375,gpu_provider,B200,spot,vastai,2026-04-25 07:18:01.533462,2026-04-25
4.41119,4.41119,4.41119,4.41119,1.0,4.41119,4.41119,gpu_provider,B200,on-demand,vastai,2026-04-25 07:18:01.533462,2026-04-25
4.4075,4.775,5.14225,4.894703663793103,116.0,3.399625,8.1925,gpu_provider,A100,on-demand,azure,2026-04-25 07:18:01.533462,2026-04-25
1.112171875,1.34285625,1.70765625,1.5869263888888887,18.0,0.31565,4.1170625,gpu_provider,A100,spot,aws,2026-04-25 07:18:01.533462,2026-04-25
2.9,2.9,2.9,2.9,4.0,2.9,2.9,gpu_provider,B200,spot,nebius,2026-04-25 07:18:01.533462,2026-04-25
1.99,3.43051,4.775,4.201845639238166,1352.0,0.08,21.2,aggregate,training,all,,2026-04-25 07:18:01.533462,2026-04-25
,2.112280701754386,,,,,,metric,hyperscaler_premium_h100,on-demand,,2026-04-25 07:18:01.533462,2026-04-25
,3.99,,,,,,metric,neocloud_median_h100,on-demand,,2026-04-25 07:18:01.533462,2026-04-25
,8.428,,,,,,metric,hyperscaler_median_h100,on-demand,,2026-04-25 07:18:01.533462,2026-04-25
2.99,3.99,4.19,3.524440942982457,114.0,1.54538,4.29,provider_h100,neocloud,on-demand,,2026-04-25 07:18:01.533462,2026-04-25
5.7193375,8.428,11.985552625,9.015100218201756,114.0,5.3832685,15.830423875,provider_h100,hyperscaler,on-demand,,2026-04-25 07:18:01.533462,2026-04-25
,1.09014275147929,,,,,,metric,hyperscaler_premium_all,on-demand,,2026-04-25 07:18:01.533462,2026-04-25
,1.69,,,,,,metric,neocloud_median_all,on-demand,,2026-04-25 07:18:01.533462,2026-04-25
3.05,3.525,4.0,3.525,88.0,3.05,4.0,gpu_provider,A100,on-demand,oci,2026-04-25 07:18:01.533462,2026-04-25
,1.84234125,,,,,,metric,hyperscaler_median_all,on-demand,,2026-04-25 07:18:01.533462,2026-04-25
1.109996,1.84234125,3.5,2.83575634614671,4042.0,0.343,25.92,provider,hyperscaler,on-demand,,2026-04-25 07:18:01.533462,2026-04-25
,3.2937280653011785,,,,,,metric,training_inference_ratio,on-demand,,2026-04-25 07:18:01.533462,2026-04-25
0.2687,0.399308,0.54566,0.5463476988553336,2053.0,0.0684,9.1089,aggregate,inference,spot,,2026-04-25 07:18:01.533462,2026-04-25
0.88,1.241754,1.804871,1.6531798999574288,2349.0,0.343,10.98917,aggregate,inference,on-demand,,2026-04-25 07:18:01.533462,2026-04-25
0.4107475,0.707089,1.3341456250000001,1.1369766948546116,4402.0,0.0684,10.98917,aggregate,inference,all,,2026-04-25 07:18:01.533462,2026-04-25
1.280523,1.8909,3.377088,2.8559274828736654,562.0,0.08,21.2,aggregate,training,spot,,2026-04-25 07:18:01.533462,2026-04-25
3.05,4.09,5.762968625,5.159321593512659,790.0,0.0934175,21.2,aggregate,training,on-demand,,2026-04-25 07:18:01.533462,2026-04-25
0.471,1.69,3.9,inf,688.0,0.03607,inf,provider,neocloud,on-demand,,2026-04-25 07:18:01.533462,2026-04-25
5.5,5.5,5.5,5.5,4.0,5.5,5.5,gpu_provider,B200,on-demand,nebius,2026-04-25 07:18:01.533462,2026-04-25
0.2524,0.4515,0.4515,0.3851291666666667,18.0,0.252375,0.4515,gpu_provider,A100,spot,verda,2026-04-25 07:18:01.533462,2026-04-25
4.89,4.89,4.89,4.89,12.0,4.89,4.89,gpu_provider,B200,on-demand,verda,2026-04-25 07:18:01.533462,2026-04-25
5.596119875,10.97905825,12.51612875,9.19199803230337,89.0,5.3832685,15.830423875,gpu_provider,H100,on-demand,gcp,2026-04-25 07:18:01.533462,2026-04-25
1.25,1.25,1.25,1.25,2.0,1.25,1.25,gpu_provider,H100,spot,nebius,2026-04-25 07:18:01.533462,2026-04-25
2.95,2.95,2.95,2.95,2.0,2.95,2.95,gpu_provider,H100,on-demand,nebius,2026-04-25 07:18:01.533462,2026-04-25
0.8015,0.8015,0.8015,0.8015000000000003,15.0,0.8015,0.8015,gpu_provider,H100,spot,verda,2026-04-25 07:18:01.533462,2026-04-25
2.29,2.29,2.29,2.2899999999999996,15.0,2.29,2.29,gpu_provider,H100,on-demand,verda,2026-04-25 07:18:01.533462,2026-04-25
0.930417625,1.48734,1.80385,1.4339297670454543,264.0,0.08,4.1170625,gpu,A100,spot,,2026-04-25 07:18:01.533462,2026-04-25
2.77848,3.747972,4.408,3.589344761501211,413.0,0.0934175,8.1925,gpu,A100,on-demand,,2026-04-25 07:18:01.533462,2026-04-25
3.15506990625,3.43051,4.067322,3.455081749237805,164.0,1.288002,4.405626375,gpu_provider,H100,spot,gcp,2026-04-25 07:18:01.533462,2026-04-25
1.582865,2.527393,4.0,2.7488284268833088,677.0,0.08,8.1925,gpu,A100,all,,2026-04-25 07:18:01.533462,2026-04-25
6.69,6.79,6.99,7.031502065217393,92.0,4.41119,11.277,gpu,B200,on-demand,,2026-04-25 07:18:01.533462,2026-04-25
4.89,6.74,6.89,6.111505423728816,118.0,1.71125,11.277,gpu,B200,all,,2026-04-25 07:18:01.533462,2026-04-25
1.45,10.6,13.78,8.223204561403508,57.0,1.1865,21.2,gpu,H200,spot,,2026-04-25 07:18:01.533462,2026-04-25
3.5,10.6,13.78,9.071206842105264,57.0,3.39,21.2,gpu,H200,on-demand,,2026-04-25 07:18:01.533462,2026-04-25
3.39,10.6,13.78,8.647205701754386,114.0,1.1865,21.2,gpu,H200,all,,2026-04-25 07:18:01.533462,2026-04-25
2.54,3.263564,4.067322,3.1790310552325582,215.0,0.8015,10.1775,gpu,H100,spot,,2026-04-25 07:18:01.533462,2026-04-25
3.99,4.8366342499999995,8.342,6.269770580592105,228.0,1.54538,15.830423875,gpu,H100,on-demand,,2026-04-25 07:18:01.533462,2026-04-25
1.7115,2.9,4.0758,2.856132692307693,26.0,1.71125,4.891,gpu,B200,spot,,2026-04-25 07:18:01.533462,2026-04-25
6.88,8.256,8.944,8.385344,25.0,6.88,11.5584,gpu_provider,H100,on-demand,aws,2026-04-25 07:18:01.533462,2026-04-25
3.0613727500000003,4.026222375,5.40691875,4.76975026918736,443.0,0.8015,15.830423875,gpu,H100,all,,2026-04-25 07:18:01.533462,2026-04-25
1.54538,1.5453825,1.669605,1.6786535,5.0,1.54538,2.08752,gpu_provider,H100,on-demand,vastai,2026-04-25 07:18:01.533462,2026-04-25
12.561,13.25,13.835,13.62283870967742,31.0,10.6,21.2,gpu_provider,H200,spot,azure,2026-04-25 07:18:01.533462,2026-04-25
12.561,13.25,13.835,13.62283870967742,31.0,10.6,21.2,gpu_provider,H200,on-demand,azure,2026-04-25 07:18:01.533462,2026-04-25
2.12516,2.12516,2.12516,2.12516,1.0,2.12516,2.12516,gpu_provider,H200,spot,vastai,2026-04-25 07:18:01.533462,2026-04-25
5.14079,5.14079,5.14079,5.14079,1.0,5.14079,5.14079,gpu_provider,H200,on-demand,vastai,2026-04-25 07:18:01.533462,2026-04-25
1.9505781249999998,2.24145,3.744328125,3.743097916666667,18.0,1.1986625,10.1775,gpu_provider,H100,spot,aws,2026-04-25 07:18:01.533462,2026-04-25
3.99,3.99,3.99,3.990000000000001,7.0,3.99,3.99,gpu_provider,H200,on-demand,runpod,2026-04-25 07:18:01.533462,2026-04-25
1.45,1.45,1.45,1.45,6.0,1.45,1.45,gpu_provider,H200,spot,nebius,2026-04-25 07:18:01.533462,2026-04-25
3.5,3.5,3.5,3.5,6.0,3.5,3.5,gpu_provider,H200,on-demand,nebius,2026-04-25 07:18:01.533462,2026-04-25
3.05,3.05,3.05,3.0500000000000003,7.0,3.05,3.05,gpu_provider,H200,spot,runpod,2026-04-25 07:18:01.533462,2026-04-25
1.1865,1.1865,1.186625,1.1866250000000003,12.0,1.1865,1.187,gpu_provider,H200,spot,verda,2026-04-25 07:18:01.533462,2026-04-25
3.39,3.39,3.39,3.39,12.0,3.39,3.39,gpu_provider,H200,on-demand,verda,2026-04-25 07:18:01.533462,2026-04-25
3.99,4.09,4.19,3.97,80.0,3.29,4.29,gpu_provider,H100,on-demand,lambdalabs,2026-04-25 07:18:01.533462,2026-04-25
2.653,2.653,2.653,2.653,1.0,2.653,2.653,gpu_provider,H100,on-demand,cudo,2026-04-25 07:18:01.533462,2026-04-25
2.54,2.54,2.54,2.5399999999999996,11.0,2.54,2.54,gpu_provider,H100,spot,runpod,2026-04-25 07:18:01.533462,2026-04-25
2.99,2.99,2.99,2.9900000000000007,11.0,2.99,2.99,gpu_provider,H100,on-demand,runpod,2026-04-25 07:18:01.533462,2026-04-25
1.466665,1.4666675,1.46667,1.4040015000000001,5.0,1.06667,1.553335,gpu_provider,H100,spot,vastai,2026-04-25 07:18:01.533462,2026-04-25
1.7114375,1.7115,1.711625,1.7115625,12.0,1.71125,1.712,gpu_provider,B200,spot,verda,2026-04-25 07:18:01.533462,2026-04-25
2.0047,2.0047,2.0047,2.0047,1.0,2.0047,2.0047,gpu_provider,A100,on-demand,cudo,2026-04-26 07:40:39.841241,2026-04-26
1.99,1.99,2.79,2.2566666666666664,48.0,1.99,2.79,gpu_provider,A100,on-demand,lambdalabs,2026-04-26 07:40:39.841241,2026-04-26
1.689625,1.80385,1.905725,1.8976193392857144,112.0,1.40574,2.87299225,gpu_provider,A100,spot,gcp,2026-04-26 07:40:39.841241,2026-04-26
2.49227125,3.6792675,4.04959090625,3.4898916517857144,112.0,2.16346,5.7077325,gpu_provider,A100,on-demand,gcp,2026-04-26 07:40:39.841241,2026-04-26
1.2025,1.27,1.27,1.1749999999999998,6.0,0.79,1.27,gpu_provider,A100,spot,runpod,2026-04-26 07:40:39.841241,2026-04-26
1.39,1.49,1.49,1.4409999999999998,8.0,1.0,1.788,gpu_provider,A100,on-demand,runpod,2026-04-26 07:40:39.841241,2026-04-26
0.88242,0.9737775,1.331265,1.1541553863636365,110.0,0.67877,2.38177,gpu_provider,A100,spot,azure,2026-04-26 07:40:39.841241,2026-04-26
4.10543,4.17576,4.34877,4.244213333333334,3.0,4.0351,4.52178,gpu_provider,B200,on-demand,vastai,2026-04-26 07:40:39.841241,2026-04-26
0.08,0.08,0.08,0.08,3.0,0.08,0.08,gpu_provider,A100,spot,vastai,2026-04-26 07:40:39.841241,2026-04-26
0.09343,0.09343,0.09343125,0.09343083333333334,3.0,0.09343,0.0934325,gpu_provider,A100,on-demand,vastai,2026-04-26 07:40:39.841241,2026-04-26
0.2524,0.4515,0.4515,0.3851291666666667,18.0,0.252375,0.4515,gpu_provider,A100,spot,verda,2026-04-26 07:40:39.841241,2026-04-26
0.721125,1.29,1.29,1.1003708333333333,18.0,0.7211,1.29,gpu_provider,A100,on-demand,verda,2026-04-26 07:40:39.841241,2026-04-26
4.0758,4.0758,4.4834,4.2981333333333325,9.0,4.0758,4.891,gpu_provider,B200,spot,gcp,2026-04-26 07:40:39.841241,2026-04-26
11.277,11.277,11.277,11.277,11.0,11.277,11.277,gpu_provider,B200,on-demand,gcp,2026-04-26 07:40:39.841241,2026-04-26
2.9375,3.2,3.31875,3.1041666666666665,3.0,2.675,3.4375,gpu_provider,B200,spot,vastai,2026-04-26 07:40:39.841241,2026-04-26
3.1564675,3.43088125,3.801285,3.5327744761904762,21.0,2.744705,4.7027875,gpu_provider,A100,on-demand,aws,2026-04-26 07:40:39.841241,2026-04-26
4.4075,4.775,5.14225,4.894703663793103,116.0,3.399625,8.1925,gpu_provider,A100,on-demand,azure,2026-04-26 07:40:39.841241,2026-04-26
1.0819874999999999,1.31395625,1.674509375,1.5641618055555557,18.0,0.31565,4.1170625,gpu_provider,A100,spot,aws,2026-04-26 07:40:39.841241,2026-04-26
1.109996,1.84234125,3.5,2.83575634614671,4042.0,0.343,25.92,provider,hyperscaler,on-demand,,2026-04-26 07:40:39.841241,2026-04-26
1.99,3.43051,4.775,4.1869414832474225,1358.0,0.06452,21.2,aggregate,training,all,,2026-04-26 07:40:39.841241,2026-04-26
6.765000000000001,6.84,6.915,6.84,64.0,6.69,6.99,gpu_provider,B200,on-demand,lambdalabs,2026-04-26 07:40:39.841241,2026-04-26
,2.112280701754386,,,,,,metric,hyperscaler_premium_h100,on-demand,,2026-04-26 07:40:39.841241,2026-04-26
,3.99,,,,,,metric,neocloud_median_h100,on-demand,,2026-04-26 07:40:39.841241,2026-04-26
,8.428,,,,,,metric,hyperscaler_median_h100,on-demand,,2026-04-26 07:40:39.841241,2026-04-26
2.99,3.99,4.19,3.5369830803571434,112.0,1.467395,4.29,provider_h100,neocloud,on-demand,,2026-04-26 07:40:39.841241,2026-04-26
5.7193375,8.428,11.985552625,9.015100218201756,114.0,5.3832685,15.830423875,provider_h100,hyperscaler,on-demand,,2026-04-26 07:40:39.841241,2026-04-26
,1.09014275147929,,,,,,metric,hyperscaler_premium_all,on-demand,,2026-04-26 07:40:39.841241,2026-04-26
3.05,3.525,4.0,3.525,88.0,3.05,4.0,gpu_provider,A100,on-demand,oci,2026-04-26 07:40:39.841241,2026-04-26
,1.69,,,,,,metric,neocloud_median_all,on-demand,,2026-04-26 07:40:39.841241,2026-04-26
0.49,1.69,3.9,inf,685.0,0.03464,inf,provider,neocloud,on-demand,,2026-04-26 07:40:39.841241,2026-04-26
,3.2947283540777703,,,,,,metric,training_inference_ratio,on-demand,,2026-04-26 07:40:39.841241,2026-04-26
0.26916,0.399308,0.54566,0.5467409536721789,2056.0,0.0684,9.1089,aggregate,inference,spot,,2026-04-26 07:40:39.841241,2026-04-26
0.87875,1.241377,1.79329025,1.6521384289965988,2352.0,0.343,10.98917,aggregate,inference,on-demand,,2026-04-26 07:40:39.841241,2026-04-26
0.41053,0.707089,1.3348131250000002,1.136553762647459,4408.0,0.0684,10.98917,aggregate,inference,all,,2026-04-26 07:40:39.841241,2026-04-26
1.27,1.804978,3.3393,2.8404701732300883,565.0,0.06452,21.2,aggregate,training,spot,,2026-04-26 07:40:39.841241,2026-04-26
3.05,4.09,5.762968625,5.146281067307692,793.0,0.09343,21.2,aggregate,training,on-demand,,2026-04-26 07:40:39.841241,2026-04-26
,1.84234125,,,,,,metric,hyperscaler_median_all,on-demand,,2026-04-26 07:40:39.841241,2026-04-26
2.9,2.9,2.9,2.9,4.0,2.9,2.9,gpu_provider,B200,spot,nebius,2026-04-26 07:40:39.841241,2026-04-26
5.5,5.5,5.5,5.5,4.0,5.5,5.5,gpu_provider,B200,on-demand,nebius,2026-04-26 07:40:39.841241,2026-04-26
1.7114375,1.7115,1.711625,1.7115625,12.0,1.71125,1.712,gpu_provider,B200,spot,verda,2026-04-26 07:40:39.841241,2026-04-26
5.596119875,10.97905825,12.51612875,9.19199803230337,89.0,5.3832685,15.830423875,gpu_provider,H100,on-demand,gcp,2026-04-26 07:40:39.841241,2026-04-26
1.25,1.25,1.25,1.25,2.0,1.25,1.25,gpu_provider,H100,spot,nebius,2026-04-26 07:40:39.841241,2026-04-26
2.95,2.95,2.95,2.95,2.0,2.95,2.95,gpu_provider,H100,on-demand,nebius,2026-04-26 07:40:39.841241,2026-04-26
0.8015,0.8015,0.8015,0.8015000000000003,15.0,0.8015,0.8015,gpu_provider,H100,spot,verda,2026-04-26 07:40:39.841241,2026-04-26
2.29,2.29,2.29,2.2899999999999996,15.0,2.29,2.29,gpu_provider,H100,on-demand,verda,2026-04-26 07:40:39.841241,2026-04-26
0.942662,1.48734,1.80385,1.4302160898876406,267.0,0.08,4.1170625,gpu,A100,spot,,2026-04-26 07:40:39.841241,2026-04-26
2.7447051250000003,3.6792675,4.40775,3.578268485542168,415.0,0.09343,8.1925,gpu,A100,on-demand,,2026-04-26 07:40:39.841241,2026-04-26
3.15506990625,3.43051,4.067322,3.455081749237805,164.0,1.288002,4.405626375,gpu_provider,H100,spot,gcp,2026-04-26 07:40:39.841241,2026-04-26
1.5596125,2.527393,4.0,2.737315421554252,682.0,0.08,8.1925,gpu,A100,all,,2026-04-26 07:40:39.841241,2026-04-26
6.69,6.79,6.99,6.970421702127663,94.0,4.0351,11.277,gpu,B200,on-demand,,2026-04-26 07:40:39.841241,2026-04-26
4.89,6.69,6.89,6.027492540983607,122.0,1.71125,11.277,gpu,B200,all,,2026-04-26 07:40:39.841241,2026-04-26
1.45,10.6,13.78,8.152785877192981,57.0,0.06452,21.2,gpu,H200,spot,,2026-04-26 07:40:39.841241,2026-04-26
3.5,10.6,13.647499999999999,8.91269474137931,58.0,2.612815,21.2,gpu,H200,on-demand,,2026-04-26 07:40:39.841241,2026-04-26
3.39,10.6,13.78,8.536044260869566,115.0,0.06452,21.2,gpu,H200,all,,2026-04-26 07:40:39.841241,2026-04-26
2.54,3.263564,4.067322,3.1838249149061033,213.0,0.8015,10.1587,gpu,H100,spot,,2026-04-26 07:40:39.841241,2026-04-26
3.99,5.3832685,8.514,6.300281105641593,226.0,1.467395,15.830423875,gpu,H100,on-demand,,2026-04-26 07:40:39.841241,2026-04-26
1.7115,2.9,4.0758,2.861944642857143,28.0,1.71125,4.891,gpu,B200,spot,,2026-04-26 07:40:39.841241,2026-04-26
6.88,8.256,8.944,8.385344,25.0,6.88,11.5584,gpu_provider,H100,on-demand,aws,2026-04-26 07:40:39.841241,2026-04-26
3.124248,4.067322,5.4364815,4.788196439066059,439.0,0.8015,15.830423875,gpu,H100,all,,2026-04-26 07:40:39.841241,2026-04-26
2.99,2.99,2.99,2.99,9.0,2.99,2.99,gpu_provider,H100,on-demand,runpod,2026-04-26 07:40:39.841241,2026-04-26
4.89,4.89,4.89,4.89,12.0,4.89,4.89,gpu_provider,B200,on-demand,verda,2026-04-26 07:40:39.841241,2026-04-26
12.561,13.25,13.835,13.62283870967742,31.0,10.6,21.2,gpu_provider,H200,spot,azure,2026-04-26 07:40:39.841241,2026-04-26
12.561,13.25,13.835,13.62283870967742,31.0,10.6,21.2,gpu_provider,H200,on-demand,azure,2026-04-26 07:40:39.841241,2026-04-26
0.32258375000000006,0.5806475,0.83871125,0.5806475,2.0,0.06452,1.096775,gpu_provider,H200,spot,vastai,2026-04-26 07:40:39.841241,2026-04-26
1.927121875,2.2287,3.654884375,3.755859027777778,18.0,1.2292125,10.1587,gpu_provider,H100,spot,aws,2026-04-26 07:40:39.841241,2026-04-26
3.05,3.05,3.05,3.0500000000000003,6.0,3.05,3.05,gpu_provider,H200,spot,runpod,2026-04-26 07:40:39.841241,2026-04-26
3.99,3.99,3.99,3.932857142857143,7.0,3.59,3.99,gpu_provider,H200,on-demand,runpod,2026-04-26 07:40:39.841241,2026-04-26
1.45,1.45,1.45,1.45,6.0,1.45,1.45,gpu_provider,H200,spot,nebius,2026-04-26 07:40:39.841241,2026-04-26
2.66098125,2.7091475000000003,2.7573137500000002,2.7091475000000003,2.0,2.612815,2.80548,gpu_provider,H200,on-demand,vastai,2026-04-26 07:40:39.841241,2026-04-26
1.1865,1.1865,1.186625,1.1866250000000003,12.0,1.1865,1.187,gpu_provider,H200,spot,verda,2026-04-26 07:40:39.841241,2026-04-26
3.39,3.39,3.39,3.39,12.0,3.39,3.39,gpu_provider,H200,on-demand,verda,2026-04-26 07:40:39.841241,2026-04-26
1.06667,1.466665,1.4666675,1.3066675,5.0,1.066665,1.46667,gpu_provider,H100,spot,vastai,2026-04-26 07:40:39.841241,2026-04-26
1.54333,1.543335,2.08752,1.7458209999999998,5.0,1.467395,2.087525,gpu_provider,H100,on-demand,vastai,2026-04-26 07:40:39.841241,2026-04-26
3.99,4.09,4.19,3.97,80.0,3.29,4.29,gpu_provider,H100,on-demand,lambdalabs,2026-04-26 07:40:39.841241,2026-04-26
2.653,2.653,2.653,2.653,1.0,2.653,2.653,gpu_provider,H100,on-demand,cudo,2026-04-26 07:40:39.841241,2026-04-26
2.54,2.54,2.54,2.54,9.0,2.54,2.54,gpu_provider,H100,spot,runpod,2026-04-26 07:40:39.841241,2026-04-26
3.5,3.5,3.5,3.5,6.0,3.5,3.5,gpu_provider,H200,on-demand,nebius,2026-04-26 07:40:39.841241,2026-04-26
2.0047,2.0047,2.0047,2.0047,1.0,2.0047,2.0047,gpu_provider,A100,on-demand,cudo,2026-04-27 08:26:37.588742,2026-04-27
1.99,1.99,2.79,2.2566666666666664,48.0,1.99,2.79,gpu_provider,A100,on-demand,lambdalabs,2026-04-27 08:26:37.588742,2026-04-27
1.689625,1.80385,1.905725,1.8976193392857144,112.0,1.40574,2.87299225,gpu_provider,A100,spot,gcp,2026-04-27 08:26:37.588742,2026-04-27
2.49227125,3.6792675,4.04959090625,3.4898916517857144,112.0,2.16346,5.7077325,gpu_provider,A100,on-demand,gcp,2026-04-27 08:26:37.588742,2026-04-27
1.03,1.27,1.27,1.11,3.0,0.79,1.27,gpu_provider,A100,spot,runpod,2026-04-27 08:26:37.588742,2026-04-27
1.39,1.49,1.49,1.4316,5.0,1.0,1.788,gpu_provider,A100,on-demand,runpod,2026-04-27 08:26:37.588742,2026-04-27
0.88242,0.9737775,1.331265,1.1541553863636365,110.0,0.67877,2.38177,gpu_provider,A100,spot,azure,2026-04-27 08:26:37.588742,2026-04-27
2.7,2.95,3.2593750000000004,3.0093750000000004,4.0,2.7,3.4375,gpu_provider,B200,spot,vastai,2026-04-27 08:26:37.588742,2026-04-27
0.2524,0.4515,0.4515,0.3851291666666667,18.0,0.252375,0.4515,gpu_provider,A100,spot,verda,2026-04-27 08:26:37.588742,2026-04-27
0.721125,1.29,1.29,1.1003708333333333,18.0,0.7211,1.29,gpu_provider,A100,on-demand,verda,2026-04-27 08:26:37.588742,2026-04-27
0.08,0.08,0.08,0.08,3.0,0.08,0.08,gpu_provider,A100,spot,vastai,2026-04-27 08:26:37.588742,2026-04-27
0.09342875,0.09343,0.09343,0.09342916666666667,3.0,0.0934275,0.09343,gpu_provider,A100,on-demand,vastai,2026-04-27 08:26:37.588742,2026-04-27
4.0758,4.0758,4.4834,4.2981333333333325,9.0,4.0758,4.891,gpu_provider,B200,spot,gcp,2026-04-27 08:26:37.588742,2026-04-27
11.277,11.277,11.277,11.277,11.0,11.277,11.277,gpu_provider,B200,on-demand,gcp,2026-04-27 08:26:37.588742,2026-04-27
6.765000000000001,6.84,6.915,6.84,64.0,6.69,6.99,gpu_provider,B200,on-demand,lambdalabs,2026-04-27 08:26:37.588742,2026-04-27
3.1564675,3.43088125,3.801285,3.5327744761904762,21.0,2.744705,4.7027875,gpu_provider,A100,on-demand,aws,2026-04-27 08:26:37.588742,2026-04-27
4.4075,4.775,5.14225,4.894703663793103,116.0,3.399625,8.1925,gpu_provider,A100,on-demand,azure,2026-04-27 08:26:37.588742,2026-04-27
1.07595625,1.3037125,1.615215625,1.548998611111111,18.0,0.31565,4.1170625,gpu_provider,A100,spot,aws,2026-04-27 08:26:37.588742,2026-04-27
1.109996,1.84234125,3.5,2.83575634614671,4042.0,0.343,25.92,provider,hyperscaler,on-demand,,2026-04-27 08:26:37.588742,2026-04-27
1.99,3.43051,4.775,4.19816884248342,1357.0,0.08,21.2,aggregate,training,all,,2026-04-27 08:26:37.588742,2026-04-27
4.024509375,4.029805,4.1606325,4.155336875,4.0,4.0245075,4.53723,gpu_provider,B200,on-demand,vastai,2026-04-27 08:26:37.588742,2026-04-27
,2.112280701754386,,,,,,metric,hyperscaler_premium_h100,on-demand,,2026-04-27 08:26:37.588742,2026-04-27
,3.99,,,,,,metric,neocloud_median_h100,on-demand,,2026-04-27 08:26:37.588742,2026-04-27
,8.428,,,,,,metric,hyperscaler_median_h100,on-demand,,2026-04-27 08:26:37.588742,2026-04-27
2.99,3.99,4.19,3.5116792608695664,115.0,1.49301,4.29,provider_h100,neocloud,on-demand,,2026-04-27 08:26:37.588742,2026-04-27
5.7193375,8.428,11.985552625,9.015100218201756,114.0,5.3832685,15.830423875,provider_h100,hyperscaler,on-demand,,2026-04-27 08:26:37.588742,2026-04-27
,1.09014275147929,,,,,,metric,hyperscaler_premium_all,on-demand,,2026-04-27 08:26:37.588742,2026-04-27
3.05,3.525,4.0,3.525,88.0,3.05,4.0,gpu_provider,A100,on-demand,oci,2026-04-27 08:26:37.588742,2026-04-27
,1.69,,,,,,metric,neocloud_median_all,on-demand,,2026-04-27 08:26:37.588742,2026-04-27
0.49,1.69,3.9450000000000003,inf,683.0,0.0321,inf,provider,neocloud,on-demand,,2026-04-27 08:26:37.588742,2026-04-27
,3.2937280653011785,,,,,,metric,training_inference_ratio,on-demand,,2026-04-27 08:26:37.588742,2026-04-27
0.26916,0.399308,0.5454570000000001,0.5457010101219512,2050.0,0.0684,9.1089,aggregate,inference,spot,,2026-04-27 08:26:37.588742,2026-04-27
0.88,1.241754,1.78943,1.652946847826087,2346.0,0.343,10.98917,aggregate,inference,on-demand,,2026-04-27 08:26:37.588742,2026-04-27
0.41053,0.706832,1.3344175,1.136601541344404,4396.0,0.0684,10.98917,aggregate,inference,all,,2026-04-27 08:26:37.588742,2026-04-27
1.285509,1.83508125,3.3428970000000002,2.851255009530141,564.0,0.08,21.2,aggregate,training,spot,,2026-04-27 08:26:37.588742,2026-04-27
3.05,4.09,5.762968625,5.156125212957125,793.0,0.0934275,21.2,aggregate,training,on-demand,,2026-04-27 08:26:37.588742,2026-04-27
,1.84234125,,,,,,metric,hyperscaler_median_all,on-demand,,2026-04-27 08:26:37.588742,2026-04-27
2.9,2.9,2.9,2.9,4.0,2.9,2.9,gpu_provider,B200,spot,nebius,2026-04-27 08:26:37.588742,2026-04-27
5.5,5.5,5.5,5.5,4.0,5.5,5.5,gpu_provider,B200,on-demand,nebius,2026-04-27 08:26:37.588742,2026-04-27
1.7114375,1.7115,1.711625,1.7115625,12.0,1.71125,1.712,gpu_provider,B200,spot,verda,2026-04-27 08:26:37.588742,2026-04-27
5.596119875,10.97905825,12.51612875,9.19199803230337,89.0,5.3832685,15.830423875,gpu_provider,H100,on-demand,gcp,2026-04-27 08:26:37.588742,2026-04-27
1.25,1.25,1.25,1.25,2.0,1.25,1.25,gpu_provider,H100,spot,nebius,2026-04-27 08:26:37.588742,2026-04-27
2.95,2.95,2.95,2.95,2.0,2.95,2.95,gpu_provider,H100,on-demand,nebius,2026-04-27 08:26:37.588742,2026-04-27
0.8015,0.8015,0.8015,0.8015000000000003,15.0,0.8015,0.8015,gpu_provider,H100,spot,verda,2026-04-27 08:26:37.588742,2026-04-27
2.29,2.29,2.29,2.2899999999999996,15.0,2.29,2.29,gpu_provider,H100,on-demand,verda,2026-04-27 08:26:37.588742,2026-04-27
0.930417625,1.48734,1.80385,1.4313437821969697,264.0,0.08,4.1170625,gpu,A100,spot,,2026-04-27 08:26:37.588742,2026-04-27
2.77848,3.747972,4.408,3.5937170303398056,412.0,0.0934275,8.1925,gpu,A100,on-demand,,2026-04-27 08:26:37.588742,2026-04-27
3.15506990625,3.43051,4.067322,3.455081749237805,164.0,1.288002,4.405626375,gpu_provider,H100,spot,gcp,2026-04-27 08:26:37.588742,2026-04-27
1.57366,2.527393,4.0,2.7492399038461537,676.0,0.08,8.1925,gpu,A100,all,,2026-04-27 08:26:37.588742,2026-04-27
6.69,6.79,6.99,6.93798260526316,95.0,4.0245075,11.277,gpu,B200,on-demand,,2026-04-27 08:26:37.588742,2026-04-27
4.5237725,6.69,6.89,5.983611270161291,124.0,1.71125,11.277,gpu,B200,all,,2026-04-27 08:26:37.588742,2026-04-27
1.45,11.66,13.78,8.411321090909093,55.0,1.1865,21.2,gpu,H200,spot,,2026-04-27 08:26:37.588742,2026-04-27
3.5,10.6,13.78,9.079350701754386,57.0,3.39,21.2,gpu,H200,on-demand,,2026-04-27 08:26:37.588742,2026-04-27
3.39,11.129999999999999,13.78,8.751300446428571,112.0,1.1865,21.2,gpu,H200,all,,2026-04-27 08:26:37.588742,2026-04-27
2.54,3.263564,4.067322,3.1701433188657404,216.0,0.8015,10.1354625,gpu,H100,spot,,2026-04-27 08:26:37.588742,2026-04-27
3.99,4.29,8.256,6.251373536572053,229.0,1.49301,15.830423875,gpu,H100,on-demand,,2026-04-27 08:26:37.588742,2026-04-27
1.7115,2.9,4.0758,2.857222413793104,29.0,1.71125,4.891,gpu,B200,spot,,2026-04-27 08:26:37.588742,2026-04-27
6.88,8.256,8.944,8.385344,25.0,6.88,11.5584,gpu_provider,H100,on-demand,aws,2026-04-27 08:26:37.588742,2026-04-27
3.03877,4.026222375,5.430569,4.755765161235955,445.0,0.8015,15.830423875,gpu,H100,all,,2026-04-27 08:26:37.588742,2026-04-27
2.99,2.99,2.99,2.9900000000000007,11.0,2.99,2.99,gpu_provider,H100,on-demand,runpod,2026-04-27 08:26:37.588742,2026-04-27
4.89,4.89,4.89,4.89,12.0,4.89,4.89,gpu_provider,B200,on-demand,verda,2026-04-27 08:26:37.588742,2026-04-27
12.561,13.25,13.835,13.62283870967742,31.0,10.6,21.2,gpu_provider,H200,spot,azure,2026-04-27 08:26:37.588742,2026-04-27
12.561,13.25,13.835,13.62283870967742,31.0,10.6,21.2,gpu_provider,H200,on-demand,azure,2026-04-27 08:26:37.588742,2026-04-27
2.12516,2.12516,2.12516,2.12516,1.0,2.12516,2.12516,gpu_provider,H200,spot,vastai,2026-04-27 08:26:37.588742,2026-04-27
1.915790625,2.2134437499999997,3.70041875,3.7537986111111112,18.0,1.2661875,10.1354625,gpu_provider,H100,spot,aws,2026-04-27 08:26:37.588742,2026-04-27
3.05,3.05,3.05,3.05,5.0,3.05,3.05,gpu_provider,H200,spot,runpod,2026-04-27 08:26:37.588742,2026-04-27
3.99,3.99,3.99,4.046857142857143,7.0,3.59,4.788,gpu_provider,H200,on-demand,runpod,2026-04-27 08:26:37.588742,2026-04-27
1.45,1.45,1.45,1.45,6.0,1.45,1.45,gpu_provider,H200,spot,nebius,2026-04-27 08:26:37.588742,2026-04-27
5.20699,5.20699,5.20699,5.20699,1.0,5.20699,5.20699,gpu_provider,H200,on-demand,vastai,2026-04-27 08:26:37.588742,2026-04-27
1.1865,1.1865,1.186625,1.1866250000000003,12.0,1.1865,1.187,gpu_provider,H200,spot,verda,2026-04-27 08:26:37.588742,2026-04-27
3.39,3.39,3.39,3.39,12.0,3.39,3.39,gpu_provider,H200,on-demand,verda,2026-04-27 08:26:37.588742,2026-04-27
3.99,4.09,4.19,3.97,80.0,3.29,4.29,gpu_provider,H100,on-demand,lambdalabs,2026-04-27 08:26:37.588742,2026-04-27
1.16666875,1.4666675,1.46667,1.3477791666666665,6.0,1.066665,1.553335,gpu_provider,H100,spot,vastai,2026-04-27 08:26:37.588742,2026-04-27
1.53722,1.625635,1.99174125,1.7416858333333334,6.0,1.49301,2.08431,gpu_provider,H100,on-demand,vastai,2026-04-27 08:26:37.588742,2026-04-27
2.653,2.653,2.653,2.653,1.0,2.653,2.653,gpu_provider,H100,on-demand,cudo,2026-04-27 08:26:37.588742,2026-04-27
2.54,2.54,2.54,2.5399999999999996,11.0,2.54,2.54,gpu_provider,H100,spot,runpod,2026-04-27 08:26:37.588742,2026-04-27
3.5,3.5,3.5,3.5,6.0,3.5,3.5,gpu_provider,H200,on-demand,nebius,2026-04-27 08:26:37.588742,2026-04-27
2.0047,2.0047,2.0047,2.0047,1.0,2.0047,2.0047,gpu_provider,A100,on-demand,cudo,2026-04-28 08:26:02.382771,2026-04-28
1.99,1.99,2.79,2.2566666666666664,48.0,1.99,2.79,gpu_provider,A100,on-demand,lambdalabs,2026-04-28 08:26:02.382771,2026-04-28
1.689625,1.80385,2.001025,1.907592404017857,112.0,1.40574,2.79473225,gpu_provider,A100,spot,gcp,2026-04-28 08:26:02.382771,2026-04-28
2.49227125,3.6792675,4.04959090625,3.4898916517857144,112.0,2.16346,5.7077325,gpu_provider,A100,on-demand,gcp,2026-04-28 08:26:02.382771,2026-04-28
0.91,1.03,1.15,1.03,2.0,0.79,1.27,gpu_provider,A100,spot,runpod,2026-04-28 08:26:02.382771,2026-04-28
1.39,1.49,1.788,1.4912,5.0,1.0,1.788,gpu_provider,A100,on-demand,runpod,2026-04-28 08:26:02.382771,2026-04-28
0.88242,0.9737775,1.331265,1.1541553863636365,110.0,0.67877,2.38177,gpu_provider,A100,spot,azure,2026-04-28 08:26:02.382771,2026-04-28
4.0351,4.0351,4.0351,4.0351,2.0,4.0351,4.0351,gpu_provider,B200,on-demand,vastai,2026-04-28 08:26:02.382771,2026-04-28
0.2524,0.4515,0.4515,0.3851291666666667,18.0,0.252375,0.4515,gpu_provider,A100,spot,verda,2026-04-28 08:26:02.382771,2026-04-28
0.721125,1.29,1.29,1.1003708333333333,18.0,0.7211,1.29,gpu_provider,A100,on-demand,verda,2026-04-28 08:26:02.382771,2026-04-28
0.08,0.08,0.08,0.08,3.0,0.08,0.08,gpu_provider,A100,spot,vastai,2026-04-28 08:26:02.382771,2026-04-28
0.0934,0.0934,0.0934,0.0934,3.0,0.0934,0.0934,gpu_provider,A100,on-demand,vastai,2026-04-28 08:26:02.382771,2026-04-28
4.0758,4.0758,4.4834,4.2981333333333325,9.0,4.0758,4.891,gpu_provider,B200,spot,gcp,2026-04-28 08:26:02.382771,2026-04-28
11.277,11.277,11.277,11.277,11.0,11.277,11.277,gpu_provider,B200,on-demand,gcp,2026-04-28 08:26:02.382771,2026-04-28
3.2,3.2,3.2,3.2,2.0,3.2,3.2,gpu_provider,B200,spot,vastai,2026-04-28 08:26:02.382771,2026-04-28
3.1564675,3.43088125,3.801285,3.5327744761904762,21.0,2.744705,4.7027875,gpu_provider,A100,on-demand,aws,2026-04-28 08:26:02.382771,2026-04-28
4.4075,4.775,5.14225,4.894703663793103,116.0,3.399625,8.1925,gpu_provider,A100,on-demand,azure,2026-04-28 08:26:02.382771,2026-04-28
1.09346875,1.3318937499999999,1.563603125,1.542203472222222,18.0,0.31565,4.1170625,gpu_provider,A100,spot,aws,2026-04-28 08:26:02.382771,2026-04-28
1.109996,1.85145,3.5,2.8388637971913577,4050.0,0.343,25.92,provider,hyperscaler,on-demand,,2026-04-28 08:26:02.382771,2026-04-28
1.99,3.545884,4.89,4.229685081133829,1345.0,0.08,21.2,aggregate,training,all,,2026-04-28 08:26:02.382771,2026-04-28
6.765000000000001,6.84,6.915,6.84,64.0,6.69,6.99,gpu_provider,B200,on-demand,lambdalabs,2026-04-28 08:26:02.382771,2026-04-28
,2.112280701754386,,,,,,metric,hyperscaler_premium_h100,on-demand,,2026-04-28 08:26:02.382771,2026-04-28
,3.99,,,,,,metric,neocloud_median_h100,on-demand,,2026-04-28 08:26:02.382771,2026-04-28
,8.428,,,,,,metric,hyperscaler_median_h100,on-demand,,2026-04-28 08:26:02.382771,2026-04-28
2.99,3.99,4.19,3.568688073394496,109.0,1.54059,4.29,provider_h100,neocloud,on-demand,,2026-04-28 08:26:02.382771,2026-04-28
5.7193375,8.428,11.985552625,9.015100218201756,114.0,5.3832685,15.830423875,provider_h100,hyperscaler,on-demand,,2026-04-28 08:26:02.382771,2026-04-28
,1.0774266759776536,,,,,,metric,hyperscaler_premium_all,on-demand,,2026-04-28 08:26:02.382771,2026-04-28
3.05,3.525,4.0,3.525,88.0,3.05,4.0,gpu_provider,A100,on-demand,oci,2026-04-28 08:26:02.382771,2026-04-28
,1.7184,,,,,,metric,neocloud_median_all,on-demand,,2026-04-28 08:26:02.382771,2026-04-28
0.49,1.7184,3.99,inf,666.0,0.03418,inf,provider,neocloud,on-demand,,2026-04-28 08:26:02.382771,2026-04-28
,3.279871692060946,,,,,,metric,training_inference_ratio,on-demand,,2026-04-28 08:26:02.382771,2026-04-28
0.272377,0.40025,0.557856,0.5569972422292376,2059.0,0.0684,9.1089,aggregate,inference,spot,,2026-04-28 08:26:02.382771,2026-04-28
0.88,1.247,1.805447,1.6617726252653928,2355.0,0.343,10.98917,aggregate,inference,on-demand,,2026-04-28 08:26:02.382771,2026-04-28
0.41386,0.717464,1.345028,1.146427696930222,4414.0,0.0684,10.98917,aggregate,inference,all,,2026-04-28 08:26:02.382771,2026-04-28
1.277356,1.884325,3.4713045625000003,2.899556066756272,558.0,0.08,21.2,aggregate,training,spot,,2026-04-28 08:26:02.382771,2026-04-28
3.05,4.09,5.762968625,5.172775284466328,787.0,0.0934,21.2,aggregate,training,on-demand,,2026-04-28 08:26:02.382771,2026-04-28
,1.85145,,,,,,metric,hyperscaler_median_all,on-demand,,2026-04-28 08:26:02.382771,2026-04-28
2.9,2.9,2.9,2.9,4.0,2.9,2.9,gpu_provider,B200,spot,nebius,2026-04-28 08:26:02.382771,2026-04-28
5.5,5.5,5.5,5.5,4.0,5.5,5.5,gpu_provider,B200,on-demand,nebius,2026-04-28 08:26:02.382771,2026-04-28
1.7114375,1.7115,1.711625,1.7115625,12.0,1.71125,1.712,gpu_provider,B200,spot,verda,2026-04-28 08:26:02.382771,2026-04-28
2.95,2.95,2.95,2.95,2.0,2.95,2.95,gpu_provider,H100,on-demand,nebius,2026-04-28 08:26:02.382771,2026-04-28
3.190724,3.6021,4.270636,3.5796103109756094,164.0,1.233702,4.624182375,gpu_provider,H100,spot,gcp,2026-04-28 08:26:02.382771,2026-04-28
5.596119875,10.97905825,12.51612875,9.19199803230337,89.0,5.3832685,15.830423875,gpu_provider,H100,on-demand,gcp,2026-04-28 08:26:02.382771,2026-04-28
0.8015,0.8015,0.8015,0.8015000000000003,15.0,0.8015,0.8015,gpu_provider,H100,spot,verda,2026-04-28 08:26:02.382771,2026-04-28
2.29,2.29,2.29,2.2899999999999996,15.0,2.29,2.29,gpu_provider,H100,on-demand,verda,2026-04-28 08:26:02.382771,2026-04-28
0.92575275,1.48734,1.80385,1.435739274714829,263.0,0.08,4.1170625,gpu,A100,spot,,2026-04-28 08:26:02.382771,2026-04-28
2.77848,3.747972,4.408,3.594440118932039,412.0,0.0934,8.1925,gpu,A100,on-demand,,2026-04-28 08:26:02.382771,2026-04-28
1.25,1.25,1.25,1.25,2.0,1.25,1.25,gpu_provider,H100,spot,nebius,2026-04-28 08:26:02.382771,2026-04-28
1.57728625,2.528061,4.0,2.7533463085185184,675.0,0.08,8.1925,gpu,A100,all,,2026-04-28 08:26:02.382771,2026-04-28
6.69,6.79,6.99,6.995238709677421,93.0,4.0351,11.277,gpu,B200,on-demand,,2026-04-28 08:26:02.382771,2026-04-28
4.89,6.69,6.89,6.064826249999999,120.0,1.71125,11.277,gpu,B200,all,,2026-04-28 08:26:02.382771,2026-04-28
1.45,10.6,13.647499999999999,8.115685517241378,58.0,1.1865,21.2,gpu,H200,spot,,2026-04-28 08:26:02.382771,2026-04-28
3.5,10.6,13.515,8.861003305084747,59.0,2.1042,21.2,gpu,H200,on-demand,,2026-04-28 08:26:02.382771,2026-04-28
3.39,10.6,13.78,8.49152952991453,117.0,1.1865,21.2,gpu,H200,all,,2026-04-28 08:26:02.382771,2026-04-28
2.58403578125,3.388947625,4.25936259375,3.2972435523809525,210.0,0.8015,10.1239875,gpu,H100,spot,,2026-04-28 08:26:02.382771,2026-04-28
3.99,5.3832685,8.6,6.352952577914798,223.0,1.54059,15.830423875,gpu,H100,on-demand,,2026-04-28 08:26:02.382771,2026-04-28
1.7115,2.9,4.0758,2.8600722222222226,27.0,1.71125,4.891,gpu,B200,spot,,2026-04-28 08:26:02.382771,2026-04-28
2.99,2.99,2.99,2.915,8.0,2.39,2.99,gpu_provider,H100,on-demand,runpod,2026-04-28 08:26:02.382771,2026-04-28
3.190724,4.09,5.442394,4.870968985854503,433.0,0.8015,15.830423875,gpu,H100,all,,2026-04-28 08:26:02.382771,2026-04-28
6.88,8.256,8.944,8.385344,25.0,6.88,11.5584,gpu_provider,H100,on-demand,aws,2026-04-28 08:26:02.382771,2026-04-28
4.89,4.89,4.89,4.89,12.0,4.89,4.89,gpu_provider,B200,on-demand,verda,2026-04-28 08:26:02.382771,2026-04-28
12.561,13.25,13.835,13.62283870967742,31.0,10.6,21.2,gpu_provider,H200,spot,azure,2026-04-28 08:26:02.382771,2026-04-28
12.561,13.25,13.835,13.62283870967742,31.0,10.6,21.2,gpu_provider,H200,on-demand,azure,2026-04-28 08:26:02.382771,2026-04-28
3.05,3.05,3.05,3.0500000000000003,7.0,3.05,3.05,gpu_provider,H200,spot,runpod,2026-04-28 08:26:02.382771,2026-04-28
2.54,2.54,2.54,2.37875,8.0,1.25,2.54,gpu_provider,H100,spot,runpod,2026-04-28 08:26:02.382771,2026-04-28
2.021615,2.05613,2.0906450000000003,2.05613,2.0,1.9871,2.12516,gpu_provider,H200,spot,vastai,2026-04-28 08:26:02.382771,2026-04-28
2.87489875,3.6455975,4.416296249999999,3.6455975,2.0,2.1042,5.186995,gpu_provider,H200,on-demand,vastai,2026-04-28 08:26:02.382771,2026-04-28
1.45,1.45,1.45,1.45,6.0,1.45,1.45,gpu_provider,H200,spot,nebius,2026-04-28 08:26:02.382771,2026-04-28
3.99,3.99,3.99,3.9400000000000004,8.0,3.59,3.99,gpu_provider,H200,on-demand,runpod,2026-04-28 08:26:02.382771,2026-04-28
1.1865,1.1865,1.186625,1.1866250000000003,12.0,1.1865,1.187,gpu_provider,H200,spot,verda,2026-04-28 08:26:02.382771,2026-04-28
3.39,3.39,3.39,3.39,12.0,3.39,3.39,gpu_provider,H200,on-demand,verda,2026-04-28 08:26:02.382771,2026-04-28
1.2666675,1.466665,1.4666675,1.333335,3.0,1.06667,1.46667,gpu_provider,H100,spot,vastai,2026-04-28 08:26:02.382771,2026-04-28
1.54059,1.54059,1.811705,1.7213333333333332,3.0,1.54059,2.08282,gpu_provider,H100,on-demand,vastai,2026-04-28 08:26:02.382771,2026-04-28
3.99,4.09,4.19,3.97,80.0,3.29,4.29,gpu_provider,H100,on-demand,lambdalabs,2026-04-28 08:26:02.382771,2026-04-28
2.653,2.653,2.653,2.653,1.0,2.653,2.653,gpu_provider,H100,on-demand,cudo,2026-04-28 08:26:02.382771,2026-04-28
1.9445,2.2406437500000003,3.801578125,3.767363888888889,18.0,1.243025,10.1239875,gpu_provider,H100,spot,aws,2026-04-28 08:26:02.382771,2026-04-28
3.5,3.5,3.5,3.5,6.0,3.5,3.5,gpu_provider,H200,on-demand,nebius,2026-04-28 08:26:02.382771,2026-04-28
2.0047,2.0047,2.0047,2.0047,1.0,2.0047,2.0047,gpu_provider,A100,on-demand,cudo,2026-04-29 08:20:31.445084,2026-04-29
1.99,1.99,2.79,2.2566666666666664,48.0,1.99,2.79,gpu_provider,A100,on-demand,lambdalabs,2026-04-29 08:20:31.445084,2026-04-29
1.689625,1.80385,2.001025,1.907592404017857,112.0,1.40574,2.79473225,gpu_provider,A100,spot,gcp,2026-04-29 08:20:31.445084,2026-04-29
2.49227125,3.6792675,4.04959090625,3.4898916517857144,112.0,2.16346,5.7077325,gpu_provider,A100,on-demand,gcp,2026-04-29 08:20:31.445084,2026-04-29
1.18,1.27,1.27,1.156,5.0,0.79,1.27,gpu_provider,A100,spot,runpod,2026-04-29 08:20:31.445084,2026-04-29
1.39,1.44,1.49,1.375,6.0,1.0,1.49,gpu_provider,A100,on-demand,runpod,2026-04-29 08:20:31.445084,2026-04-29
0.88242,0.9737775,1.331265,1.1541553863636365,110.0,0.67877,2.38177,gpu_provider,A100,spot,azure,2026-04-29 08:20:31.445084,2026-04-29
4.02980375,4.0351,4.10123,4.075655833333333,3.0,4.0245075,4.16736,gpu_provider,B200,on-demand,vastai,2026-04-29 08:20:31.445084,2026-04-29
0.08,0.08,0.1266675,0.1266675,4.0,0.08,0.26667,gpu_provider,A100,spot,vastai,2026-04-29 08:20:31.445084,2026-04-29
0.093389375,0.09339,0.2754025,0.275401875,4.0,0.0933875,0.82144,gpu_provider,A100,on-demand,vastai,2026-04-29 08:20:31.445084,2026-04-29
0.2524,0.4515,0.4515,0.3851291666666667,18.0,0.252375,0.4515,gpu_provider,A100,spot,verda,2026-04-29 08:20:31.445084,2026-04-29
0.721125,1.29,1.29,1.1003708333333333,18.0,0.7211,1.29,gpu_provider,A100,on-demand,verda,2026-04-29 08:20:31.445084,2026-04-29
4.0758,4.0758,4.4834,4.2981333333333325,9.0,4.0758,4.891,gpu_provider,B200,spot,gcp,2026-04-29 08:20:31.445084,2026-04-29
11.277,11.277,11.277,11.277,11.0,11.277,11.277,gpu_provider,B200,on-demand,gcp,2026-04-29 08:20:31.445084,2026-04-29
2.6875,2.7,2.95,2.858333333333333,3.0,2.675,3.2,gpu_provider,B200,spot,vastai,2026-04-29 08:20:31.445084,2026-04-29
3.1564675,3.43088125,3.801285,3.5327744761904762,21.0,2.744705,4.7027875,gpu_provider,A100,on-demand,aws,2026-04-29 08:20:31.445084,2026-04-29
4.4075,4.775,5.14225,4.894703663793103,116.0,3.399625,8.1925,gpu_provider,A100,on-demand,azure,2026-04-29 08:20:31.445084,2026-04-29
1.09831875,1.3658062499999999,1.510409375,1.5333256944444442,18.0,0.31565,4.1170625,gpu_provider,A100,spot,aws,2026-04-29 08:20:31.445084,2026-04-29
1.109996,1.85145,3.5,2.8388637971913577,4050.0,0.343,25.92,provider,hyperscaler,on-demand,,2026-04-29 08:20:31.445084,2026-04-29
1.99,3.5,4.775,4.209543489745011,1353.0,0.08,21.2,aggregate,training,all,,2026-04-29 08:20:31.445084,2026-04-29
6.765000000000001,6.84,6.915,6.84,64.0,6.69,6.99,gpu_provider,B200,on-demand,lambdalabs,2026-04-29 08:20:31.445084,2026-04-29
,2.112280701754386,,,,,,metric,hyperscaler_premium_h100,on-demand,,2026-04-29 08:20:31.445084,2026-04-29
,3.99,,,,,,metric,neocloud_median_h100,on-demand,,2026-04-29 08:20:31.445084,2026-04-29
,8.428,,,,,,metric,hyperscaler_median_h100,on-demand,,2026-04-29 08:20:31.445084,2026-04-29
2.99,3.99,4.19,3.550233035714286,112.0,1.539165,4.29,provider_h100,neocloud,on-demand,,2026-04-29 08:20:31.445084,2026-04-29
5.7193375,8.428,11.985552625,9.015100218201756,114.0,5.3832685,15.830423875,provider_h100,hyperscaler,on-demand,,2026-04-29 08:20:31.445084,2026-04-29
,1.0955325443786983,,,,,,metric,hyperscaler_premium_all,on-demand,,2026-04-29 08:20:31.445084,2026-04-29
3.05,3.525,4.0,3.525,88.0,3.05,4.0,gpu_provider,A100,on-demand,oci,2026-04-29 08:20:31.445084,2026-04-29
,1.69,,,,,,metric,neocloud_median_all,on-demand,,2026-04-29 08:20:31.445084,2026-04-29
0.47840000000000005,1.69,3.9,inf,677.0,0.03218,inf,provider,neocloud,on-demand,,2026-04-29 08:20:31.445084,2026-04-29
,3.2937267390615452,,,,,,metric,training_inference_ratio,on-demand,,2026-04-29 08:20:31.445084,2026-04-29
0.2726,0.400476,0.557856,0.5583687575060532,2065.0,0.0684,9.1089,aggregate,inference,spot,,2026-04-29 08:20:31.445084,2026-04-29
0.879,1.2417545,1.805447,1.66120903536637,2361.0,0.343,10.98917,aggregate,inference,on-demand,,2026-04-29 08:20:31.445084,2026-04-29
0.413215,0.7192955000000001,1.345028,1.146666519826028,4426.0,0.0684,10.98917,aggregate,inference,all,,2026-04-29 08:20:31.445084,2026-04-29
1.27,1.81282,3.454058375,2.8833034151865005,563.0,0.08,21.2,aggregate,training,spot,,2026-04-29 08:20:31.445084,2026-04-29
3.05,4.09,5.762968625,5.154699390981014,790.0,0.0933875,21.2,aggregate,training,on-demand,,2026-04-29 08:20:31.445084,2026-04-29
,1.85145,,,,,,metric,hyperscaler_median_all,on-demand,,2026-04-29 08:20:31.445084,2026-04-29
2.9,2.9,2.9,2.9,4.0,2.9,2.9,gpu_provider,B200,spot,nebius,2026-04-29 08:20:31.445084,2026-04-29
1.7114375,1.7115,1.711625,1.7115625,12.0,1.71125,1.712,gpu_provider,B200,spot,verda,2026-04-29 08:20:31.445084,2026-04-29
5.5,5.5,5.5,5.5,4.0,5.5,5.5,gpu_provider,B200,on-demand,nebius,2026-04-29 08:20:31.445084,2026-04-29
2.95,2.95,2.95,2.95,2.0,2.95,2.95,gpu_provider,H100,on-demand,nebius,2026-04-29 08:20:31.445084,2026-04-29
3.190724,3.6021,4.270636,3.5796103109756094,164.0,1.233702,4.624182375,gpu_provider,H100,spot,gcp,2026-04-29 08:20:31.445084,2026-04-29
5.596119875,10.97905825,12.51612875,9.19199803230337,89.0,5.3832685,15.830423875,gpu_provider,H100,on-demand,gcp,2026-04-29 08:20:31.445084,2026-04-29
0.8015,0.8015,0.8015,0.8015000000000003,15.0,0.8015,0.8015,gpu_provider,H100,spot,verda,2026-04-29 08:20:31.445084,2026-04-29
2.29,2.29,2.29,2.2899999999999996,15.0,2.29,2.29,gpu_provider,H100,on-demand,verda,2026-04-29 08:20:31.445084,2026-04-29
0.916377,1.48734,1.80385,1.428562918539326,267.0,0.08,4.1170625,gpu,A100,spot,,2026-04-29 08:20:31.445084,2026-04-29
1.5259,2.528060875,4.0,2.737079347650514,681.0,0.08,8.1925,gpu,A100,all,,2026-04-29 08:20:31.445084,2026-04-29
1.25,1.25,1.25,1.25,2.0,1.25,1.25,gpu_provider,H100,spot,nebius,2026-04-29 08:20:31.445084,2026-04-29
1.7115,2.8,4.0758,2.835605357142857,28.0,1.71125,4.891,gpu,B200,spot,,2026-04-29 08:20:31.445084,2026-04-29
4.89,6.69,6.89,6.017302602459017,122.0,1.71125,11.277,gpu,B200,all,,2026-04-29 08:20:31.445084,2026-04-29
1.45,11.66,13.78,8.40881090909091,55.0,1.1865,21.2,gpu,H200,spot,,2026-04-29 08:20:31.445084,2026-04-29
3.5,11.129999999999999,13.78,9.100469464285714,56.0,2.09829,21.2,gpu,H200,on-demand,,2026-04-29 08:20:31.445084,2026-04-29
3.39,11.66,13.78,8.757755765765765,111.0,1.1865,21.2,gpu,H200,all,,2026-04-29 08:20:31.445084,2026-04-29
2.54,3.360386,4.225542375,3.2863472934272293,213.0,0.8015,10.1238,gpu,H100,spot,,2026-04-29 08:20:31.445084,2026-04-29
3.99,5.3832685,8.514,6.306847455199115,226.0,1.539165,15.830423875,gpu,H100,on-demand,,2026-04-29 08:20:31.445084,2026-04-29
3.190724,4.09,5.4364815,4.841320041856493,439.0,0.8015,15.830423875,gpu,H100,all,,2026-04-29 08:20:31.445084,2026-04-29
6.69,6.79,6.99,6.96504220744681,94.0,4.0245075,11.277,gpu,B200,on-demand,,2026-04-29 08:20:31.445084,2026-04-29
1.53916875,1.805775,2.07238125,1.805775,4.0,1.539165,2.072385,gpu_provider,H100,on-demand,vastai,2026-04-29 08:20:31.445084,2026-04-29
2.7531489375,3.71361975,4.407875000000001,3.580977624396135,414.0,0.0933875,8.1925,gpu,A100,on-demand,,2026-04-29 08:20:31.445084,2026-04-29
6.88,8.256,8.944,8.385344,25.0,6.88,11.5584,gpu_provider,H100,on-demand,aws,2026-04-29 08:20:31.445084,2026-04-29
1.06666875,1.2666675,1.46666625,1.2666675,4.0,1.066665,1.46667,gpu_provider,H100,spot,vastai,2026-04-29 08:20:31.445084,2026-04-29
12.561,13.25,13.835,13.62283870967742,31.0,10.6,21.2,gpu_provider,H200,spot,azure,2026-04-29 08:20:31.445084,2026-04-29
12.561,13.25,13.835,13.62283870967742,31.0,10.6,21.2,gpu_provider,H200,on-demand,azure,2026-04-29 08:20:31.445084,2026-04-29
1.9871,1.9871,1.9871,1.9871,1.0,1.9871,1.9871,gpu_provider,H200,spot,vastai,2026-04-29 08:20:31.445084,2026-04-29
2.09829,2.09829,2.09829,2.09829,1.0,2.09829,2.09829,gpu_provider,H200,on-demand,vastai,2026-04-29 08:20:31.445084,2026-04-29
3.05,3.05,3.05,3.05,5.0,3.05,3.05,gpu_provider,H200,spot,runpod,2026-04-29 08:20:31.445084,2026-04-29
3.99,3.99,3.99,3.9233333333333333,6.0,3.59,3.99,gpu_provider,H200,on-demand,runpod,2026-04-29 08:20:31.445084,2026-04-29
1.45,1.45,1.45,1.45,6.0,1.45,1.45,gpu_provider,H200,spot,nebius,2026-04-29 08:20:31.445084,2026-04-29
4.89,4.89,4.89,4.89,12.0,4.89,4.89,gpu_provider,B200,on-demand,verda,2026-04-29 08:20:31.445084,2026-04-29
1.1865,1.1865,1.186625,1.1866250000000003,12.0,1.1865,1.187,gpu_provider,H200,spot,verda,2026-04-29 08:20:31.445084,2026-04-29
3.39,3.39,3.39,3.39,12.0,3.39,3.39,gpu_provider,H200,on-demand,verda,2026-04-29 08:20:31.445084,2026-04-29
3.99,4.09,4.19,3.97,80.0,3.29,4.29,gpu_provider,H100,on-demand,lambdalabs,2026-04-29 08:20:31.445084,2026-04-29
2.653,2.653,2.653,2.653,1.0,2.653,2.653,gpu_provider,H100,on-demand,cudo,2026-04-29 08:20:31.445084,2026-04-29
2.54,2.54,2.54,2.54,10.0,2.54,2.54,gpu_provider,H100,spot,runpod,2026-04-29 08:20:31.445084,2026-04-29
2.99,2.99,2.99,2.9900000000000007,10.0,2.99,2.99,gpu_provider,H100,on-demand,runpod,2026-04-29 08:20:31.445084,2026-04-29
1.88424375,2.25245625,4.0355,3.7748173611111113,18.0,1.226875,10.1238,gpu_provider,H100,spot,aws,2026-04-29 08:20:31.445084,2026-04-29
3.5,3.5,3.5,3.5,6.0,3.5,3.5,gpu_provider,H200,on-demand,nebius,2026-04-29 08:20:31.445084,2026-04-29
1.99,1.99,2.79,2.2566666666666664,48.0,1.99,2.79,gpu_provider,A100,on-demand,lambdalabs,2026-04-30 08:22:55.589891,2026-04-30
1.689625,1.80385,2.001025,1.907592404017857,112.0,1.40574,2.79473225,gpu_provider,A100,spot,gcp,2026-04-30 08:22:55.589891,2026-04-30
2.49227125,3.6792675,4.04959090625,3.4898916517857144,112.0,2.16346,5.7077325,gpu_provider,A100,on-demand,gcp,2026-04-30 08:22:55.589891,2026-04-30
1.18,1.225,1.27,1.16,6.0,0.79,1.27,gpu_provider,A100,spot,runpod,2026-04-30 08:22:55.589891,2026-04-30
1.39,1.39,1.49,1.377142857142857,7.0,1.0,1.49,gpu_provider,A100,on-demand,runpod,2026-04-30 08:22:55.589891,2026-04-30
0.88242,0.9737775,1.331265,1.1541553863636365,110.0,0.67877,2.38177,gpu_provider,A100,spot,azure,2026-04-30 08:22:55.589891,2026-04-30
4.4075,4.775,5.14225,4.894703663793103,116.0,3.399625,8.1925,gpu_provider,A100,on-demand,azure,2026-04-30 08:22:55.589891,2026-04-30
0.2524,0.4515,0.4515,0.3851291666666667,18.0,0.252375,0.4515,gpu_provider,A100,spot,verda,2026-04-30 08:22:55.589891,2026-04-30
4.0758,4.0758,4.4834,4.2981333333333325,9.0,4.0758,4.891,gpu_provider,B200,spot,gcp,2026-04-30 08:22:55.589891,2026-04-30
0.08,0.08,0.08,0.08,2.0,0.08,0.08,gpu_provider,A100,spot,vastai,2026-04-30 08:22:55.589891,2026-04-30
0.09346,0.09346,0.09346,0.09346,2.0,0.09346,0.09346,gpu_provider,A100,on-demand,vastai,2026-04-30 08:22:55.589891,2026-04-30
11.277,11.277,11.277,11.277,11.0,11.277,11.277,gpu_provider,B200,on-demand,gcp,2026-04-30 08:22:55.589891,2026-04-30
2.6625,2.7,2.7,2.6750000000000003,3.0,2.625,2.7,gpu_provider,B200,spot,vastai,2026-04-30 08:22:55.589891,2026-04-30
4.0245075,4.02451,4.532015,4.362845,3.0,4.024505,5.03952,gpu_provider,B200,on-demand,vastai,2026-04-30 08:22:55.589891,2026-04-30
6.765000000000001,6.84,6.915,6.84,64.0,6.69,6.99,gpu_provider,B200,on-demand,lambdalabs,2026-04-30 08:22:55.589891,2026-04-30
2.0047,2.0047,2.0047,2.0047,1.0,2.0047,2.0047,gpu_provider,A100,on-demand,cudo,2026-04-30 08:22:55.589891,2026-04-30
0.721125,1.29,1.29,1.1003708333333333,18.0,0.7211,1.29,gpu_provider,A100,on-demand,verda,2026-04-30 08:22:55.589891,2026-04-30
3.1564675,3.43088125,3.801285,3.5327744761904762,21.0,2.744705,4.7027875,gpu_provider,A100,on-demand,aws,2026-04-30 08:22:55.589891,2026-04-30
5.5,5.5,5.5,5.5,4.0,5.5,5.5,gpu_provider,B200,on-demand,nebius,2026-04-30 08:22:55.589891,2026-04-30
3.05,3.525,4.0,3.525,88.0,3.05,4.0,gpu_provider,A100,on-demand,oci,2026-04-30 08:22:55.589891,2026-04-30
2.9,2.9,2.9,2.9,4.0,2.9,2.9,gpu_provider,B200,spot,nebius,2026-04-30 08:22:55.589891,2026-04-30
,3.99,,,,,,metric,neocloud_median_h100,on-demand,,2026-04-30 08:22:55.589891,2026-04-30
,8.428,,,,,,metric,hyperscaler_median_h100,on-demand,,2026-04-30 08:22:55.589891,2026-04-30
2.99,3.99,4.19,3.56330090909091,110.0,1.467395,4.29,provider_h100,neocloud,on-demand,,2026-04-30 08:22:55.589891,2026-04-30
5.7193375,8.428,11.985552625,9.015100218201756,114.0,5.3832685,15.830423875,provider_h100,hyperscaler,on-demand,,2026-04-30 08:22:55.589891,2026-04-30
,1.0955325443786983,,,,,,metric,hyperscaler_premium_all,on-demand,,2026-04-30 08:22:55.589891,2026-04-30
,1.69,,,,,,metric,neocloud_median_all,on-demand,,2026-04-30 08:22:55.589891,2026-04-30
,1.85145,,,,,,metric,hyperscaler_median_all,on-demand,,2026-04-30 08:22:55.589891,2026-04-30
0.49,1.69,3.65,inf,682.0,0.032115,inf,provider,neocloud,on-demand,,2026-04-30 08:22:55.589891,2026-04-30
1.109996,1.85145,3.5,2.8388637971913577,4050.0,0.343,25.92,provider,hyperscaler,on-demand,,2026-04-30 08:22:55.589891,2026-04-30
,3.2937267390615452,,,,,,metric,training_inference_ratio,on-demand,,2026-04-30 08:22:55.589891,2026-04-30
0.2726,0.400476,0.557856,0.5572805613801454,2065.0,0.0684,9.1089,aggregate,inference,spot,,2026-04-30 08:22:55.589891,2026-04-30
0.879,1.2417545,1.805447,1.6602729913172385,2361.0,0.343,10.98917,aggregate,inference,on-demand,,2026-04-30 08:22:55.589891,2026-04-30
0.4132,0.7184,1.345028,1.1456594875169452,4426.0,0.0684,10.98917,aggregate,inference,all,,2026-04-30 08:22:55.589891,2026-04-30
1.277356,1.85549375,3.4627655625,2.8943177006227763,562.0,0.08,21.2,aggregate,training,spot,,2026-04-30 08:22:55.589891,2026-04-30
3.05,4.09,5.762968625,5.166377064480355,789.0,0.09346,21.2,aggregate,training,on-demand,,2026-04-30 08:22:55.589891,2026-04-30
1.99,3.545884,4.775,4.221227277294597,1351.0,0.08,21.2,aggregate,training,all,,2026-04-30 08:22:55.589891,2026-04-30
1.0871718750000001,1.3571374999999999,1.4835812499999999,1.5223284722222221,18.0,0.31565,4.1170625,gpu_provider,A100,spot,aws,2026-04-30 08:22:55.589891,2026-04-30
,2.112280701754386,,,,,,metric,hyperscaler_premium_h100,on-demand,,2026-04-30 08:22:55.589891,2026-04-30
3.5,3.5,3.5,3.5,6.0,3.5,3.5,gpu_provider,H200,on-demand,nebius,2026-04-30 08:22:55.589891,2026-04-30
4.89,4.89,4.89,4.89,12.0,4.89,4.89,gpu_provider,B200,on-demand,verda,2026-04-30 08:22:55.589891,2026-04-30
3.190724,3.6021,4.270636,3.5796103109756094,164.0,1.233702,4.624182375,gpu_provider,H100,spot,gcp,2026-04-30 08:22:55.589891,2026-04-30
5.596119875,10.97905825,12.51612875,9.19199803230337,89.0,5.3832685,15.830423875,gpu_provider,H100,on-demand,gcp,2026-04-30 08:22:55.589891,2026-04-30
0.8015,0.8015,0.8015,0.8015000000000003,15.0,0.8015,0.8015,gpu_provider,H100,spot,verda,2026-04-30 08:22:55.589891,2026-04-30
2.29,2.29,2.29,2.2899999999999996,15.0,2.29,2.29,gpu_provider,H100,on-demand,verda,2026-04-30 08:22:55.589891,2026-04-30
0.929583125,1.48734,1.80385,1.436322102443609,266.0,0.08,4.1170625,gpu,A100,spot,,2026-04-30 08:22:55.589891,2026-04-30
2.77848,3.747972,4.408,3.590799150121066,413.0,0.09346,8.1925,gpu,A100,on-demand,,2026-04-30 08:22:55.589891,2026-04-30
1.7114375,1.7115,1.711625,1.7115625,12.0,1.71125,1.712,gpu_provider,B200,spot,verda,2026-04-30 08:22:55.589891,2026-04-30
2.95,2.95,2.95,2.95,2.0,2.95,2.95,gpu_provider,H100,on-demand,nebius,2026-04-30 08:22:55.589891,2026-04-30
1.7115,2.7,4.0758,2.8159625000000004,28.0,1.71125,4.891,gpu,B200,spot,,2026-04-30 08:22:55.589891,2026-04-30
4.89,6.69,6.89,6.01985643442623,122.0,1.71125,11.277,gpu,B200,all,,2026-04-30 08:22:55.589891,2026-04-30
1.45,10.6,13.78,8.225400438596491,57.0,1.1865,21.2,gpu,H200,spot,,2026-04-30 08:22:55.589891,2026-04-30
3.5,10.6,13.647499999999999,8.931230948275864,58.0,2.503395,21.2,gpu,H200,on-demand,,2026-04-30 08:22:55.589891,2026-04-30
3.39,10.6,13.78,8.58138452173913,115.0,1.1865,21.2,gpu,H200,all,,2026-04-30 08:22:55.589891,2026-04-30
2.54,3.388947625,4.2480891875,3.3026070781990517,211.0,0.8015,10.142275,gpu,H100,spot,,2026-04-30 08:22:55.589891,2026-04-30
3.99,5.3832685,8.6,6.337877343191964,224.0,1.467395,15.830423875,gpu,H100,on-demand,,2026-04-30 08:22:55.589891,2026-04-30
3.190724,4.09,5.442394,4.865596823850575,435.0,0.8015,15.830423875,gpu,H100,all,,2026-04-30 08:22:55.589891,2026-04-30
6.69,6.79,6.99,6.974207819148938,94.0,4.024505,11.277,gpu,B200,on-demand,,2026-04-30 08:22:55.589891,2026-04-30
1.25,1.25,1.25,1.25,2.0,1.25,1.25,gpu_provider,H100,spot,nebius,2026-04-30 08:22:55.589891,2026-04-30
1.5442862499999999,2.528060875,4.0,2.7467772139175257,679.0,0.08,8.1925,gpu,A100,all,,2026-04-30 08:22:55.589891,2026-04-30
1.856659375,2.231725,4.08610625,3.7784166666666668,18.0,1.2287125,10.142275,gpu_provider,H100,spot,aws,2026-04-30 08:22:55.589891,2026-04-30
6.88,8.256,8.944,8.385344,25.0,6.88,11.5584,gpu_provider,H100,on-demand,aws,2026-04-30 08:22:55.589891,2026-04-30
12.561,13.25,13.835,13.62283870967742,31.0,10.6,21.2,gpu_provider,H200,spot,azure,2026-04-30 08:22:55.589891,2026-04-30
12.561,13.25,13.835,13.62283870967742,31.0,10.6,21.2,gpu_provider,H200,on-demand,azure,2026-04-30 08:22:55.589891,2026-04-30
2.250325,2.250325,2.250325,2.250325,1.0,2.250325,2.250325,gpu_provider,H200,spot,vastai,2026-04-30 08:22:55.589891,2026-04-30
2.503395,2.503395,2.503395,2.503395,1.0,2.503395,2.503395,gpu_provider,H200,on-demand,vastai,2026-04-30 08:22:55.589891,2026-04-30
3.99,3.99,3.99,3.9400000000000004,8.0,3.59,3.99,gpu_provider,H200,on-demand,runpod,2026-04-30 08:22:55.589891,2026-04-30
1.45,1.45,1.45,1.45,6.0,1.45,1.45,gpu_provider,H200,spot,nebius,2026-04-30 08:22:55.589891,2026-04-30
3.05,3.05,3.05,3.0500000000000003,7.0,3.05,3.05,gpu_provider,H200,spot,runpod,2026-04-30 08:22:55.589891,2026-04-30
3.39,3.39,3.39,3.39,12.0,3.39,3.39,gpu_provider,H200,on-demand,verda,2026-04-30 08:22:55.589891,2026-04-30
3.99,4.09,4.19,3.97,80.0,3.29,4.29,gpu_provider,H100,on-demand,lambdalabs,2026-04-30 08:22:55.589891,2026-04-30
2.653,2.653,2.653,2.653,1.0,2.653,2.653,gpu_provider,H100,on-demand,cudo,2026-04-30 08:22:55.589891,2026-04-30
1.46666625,1.4666675,1.46666875,1.4666675,3.0,1.466665,1.46667,gpu_provider,H100,spot,vastai,2026-04-30 08:22:55.589891,2026-04-30
1.5043725000000001,1.54135,1.5413525,1.5167,3.0,1.467395,1.541355,gpu_provider,H100,on-demand,vastai,2026-04-30 08:22:55.589891,2026-04-30
2.54,2.54,2.54,2.54,9.0,2.54,2.54,gpu_provider,H100,spot,runpod,2026-04-30 08:22:55.589891,2026-04-30
2.99,2.99,2.99,2.99,9.0,2.99,2.99,gpu_provider,H100,on-demand,runpod,2026-04-30 08:22:55.589891,2026-04-30
1.1865,1.1865,1.186625,1.1866250000000003,12.0,1.1865,1.187,gpu_provider,H200,spot,verda,2026-04-30 08:22:55.589891,2026-04-30
2.0047,2.0047,2.0047,2.0047,1.0,2.0047,2.0047,gpu_provider,A100,on-demand,cudo,2026-05-01 08:11:58.246842,2026-05-01
1.18,1.225,1.27,1.16,6.0,0.79,1.27,gpu_provider,A100,spot,runpod,2026-05-01 08:11:58.246842,2026-05-01
1.99,1.99,2.79,2.2566666666666664,48.0,1.99,2.79,gpu_provider,A100,on-demand,lambdalabs,2026-05-01 08:11:58.246842,2026-05-01
1.689625,1.80385,2.001025,1.907592404017857,112.0,1.40574,2.79473225,gpu_provider,A100,spot,gcp,2026-05-01 08:11:58.246842,2026-05-01
2.49227125,3.6792675,4.04959090625,3.4898916517857144,112.0,2.16346,5.7077325,gpu_provider,A100,on-demand,gcp,2026-05-01 08:11:58.246842,2026-05-01
0.08,0.08,0.08,0.08,2.0,0.08,0.08,gpu_provider,A100,spot,vastai,2026-05-01 08:11:58.246842,2026-05-01
0.13884125,0.13884249999999998,0.13884375,0.13884249999999998,2.0,0.13884,0.138845,gpu_provider,A100,on-demand,vastai,2026-05-01 08:11:58.246842,2026-05-01
1.39,1.39,1.49,1.377142857142857,7.0,1.0,1.49,gpu_provider,A100,on-demand,runpod,2026-05-01 08:11:58.246842,2026-05-01
4.050345,4.08812,4.125895,4.08812,2.0,4.01257,4.16367,gpu_provider,B200,on-demand,vastai,2026-05-01 08:11:58.246842,2026-05-01
4.4075,4.775,5.14225,4.894703663793103,116.0,3.399625,8.1925,gpu_provider,A100,on-demand,azure,2026-05-01 08:11:58.246842,2026-05-01
0.2524,0.4515,0.4515,0.3851291666666667,18.0,0.252375,0.4515,gpu_provider,A100,spot,verda,2026-05-01 08:11:58.246842,2026-05-01
0.721125,1.29,1.29,1.1003708333333333,18.0,0.7211,1.29,gpu_provider,A100,on-demand,verda,2026-05-01 08:11:58.246842,2026-05-01
4.0758,4.0758,4.4834,4.2981333333333325,9.0,4.0758,4.891,gpu_provider,B200,spot,gcp,2026-05-01 08:11:58.246842,2026-05-01
11.277,11.277,11.277,11.277,11.0,11.277,11.277,gpu_provider,B200,on-demand,gcp,2026-05-01 08:11:58.246842,2026-05-01
2.68125,2.6875,2.69375,2.6875,2.0,2.675,2.7,gpu_provider,B200,spot,vastai,2026-05-01 08:11:58.246842,2026-05-01
3.1564675,3.43088125,3.801285,3.5327744761904762,21.0,2.744705,4.7027875,gpu_provider,A100,on-demand,aws,2026-05-01 08:11:58.246842,2026-05-01
0.88242,0.9737775,1.331265,1.1541553863636365,110.0,0.67877,2.38177,gpu_provider,A100,spot,azure,2026-05-01 08:11:58.246842,2026-05-01
1.0871718750000001,1.3571374999999999,1.4835812499999999,1.5223284722222221,18.0,0.31565,4.1170625,gpu_provider,A100,spot,aws,2026-05-01 08:11:58.246842,2026-05-01
1.7114375,1.7115,1.711625,1.7115625,12.0,1.71125,1.712,gpu_provider,B200,spot,verda,2026-05-01 08:11:58.246842,2026-05-01
3.05,3.525,4.0,3.525,88.0,3.05,4.0,gpu_provider,A100,on-demand,oci,2026-05-01 08:11:58.246842,2026-05-01
,2.112280701754386,,,,,,metric,hyperscaler_premium_h100,on-demand,,2026-05-01 08:11:58.246842,2026-05-01
,3.99,,,,,,metric,neocloud_median_h100,on-demand,,2026-05-01 08:11:58.246842,2026-05-01
,8.428,,,,,,metric,hyperscaler_median_h100,on-demand,,2026-05-01 08:11:58.246842,2026-05-01
2.99,3.99,4.19,3.6013166666666674,108.0,1.5292,4.29,provider_h100,neocloud,on-demand,,2026-05-01 08:11:58.246842,2026-05-01
5.7193375,8.428,11.985552625,9.015100218201756,114.0,5.3832685,15.830423875,provider_h100,hyperscaler,on-demand,,2026-05-01 08:11:58.246842,2026-05-01
,1.0955325443786983,,,,,,metric,hyperscaler_premium_all,on-demand,,2026-05-01 08:11:58.246842,2026-05-01
,1.69,,,,,,metric,neocloud_median_all,on-demand,,2026-05-01 08:11:58.246842,2026-05-01
,1.85145,,,,,,metric,hyperscaler_median_all,on-demand,,2026-05-01 08:11:58.246842,2026-05-01
0.49,1.69,3.65,inf,684.0,0.033295,inf,provider,neocloud,on-demand,,2026-05-01 08:11:58.246842,2026-05-01
1.109996,1.85145,3.5,2.8388637971913577,4050.0,0.343,25.92,provider,hyperscaler,on-demand,,2026-05-01 08:11:58.246842,2026-05-01
,3.2937267390615452,,,,,,metric,training_inference_ratio,on-demand,,2026-05-01 08:11:58.246842,2026-05-01
0.2726,0.400476,0.557856,0.5572805613801454,2065.0,0.0684,9.1089,aggregate,inference,spot,,2026-05-01 08:11:58.246842,2026-05-01
0.879,1.2417545,1.805447,1.6602729913172385,2361.0,0.343,10.98917,aggregate,inference,on-demand,,2026-05-01 08:11:58.246842,2026-05-01
0.4132,0.7184,1.345028,1.1456594875169452,4426.0,0.0684,10.98917,aggregate,inference,all,,2026-05-01 08:11:58.246842,2026-05-01
1.275517,1.884325,3.4900755625000004,2.9012419111607146,560.0,0.08,21.2,aggregate,training,spot,,2026-05-01 08:11:58.246842,2026-05-01
3.05,4.09,5.78663271875,5.175346350095178,788.0,0.13884,21.2,aggregate,training,on-demand,,2026-05-01 08:11:58.246842,2026-05-01
1.99,3.545884,4.80375,4.230614535701038,1348.0,0.08,21.2,aggregate,training,all,,2026-05-01 08:11:58.246842,2026-05-01
2.8,2.8,2.8,2.8,1.0,2.8,2.8,gpu_provider,A100,on-demand,vultr,2026-05-01 08:11:58.246842,2026-05-01
6.765000000000001,6.84,6.915,6.84,64.0,6.69,6.99,gpu_provider,B200,on-demand,lambdalabs,2026-05-01 08:11:58.246842,2026-05-01
1.1865,1.1865,1.186625,1.1866250000000003,12.0,1.1865,1.187,gpu_provider,H200,spot,verda,2026-05-01 08:11:58.246842,2026-05-01
5.5,5.5,5.5,5.5,4.0,5.5,5.5,gpu_provider,B200,on-demand,nebius,2026-05-01 08:11:58.246842,2026-05-01
3.190724,3.6021,4.270636,3.5796103109756094,164.0,1.233702,4.624182375,gpu_provider,H100,spot,gcp,2026-05-01 08:11:58.246842,2026-05-01
5.596119875,10.97905825,12.51612875,9.19199803230337,89.0,5.3832685,15.830423875,gpu_provider,H100,on-demand,gcp,2026-05-01 08:11:58.246842,2026-05-01
0.8015,0.8015,0.8015,0.8015000000000003,15.0,0.8015,0.8015,gpu_provider,H100,spot,verda,2026-05-01 08:11:58.246842,2026-05-01
2.29,2.29,2.29,2.2899999999999996,15.0,2.29,2.29,gpu_provider,H100,on-demand,verda,2026-05-01 08:11:58.246842,2026-05-01
0.929583125,1.48734,1.80385,1.436322102443609,266.0,0.08,4.1170625,gpu,A100,spot,,2026-05-01 08:11:58.246842,2026-05-01
2.77848,3.71361975,4.407875000000001,3.5891082463768114,414.0,0.13884,8.1925,gpu,A100,on-demand,,2026-05-01 08:11:58.246842,2026-05-01
1.544294375,2.5280609375000003,4.0,2.7469889606617643,680.0,0.08,8.1925,gpu,A100,all,,2026-05-01 08:11:58.246842,2026-05-01
2.95,2.95,2.95,2.95,2.0,2.95,2.95,gpu_provider,H100,on-demand,nebius,2026-05-01 08:11:58.246842,2026-05-01
1.7115,2.7,4.0758,2.822109259259259,27.0,1.71125,4.891,gpu,B200,spot,,2026-05-01 08:11:58.246842,2026-05-01
4.89,6.69,6.89,6.057168249999999,120.0,1.71125,11.277,gpu,B200,all,,2026-05-01 08:11:58.246842,2026-05-01
1.45,10.6,13.647499999999999,8.146897931034482,58.0,1.1865,21.2,gpu,H200,spot,,2026-05-01 08:11:58.246842,2026-05-01
3.5,10.6,13.515,8.897546525423731,59.0,3.39,21.2,gpu,H200,on-demand,,2026-05-01 08:11:58.246842,2026-05-01
3.39,10.6,13.78,8.525430128205128,117.0,1.1865,21.2,gpu,H200,all,,2026-05-01 08:11:58.246842,2026-05-01
2.716143125,3.388947625,4.270636,3.3201758899521527,209.0,0.8015,10.142275,gpu,H100,spot,,2026-05-01 08:11:58.246842,2026-05-01
3.99,5.3832685,8.6,6.381367679617117,222.0,1.5292,15.830423875,gpu,H100,on-demand,,2026-05-01 08:11:58.246842,2026-05-01
2.9,2.9,2.9,2.9,4.0,2.9,2.9,gpu_provider,B200,spot,nebius,2026-05-01 08:11:58.246842,2026-05-01
6.69,6.79,6.99,6.996378924731185,93.0,4.01257,11.277,gpu,B200,on-demand,,2026-05-01 08:11:58.246842,2026-05-01
1.25,1.25,1.25,1.25,2.0,1.25,1.25,gpu_provider,H100,spot,nebius,2026-05-01 08:11:58.246842,2026-05-01
3.190724,4.09,5.442394,4.896938250290023,431.0,0.8015,15.830423875,gpu,H100,all,,2026-05-01 08:11:58.246842,2026-05-01
1.856659375,2.231725,4.08610625,3.7784166666666668,18.0,1.2287125,10.142275,gpu_provider,H100,spot,aws,2026-05-01 08:11:58.246842,2026-05-01
6.88,8.256,8.944,8.385344,25.0,6.88,11.5584,gpu_provider,H100,on-demand,aws,2026-05-01 08:11:58.246842,2026-05-01
12.561,13.25,13.835,13.62283870967742,31.0,10.6,21.2,gpu_provider,H200,spot,azure,2026-05-01 08:11:58.246842,2026-05-01
12.561,13.25,13.835,13.62283870967742,31.0,10.6,21.2,gpu_provider,H200,on-demand,azure,2026-05-01 08:11:58.246842,2026-05-01
2.9,2.96129,3.02258,2.96129,2.0,2.83871,3.08387,gpu_provider,H200,spot,vastai,2026-05-01 08:11:58.246842,2026-05-01
4.11407875,4.7236225,5.33316625,4.7236225,2.0,3.504535,5.94271,gpu_provider,H200,on-demand,vastai,2026-05-01 08:11:58.246842,2026-05-01
3.99,3.99,3.99,3.9400000000000004,8.0,3.59,3.99,gpu_provider,H200,on-demand,runpod,2026-05-01 08:11:58.246842,2026-05-01
1.45,1.45,1.45,1.45,6.0,1.45,1.45,gpu_provider,H200,spot,nebius,2026-05-01 08:11:58.246842,2026-05-01
3.5,3.5,3.5,3.5,6.0,3.5,3.5,gpu_provider,H200,on-demand,nebius,2026-05-01 08:11:58.246842,2026-05-01
3.05,3.05,3.05,3.0500000000000003,7.0,3.05,3.05,gpu_provider,H200,spot,runpod,2026-05-01 08:11:58.246842,2026-05-01
3.39,3.39,3.39,3.39,12.0,3.39,3.39,gpu_provider,H200,on-demand,verda,2026-05-01 08:11:58.246842,2026-05-01
3.99,4.09,4.19,3.97,80.0,3.29,4.29,gpu_provider,H100,on-demand,lambdalabs,2026-05-01 08:11:58.246842,2026-05-01
1.46667,1.46667,1.46667,1.46667,1.0,1.46667,1.46667,gpu_provider,H100,spot,vastai,2026-05-01 08:11:58.246842,2026-05-01
1.5292,1.5292,1.5292,1.5292,1.0,1.5292,1.5292,gpu_provider,H100,on-demand,vastai,2026-05-01 08:11:58.246842,2026-05-01
2.653,2.653,2.653,2.653,1.0,2.653,2.653,gpu_provider,H100,on-demand,cudo,2026-05-01 08:11:58.246842,2026-05-01
2.54,2.54,2.54,2.54,9.0,2.54,2.54,gpu_provider,H100,spot,runpod,2026-05-01 08:11:58.246842,2026-05-01
2.99,2.99,2.99,2.99,9.0,2.99,2.99,gpu_provider,H100,on-demand,runpod,2026-05-01 08:11:58.246842,2026-05-01
4.89,4.89,4.89,4.89,12.0,4.89,4.89,gpu_provider,B200,on-demand,verda,2026-05-01 08:11:58.246842,2026-05-01
1.39,1.39,1.49,1.377142857142857,7.0,1.0,1.49,gpu_provider,A100,on-demand,runpod,2026-05-02 07:45:01.178989,2026-05-02
1.689625,1.80385,2.001025,1.907592404017857,112.0,1.40574,2.79473225,gpu_provider,A100,spot,gcp,2026-05-02 07:45:01.178989,2026-05-02
2.49227125,3.6792675,4.04959090625,3.4898916517857144,112.0,2.16346,5.7077325,gpu_provider,A100,on-demand,gcp,2026-05-02 07:45:01.178989,2026-05-02
0.08,0.08,0.08,0.08,3.0,0.08,0.08,gpu_provider,A100,spot,vastai,2026-05-02 07:45:01.178989,2026-05-02
0.13850625,0.1385075,0.13850875,0.1385075,3.0,0.138505,0.13851,gpu_provider,A100,on-demand,vastai,2026-05-02 07:45:01.178989,2026-05-02
1.18,1.225,1.27,1.16,6.0,0.79,1.27,gpu_provider,A100,spot,runpod,2026-05-02 07:45:01.178989,2026-05-02
1.99,1.99,2.79,2.2566666666666664,48.0,1.99,2.79,gpu_provider,A100,on-demand,lambdalabs,2026-05-02 07:45:01.178989,2026-05-02
6.765000000000001,6.84,6.915,6.84,64.0,6.69,6.99,gpu_provider,B200,on-demand,lambdalabs,2026-05-02 07:45:01.178989,2026-05-02
4.4075,4.775,5.14225,4.894703663793103,116.0,3.399625,8.1925,gpu_provider,A100,on-demand,azure,2026-05-02 07:45:01.178989,2026-05-02
0.2524,0.4515,0.4515,0.3851291666666667,18.0,0.252375,0.4515,gpu_provider,A100,spot,verda,2026-05-02 07:45:01.178989,2026-05-02
0.721125,1.29,1.29,1.1003708333333333,18.0,0.7211,1.29,gpu_provider,A100,on-demand,verda,2026-05-02 07:45:01.178989,2026-05-02
4.0758,4.0758,4.4834,4.2981333333333325,9.0,4.0758,4.891,gpu_provider,B200,spot,gcp,2026-05-02 07:45:01.178989,2026-05-02
11.277,11.277,11.277,11.277,11.0,11.277,11.277,gpu_provider,B200,on-demand,gcp,2026-05-02 07:45:01.178989,2026-05-02
3.1564675,3.43088125,3.801285,3.5327744761904762,21.0,2.744705,4.7027875,gpu_provider,A100,on-demand,aws,2026-05-02 07:45:01.178989,2026-05-02
2.6875,2.7,3.06875,2.9375,3.0,2.675,3.4375,gpu_provider,B200,spot,vastai,2026-05-02 07:45:01.178989,2026-05-02
0.88242,0.9737775,1.331265,1.1541553863636365,110.0,0.67877,2.38177,gpu_provider,A100,spot,azure,2026-05-02 07:45:01.178989,2026-05-02
1.0871718750000001,1.3571374999999999,1.4835812499999999,1.5223284722222221,18.0,0.31565,4.1170625,gpu_provider,A100,spot,aws,2026-05-02 07:45:01.178989,2026-05-02
,3.2937267390615452,,,,,,metric,training_inference_ratio,on-demand,,2026-05-02 07:45:01.178989,2026-05-02
3.05,3.525,4.0,3.525,88.0,3.05,4.0,gpu_provider,A100,on-demand,oci,2026-05-02 07:45:01.178989,2026-05-02
,2.112280701754386,,,,,,metric,hyperscaler_premium_h100,on-demand,,2026-05-02 07:45:01.178989,2026-05-02
4.083725,4.15488,4.34318,4.232976666666667,3.0,4.01257,4.53148,gpu_provider,B200,on-demand,vastai,2026-05-02 07:45:01.178989,2026-05-02
,3.99,,,,,,metric,neocloud_median_h100,on-demand,,2026-05-02 07:45:01.178989,2026-05-02
,8.428,,,,,,metric,hyperscaler_median_h100,on-demand,,2026-05-02 07:45:01.178989,2026-05-02
3.14,3.99,4.19,3.6102303738317763,107.0,1.53465,4.29,provider_h100,neocloud,on-demand,,2026-05-02 07:45:01.178989,2026-05-02
5.7193375,8.428,11.985552625,9.015100218201756,114.0,5.3832685,15.830423875,provider_h100,hyperscaler,on-demand,,2026-05-02 07:45:01.178989,2026-05-02
,1.0955325443786983,,,,,,metric,hyperscaler_premium_all,on-demand,,2026-05-02 07:45:01.178989,2026-05-02
,1.69,,,,,,metric,neocloud_median_all,on-demand,,2026-05-02 07:45:01.178989,2026-05-02
,1.85145,,,,,,metric,hyperscaler_median_all,on-demand,,2026-05-02 07:45:01.178989,2026-05-02
0.49,1.69,3.65,inf,682.0,0.059,inf,provider,neocloud,on-demand,,2026-05-02 07:45:01.178989,2026-05-02
1.109996,1.85145,3.5,2.8388637971913577,4050.0,0.343,25.92,provider,hyperscaler,on-demand,,2026-05-02 07:45:01.178989,2026-05-02
0.2726,0.400476,0.557856,0.5572805613801454,2065.0,0.0684,9.1089,aggregate,inference,spot,,2026-05-02 07:45:01.178989,2026-05-02
0.879,1.2417545,1.805447,1.6602729913172385,2361.0,0.343,10.98917,aggregate,inference,on-demand,,2026-05-02 07:45:01.178989,2026-05-02
0.4132,0.7184,1.345028,1.1456594875169452,4426.0,0.0684,10.98917,aggregate,inference,all,,2026-05-02 07:45:01.178989,2026-05-02
1.2736779999999999,1.884325,3.454486375,2.896636803285968,563.0,0.08,21.2,aggregate,training,spot,,2026-05-02 07:45:01.178989,2026-05-02
3.1564675,4.09,5.762968625,5.172889171577948,789.0,0.138505,21.2,aggregate,training,on-demand,,2026-05-02 07:45:01.178989,2026-05-02
1.99,3.545884,4.775,4.225011890994822,1352.0,0.08,21.2,aggregate,training,all,,2026-05-02 07:45:01.178989,2026-05-02
2.8,2.8,2.8,2.8,1.0,2.8,2.8,gpu_provider,A100,on-demand,vultr,2026-05-02 07:45:01.178989,2026-05-02
2.9,2.9,2.9,2.9,4.0,2.9,2.9,gpu_provider,B200,spot,nebius,2026-05-02 07:45:01.178989,2026-05-02
3.5,3.5,3.5,3.5,6.0,3.5,3.5,gpu_provider,H200,on-demand,nebius,2026-05-02 07:45:01.178989,2026-05-02
1.7114375,1.7115,1.711625,1.7115625,12.0,1.71125,1.712,gpu_provider,B200,spot,verda,2026-05-02 07:45:01.178989,2026-05-02
5.596119875,10.97905825,12.51612875,9.19199803230337,89.0,5.3832685,15.830423875,gpu_provider,H100,on-demand,gcp,2026-05-02 07:45:01.178989,2026-05-02
0.8015,0.8015,0.8015,0.8015000000000003,15.0,0.8015,0.8015,gpu_provider,H100,spot,verda,2026-05-02 07:45:01.178989,2026-05-02
2.29,2.29,2.29,2.2899999999999996,15.0,2.29,2.29,gpu_provider,H100,on-demand,verda,2026-05-02 07:45:01.178989,2026-05-02
0.9220865,1.48734,1.80385,1.4312422443820225,267.0,0.08,4.1170625,gpu,A100,spot,,2026-05-02 07:45:01.178989,2026-05-02
2.77848,3.71361975,4.407875000000001,3.5845989166666663,414.0,0.138505,8.1925,gpu,A100,on-demand,,2026-05-02 07:45:01.178989,2026-05-02
5.5,5.5,5.5,5.5,4.0,5.5,5.5,gpu_provider,B200,on-demand,nebius,2026-05-02 07:45:01.178989,2026-05-02
1.7115,2.8,4.0758,2.8440875000000005,28.0,1.71125,4.891,gpu,B200,spot,,2026-05-02 07:45:01.178989,2026-05-02
6.69,6.79,6.99,6.970063085106386,94.0,4.01257,11.277,gpu,B200,on-demand,,2026-05-02 07:45:01.178989,2026-05-02
4.89,6.69,6.89,6.02311786885246,122.0,1.71125,11.277,gpu,B200,all,,2026-05-02 07:45:01.178989,2026-05-02
1.45,10.6,13.515,8.052773389830508,59.0,1.1865,21.2,gpu,H200,spot,,2026-05-02 07:45:01.178989,2026-05-02
3.5,10.6,13.3825,8.803059999999999,60.0,3.37856,21.2,gpu,H200,on-demand,,2026-05-02 07:45:01.178989,2026-05-02
3.39,10.6,13.515,8.431069159663865,119.0,1.1865,21.2,gpu,H200,all,,2026-05-02 07:45:01.178989,2026-05-02
2.716143125,3.388947625,4.270636,3.3201758899521527,209.0,0.8015,10.142275,gpu,H100,spot,,2026-05-02 07:45:01.178989,2026-05-02
3.99,5.3832685,8.6,6.398262782239819,221.0,1.53465,15.830423875,gpu,H100,on-demand,,2026-05-02 07:45:01.178989,2026-05-02
3.19298128125,4.09,5.442394,4.902169385755814,430.0,0.8015,15.830423875,gpu,H100,all,,2026-05-02 07:45:01.178989,2026-05-02
3.190724,3.6021,4.270636,3.5796103109756094,164.0,1.233702,4.624182375,gpu_provider,H100,spot,gcp,2026-05-02 07:45:01.178989,2026-05-02
2.95,2.95,2.95,2.95,2.0,2.95,2.95,gpu_provider,H100,on-demand,nebius,2026-05-02 07:45:01.178989,2026-05-02
1.523925,2.528060875,4.0,2.740331322687225,681.0,0.08,8.1925,gpu,A100,all,,2026-05-02 07:45:01.178989,2026-05-02
6.88,8.256,8.944,8.385344,25.0,6.88,11.5584,gpu_provider,H100,on-demand,aws,2026-05-02 07:45:01.178989,2026-05-02
1.25,1.25,1.25,1.25,2.0,1.25,1.25,gpu_provider,H100,spot,nebius,2026-05-02 07:45:01.178989,2026-05-02
4.89,4.89,4.89,4.89,12.0,4.89,4.89,gpu_provider,B200,on-demand,verda,2026-05-02 07:45:01.178989,2026-05-02
12.561,13.25,13.835,13.62283870967742,31.0,10.6,21.2,gpu_provider,H200,spot,azure,2026-05-02 07:45:01.178989,2026-05-02
12.561,13.25,13.835,13.62283870967742,31.0,10.6,21.2,gpu_provider,H200,on-demand,azure,2026-05-02 07:45:01.178989,2026-05-02
2.83871,2.83871,2.83871,2.8387100000000003,3.0,2.83871,2.83871,gpu_provider,H200,spot,vastai,2026-05-02 07:45:01.178989,2026-05-02
3.05,3.05,3.05,3.0500000000000003,7.0,3.05,3.05,gpu_provider,H200,spot,runpod,2026-05-02 07:45:01.178989,2026-05-02
3.99,3.99,3.99,3.9400000000000004,8.0,3.59,3.99,gpu_provider,H200,on-demand,runpod,2026-05-02 07:45:01.178989,2026-05-02
1.45,1.45,1.45,1.45,6.0,1.45,1.45,gpu_provider,H200,spot,nebius,2026-05-02 07:45:01.178989,2026-05-02
3.38938,3.4002,4.6485199999999995,4.2252,3.0,3.37856,5.89684,gpu_provider,H200,on-demand,vastai,2026-05-02 07:45:01.178989,2026-05-02
3.39,3.39,3.39,3.39,12.0,3.39,3.39,gpu_provider,H200,on-demand,verda,2026-05-02 07:45:01.178989,2026-05-02
3.99,4.09,4.19,3.97,80.0,3.29,4.29,gpu_provider,H100,on-demand,lambdalabs,2026-05-02 07:45:01.178989,2026-05-02
1.46667,1.46667,1.46667,1.46667,1.0,1.46667,1.46667,gpu_provider,H100,spot,vastai,2026-05-02 07:45:01.178989,2026-05-02
1.53465,1.53465,1.53465,1.53465,1.0,1.53465,1.53465,gpu_provider,H100,on-demand,vastai,2026-05-02 07:45:01.178989,2026-05-02
2.54,2.54,2.54,2.54,9.0,2.54,2.54,gpu_provider,H100,spot,runpod,2026-05-02 07:45:01.178989,2026-05-02
2.99,2.99,2.99,2.99,9.0,2.99,2.99,gpu_provider,H100,on-demand,runpod,2026-05-02 07:45:01.178989,2026-05-02
1.856659375,2.231725,4.08610625,3.7784166666666668,18.0,1.2287125,10.142275,gpu_provider,H100,spot,aws,2026-05-02 07:45:01.178989,2026-05-02
1.1865,1.1865,1.186625,1.1866250000000003,12.0,1.1865,1.187,gpu_provider,H200,spot,verda,2026-05-02 07:45:01.178989,2026-05-02
0.08,0.08,0.08,0.08,3.0,0.08,0.08,gpu_provider,A100,spot,vastai,2026-05-03 08:01:58.523484,2026-05-03
1.99,1.99,2.79,2.2566666666666664,48.0,1.99,2.79,gpu_provider,A100,on-demand,lambdalabs,2026-05-03 08:01:58.523484,2026-05-03
1.689625,1.80385,2.001025,1.907592404017857,112.0,1.40574,2.79473225,gpu_provider,A100,spot,gcp,2026-05-03 08:01:58.523484,2026-05-03
2.49227125,3.6792675,4.04959090625,3.4898916517857144,112.0,2.16346,5.7077325,gpu_provider,A100,on-demand,gcp,2026-05-03 08:01:58.523484,2026-05-03
1.18,1.225,1.27,1.16,6.0,0.79,1.27,gpu_provider,A100,spot,runpod,2026-05-03 08:01:58.523484,2026-05-03
1.39,1.39,1.49,1.377142857142857,7.0,1.0,1.49,gpu_provider,A100,on-demand,runpod,2026-05-03 08:01:58.523484,2026-05-03
0.13795,0.13795,0.13795125,0.13795083333333333,3.0,0.13795,0.1379525,gpu_provider,A100,on-demand,vastai,2026-05-03 08:01:58.523484,2026-05-03
3.1564675,3.43088125,3.801285,3.5327744761904762,21.0,2.744705,4.7027875,gpu_provider,A100,on-demand,aws,2026-05-03 08:01:58.523484,2026-05-03
4.4075,4.775,5.14225,4.894703663793103,116.0,3.399625,8.1925,gpu_provider,A100,on-demand,azure,2026-05-03 08:01:58.523484,2026-05-03
,2.112280701754386,,,,,,metric,hyperscaler_premium_h100,on-demand,,2026-05-03 08:01:58.523484,2026-05-03
0.2524,0.4515,0.4515,0.3851291666666667,18.0,0.252375,0.4515,gpu_provider,A100,spot,verda,2026-05-03 08:01:58.523484,2026-05-03
0.721125,1.29,1.29,1.1003708333333333,18.0,0.7211,1.29,gpu_provider,A100,on-demand,verda,2026-05-03 08:01:58.523484,2026-05-03
4.0758,4.0758,4.4834,4.2981333333333325,9.0,4.0758,4.891,gpu_provider,B200,spot,gcp,2026-05-03 08:01:58.523484,2026-05-03
11.277,11.277,11.277,11.277,11.0,11.277,11.277,gpu_provider,B200,on-demand,gcp,2026-05-03 08:01:58.523484,2026-05-03
6.765000000000001,6.84,6.915,6.84,64.0,6.69,6.99,gpu_provider,B200,on-demand,lambdalabs,2026-05-03 08:01:58.523484,2026-05-03
0.88242,0.9737775,1.331265,1.1541553863636365,110.0,0.67877,2.38177,gpu_provider,A100,spot,azure,2026-05-03 08:01:58.523484,2026-05-03
1.0871718750000001,1.3571374999999999,1.4835812499999999,1.5223284722222221,18.0,0.31565,4.1170625,gpu_provider,A100,spot,aws,2026-05-03 08:01:58.523484,2026-05-03
2.625,2.675,2.7,2.665,5.0,2.625,2.7,gpu_provider,B200,spot,vastai,2026-05-03 08:01:58.523484,2026-05-03
3.05,3.525,4.0,3.525,88.0,3.05,4.0,gpu_provider,A100,on-demand,oci,2026-05-03 08:01:58.523484,2026-05-03
,3.99,,,,,,metric,neocloud_median_h100,on-demand,,2026-05-03 08:01:58.523484,2026-05-03
,8.428,,,,,,metric,hyperscaler_median_h100,on-demand,,2026-05-03 08:01:58.523484,2026-05-03
3.14,3.99,4.19,3.6102466355140197,107.0,1.53639,4.29,provider_h100,neocloud,on-demand,,2026-05-03 08:01:58.523484,2026-05-03
5.7193375,8.428,11.985552625,9.015100218201756,114.0,5.3832685,15.830423875,provider_h100,hyperscaler,on-demand,,2026-05-03 08:01:58.523484,2026-05-03
,1.0955325443786983,,,,,,metric,hyperscaler_premium_all,on-demand,,2026-05-03 08:01:58.523484,2026-05-03
,1.69,,,,,,metric,neocloud_median_all,on-demand,,2026-05-03 08:01:58.523484,2026-05-03
,1.85145,,,,,,metric,hyperscaler_median_all,on-demand,,2026-05-03 08:01:58.523484,2026-05-03
2.8,2.8,2.8,2.8,1.0,2.8,2.8,gpu_provider,A100,on-demand,vultr,2026-05-03 08:01:58.523484,2026-05-03
0.49,1.69,3.70071,inf,680.0,0.059,inf,provider,neocloud,on-demand,,2026-05-03 08:01:58.523484,2026-05-03
,3.2937267390615452,,,,,,metric,training_inference_ratio,on-demand,,2026-05-03 08:01:58.523484,2026-05-03
0.2726,0.400476,0.557856,0.5572805613801454,2065.0,0.0684,9.1089,aggregate,inference,spot,,2026-05-03 08:01:58.523484,2026-05-03
0.879,1.2417545,1.805447,1.6602729913172385,2361.0,0.343,10.98917,aggregate,inference,on-demand,,2026-05-03 08:01:58.523484,2026-05-03
0.4132,0.7184,1.345028,1.1456594875169452,4426.0,0.0684,10.98917,aggregate,inference,all,,2026-05-03 08:01:58.523484,2026-05-03
1.271839,1.884325,3.4627655625,2.8946670645017796,562.0,0.08,21.2,aggregate,training,spot,,2026-05-03 08:01:58.523484,2026-05-03
3.129850625,4.09,5.762968625,5.172501933851524,788.0,0.13795,21.2,aggregate,training,on-demand,,2026-05-03 08:01:58.523484,2026-05-03
1.99,3.545884,4.775,4.224247714166667,1350.0,0.08,21.2,aggregate,training,all,,2026-05-03 08:01:58.523484,2026-05-03
1.109996,1.85145,3.5,2.8388637971913577,4050.0,0.343,25.92,provider,hyperscaler,on-demand,,2026-05-03 08:01:58.523484,2026-05-03
3.852845,4.01908,4.01908,3.9792855000000005,5.0,3.85284,4.1525825,gpu_provider,B200,on-demand,vastai,2026-05-03 08:01:58.523484,2026-05-03
3.99,3.99,3.99,3.9400000000000004,8.0,3.59,3.99,gpu_provider,H200,on-demand,runpod,2026-05-03 08:01:58.523484,2026-05-03
5.5,5.5,5.5,5.5,4.0,5.5,5.5,gpu_provider,B200,on-demand,nebius,2026-05-03 08:01:58.523484,2026-05-03
5.596119875,10.97905825,12.51612875,9.19199803230337,89.0,5.3832685,15.830423875,gpu_provider,H100,on-demand,gcp,2026-05-03 08:01:58.523484,2026-05-03
0.8015,0.8015,0.8015,0.8015000000000003,15.0,0.8015,0.8015,gpu_provider,H100,spot,verda,2026-05-03 08:01:58.523484,2026-05-03
2.29,2.29,2.29,2.2899999999999996,15.0,2.29,2.29,gpu_provider,H100,on-demand,verda,2026-05-03 08:01:58.523484,2026-05-03
0.9220865,1.48734,1.80385,1.4312422443820225,267.0,0.08,4.1170625,gpu,A100,spot,,2026-05-03 08:01:58.523484,2026-05-03
2.77848,3.71361975,4.407875000000001,3.584594882850241,414.0,0.13795,8.1925,gpu,A100,on-demand,,2026-05-03 08:01:58.523484,2026-05-03
1.523925,2.528060875,4.0,2.7403288704111595,681.0,0.08,8.1925,gpu,A100,all,,2026-05-03 08:01:58.523484,2026-05-03
1.7115,2.6875,4.0758,2.8048983333333335,30.0,1.71125,4.891,gpu,B200,spot,,2026-05-03 08:01:58.523484,2026-05-03
6.69,6.79,6.99,6.899827369791666,96.0,3.85284,11.277,gpu,B200,on-demand,,2026-05-03 08:01:58.523484,2026-05-03
4.4556499999999994,6.69,6.89,5.924844265873017,126.0,1.71125,11.277,gpu,B200,all,,2026-05-03 08:01:58.523484,2026-05-03
1.45,11.129999999999999,13.78,8.332098214285713,56.0,1.1865,21.2,gpu,H200,spot,,2026-05-03 08:01:58.523484,2026-05-03
3.5,10.6,13.78,9.044,57.0,3.39,21.2,gpu,H200,on-demand,,2026-05-03 08:01:58.523484,2026-05-03
3.39,10.6,13.78,8.691199115044249,113.0,1.1865,21.2,gpu,H200,all,,2026-05-03 08:01:58.523484,2026-05-03
2.716143125,3.388947625,4.270636,3.3201758899521527,209.0,0.8015,10.142275,gpu,H100,spot,,2026-05-03 08:01:58.523484,2026-05-03
3.99,5.3832685,8.6,6.398270655542987,221.0,1.53639,15.830423875,gpu,H100,on-demand,,2026-05-03 08:01:58.523484,2026-05-03
3.19298128125,4.09,5.442394,4.902173432267442,430.0,0.8015,15.830423875,gpu,H100,all,,2026-05-03 08:01:58.523484,2026-05-03
3.190724,3.6021,4.270636,3.5796103109756094,164.0,1.233702,4.624182375,gpu_provider,H100,spot,gcp,2026-05-03 08:01:58.523484,2026-05-03
2.95,2.95,2.95,2.95,2.0,2.95,2.95,gpu_provider,H100,on-demand,nebius,2026-05-03 08:01:58.523484,2026-05-03
2.9,2.9,2.9,2.9,4.0,2.9,2.9,gpu_provider,B200,spot,nebius,2026-05-03 08:01:58.523484,2026-05-03
6.88,8.256,8.944,8.385344,25.0,6.88,11.5584,gpu_provider,H100,on-demand,aws,2026-05-03 08:01:58.523484,2026-05-03
1.25,1.25,1.25,1.25,2.0,1.25,1.25,gpu_provider,H100,spot,nebius,2026-05-03 08:01:58.523484,2026-05-03
1.7114375,1.7115,1.711625,1.7115625,12.0,1.71125,1.712,gpu_provider,B200,spot,verda,2026-05-03 08:01:58.523484,2026-05-03
4.89,4.89,4.89,4.89,12.0,4.89,4.89,gpu_provider,B200,on-demand,verda,2026-05-03 08:01:58.523484,2026-05-03
12.561,13.25,13.835,13.62283870967742,31.0,10.6,21.2,gpu_provider,H200,spot,azure,2026-05-03 08:01:58.523484,2026-05-03
12.561,13.25,13.835,13.62283870967742,31.0,10.6,21.2,gpu_provider,H200,on-demand,azure,2026-05-03 08:01:58.523484,2026-05-03
1.45,1.45,1.45,1.45,6.0,1.45,1.45,gpu_provider,H200,spot,nebius,2026-05-03 08:01:58.523484,2026-05-03
3.5,3.5,3.5,3.5,6.0,3.5,3.5,gpu_provider,H200,on-demand,nebius,2026-05-03 08:01:58.523484,2026-05-03
3.05,3.05,3.05,3.0500000000000003,7.0,3.05,3.05,gpu_provider,H200,spot,runpod,2026-05-03 08:01:58.523484,2026-05-03
3.39,3.39,3.39,3.39,12.0,3.39,3.39,gpu_provider,H200,on-demand,verda,2026-05-03 08:01:58.523484,2026-05-03
1.46667,1.46667,1.46667,1.46667,1.0,1.46667,1.46667,gpu_provider,H100,spot,vastai,2026-05-03 08:01:58.523484,2026-05-03
1.53639,1.53639,1.53639,1.53639,1.0,1.53639,1.53639,gpu_provider,H100,on-demand,vastai,2026-05-03 08:01:58.523484,2026-05-03
3.99,4.09,4.19,3.97,80.0,3.29,4.29,gpu_provider,H100,on-demand,lambdalabs,2026-05-03 08:01:58.523484,2026-05-03
2.54,2.54,2.54,2.54,9.0,2.54,2.54,gpu_provider,H100,spot,runpod,2026-05-03 08:01:58.523484,2026-05-03
2.99,2.99,2.99,2.99,9.0,2.99,2.99,gpu_provider,H100,on-demand,runpod,2026-05-03 08:01:58.523484,2026-05-03
1.856659375,2.231725,4.08610625,3.7784166666666668,18.0,1.2287125,10.142275,gpu_provider,H100,spot,aws,2026-05-03 08:01:58.523484,2026-05-03
1.1865,1.1865,1.186625,1.1866250000000003,12.0,1.1865,1.187,gpu_provider,H200,spot,verda,2026-05-03 08:01:58.523484,2026-05-03
1.18,1.225,1.27,1.16,6.0,0.79,1.27,gpu_provider,A100,spot,runpod,2026-05-04 08:30:26.327617,2026-05-04
1.0871718750000001,1.3571374999999999,1.4835812499999999,1.5223284722222221,18.0,0.31565,4.1170625,gpu_provider,A100,spot,aws,2026-05-04 08:30:26.327617,2026-05-04
3.1564675,3.43088125,3.801285,3.5327744761904762,21.0,2.744705,4.7027875,gpu_provider,A100,on-demand,aws,2026-05-04 08:30:26.327617,2026-05-04
1.99,1.99,2.79,2.2566666666666664,48.0,1.99,2.79,gpu_provider,A100,on-demand,lambdalabs,2026-05-04 08:30:26.327617,2026-05-04
1.689625,1.80385,2.001025,1.907592404017857,112.0,1.40574,2.79473225,gpu_provider,A100,spot,gcp,2026-05-04 08:30:26.327617,2026-05-04
2.49227125,3.6792675,4.04959090625,3.4898916517857144,112.0,2.16346,5.7077325,gpu_provider,A100,on-demand,gcp,2026-05-04 08:30:26.327617,2026-05-04
1.39,1.39,1.49,1.377142857142857,7.0,1.0,1.49,gpu_provider,A100,on-demand,runpod,2026-05-04 08:30:26.327617,2026-05-04
11.277,11.277,11.277,11.277,11.0,11.277,11.277,gpu_provider,B200,on-demand,gcp,2026-05-04 08:30:26.327617,2026-05-04
4.4075,4.775,5.14225,4.894703663793103,116.0,3.399625,8.1925,gpu_provider,A100,on-demand,azure,2026-05-04 08:30:26.327617,2026-05-04
0.08,0.08,0.20666500000000002,0.16444333333333336,3.0,0.08,0.33333,gpu_provider,A100,spot,vastai,2026-05-04 08:30:26.327617,2026-05-04
0.1384975,0.1385,0.30269500000000005,0.24796166666666666,3.0,0.138495,0.46689,gpu_provider,A100,on-demand,vastai,2026-05-04 08:30:26.327617,2026-05-04
0.2524,0.4515,0.4515,0.3851291666666667,18.0,0.252375,0.4515,gpu_provider,A100,spot,verda,2026-05-04 08:30:26.327617,2026-05-04
0.721125,1.29,1.29,1.1003708333333333,18.0,0.7211,1.29,gpu_provider,A100,on-demand,verda,2026-05-04 08:30:26.327617,2026-05-04
4.0758,4.0758,4.4834,4.2981333333333325,9.0,4.0758,4.891,gpu_provider,B200,spot,gcp,2026-05-04 08:30:26.327617,2026-05-04
2.8,2.8,2.8,2.8,1.0,2.8,2.8,gpu_provider,A100,on-demand,vultr,2026-05-04 08:30:26.327617,2026-05-04
0.88242,0.9737775,1.331265,1.1541553863636365,110.0,0.67877,2.38177,gpu_provider,A100,spot,azure,2026-05-04 08:30:26.327617,2026-05-04
3.05,3.525,4.0,3.525,88.0,3.05,4.0,gpu_provider,A100,on-demand,oci,2026-05-04 08:30:26.327617,2026-05-04
1.109996,1.85145,3.5,2.8388637971913577,4050.0,0.343,25.92,provider,hyperscaler,on-demand,,2026-05-04 08:30:26.327617,2026-05-04
3.2041850312499998,4.09,5.762968625,5.17639483518401,788.0,0.138495,21.2,aggregate,training,on-demand,,2026-05-04 08:30:26.327617,2026-05-04
2.68125,2.7,2.7,2.775,6.0,2.625,3.25,gpu_provider,B200,spot,vastai,2026-05-04 08:30:26.327617,2026-05-04
,2.112280701754386,,,,,,metric,hyperscaler_premium_h100,on-demand,,2026-05-04 08:30:26.327617,2026-05-04
,3.99,,,,,,metric,neocloud_median_h100,on-demand,,2026-05-04 08:30:26.327617,2026-05-04
,8.428,,,,,,metric,hyperscaler_median_h100,on-demand,,2026-05-04 08:30:26.327617,2026-05-04
3.29,3.99,4.19,3.629811320754718,106.0,2.29,4.29,provider_h100,neocloud,on-demand,,2026-05-04 08:30:26.327617,2026-05-04
5.7193375,8.428,11.985552625,9.015100218201756,114.0,5.3832685,15.830423875,provider_h100,hyperscaler,on-demand,,2026-05-04 08:30:26.327617,2026-05-04
,1.0955325443786983,,,,,,metric,hyperscaler_premium_all,on-demand,,2026-05-04 08:30:26.327617,2026-05-04
,1.69,,,,,,metric,neocloud_median_all,on-demand,,2026-05-04 08:30:26.327617,2026-05-04
,1.85145,,,,,,metric,hyperscaler_median_all,on-demand,,2026-05-04 08:30:26.327617,2026-05-04
0.49,1.69,3.89527,inf,681.0,0.032155,inf,provider,neocloud,on-demand,,2026-05-04 08:30:26.327617,2026-05-04
,3.2937267390615452,,,,,,metric,training_inference_ratio,on-demand,,2026-05-04 08:30:26.327617,2026-05-04
0.2726,0.400476,0.557856,0.5572805613801454,2065.0,0.0684,9.1089,aggregate,inference,spot,,2026-05-04 08:30:26.327617,2026-05-04
0.879,1.2417545,1.805447,1.6602729913172385,2361.0,0.343,10.98917,aggregate,inference,on-demand,,2026-05-04 08:30:26.327617,2026-05-04
0.4132,0.7184,1.345028,1.1456594875169452,4426.0,0.0684,10.98917,aggregate,inference,all,,2026-05-04 08:30:26.327617,2026-05-04
1.271839,1.8876125,3.4627655625,2.8984244666370107,562.0,0.08,21.2,aggregate,training,spot,,2026-05-04 08:30:26.327617,2026-05-04
1.99,3.557000125,4.775,4.2280842076851854,1350.0,0.08,21.2,aggregate,training,all,,2026-05-04 08:30:26.327617,2026-05-04
4.01908,4.019080625,4.0537453125,4.028398541666666,6.0,3.89527,4.15258,gpu_provider,B200,on-demand,vastai,2026-05-04 08:30:26.327617,2026-05-04
6.765000000000001,6.84,6.915,6.84,64.0,6.69,6.99,gpu_provider,B200,on-demand,lambdalabs,2026-05-04 08:30:26.327617,2026-05-04
2.9,2.9,2.9,2.9,4.0,2.9,2.9,gpu_provider,B200,spot,nebius,2026-05-04 08:30:26.327617,2026-05-04
5.596119875,10.97905825,12.51612875,9.19199803230337,89.0,5.3832685,15.830423875,gpu_provider,H100,on-demand,gcp,2026-05-04 08:30:26.327617,2026-05-04
0.8015,0.8015,0.8015,0.8015000000000003,15.0,0.8015,0.8015,gpu_provider,H100,spot,verda,2026-05-04 08:30:26.327617,2026-05-04
2.29,2.29,2.29,2.2899999999999996,15.0,2.29,2.29,gpu_provider,H100,on-demand,verda,2026-05-04 08:30:26.327617,2026-05-04
0.9220865,1.48734,1.80385,1.4321910458801497,267.0,0.08,4.1170625,gpu,A100,spot,,2026-05-04 08:30:26.327617,2026-05-04
2.77848,3.71361975,4.407875000000001,3.585392062801932,414.0,0.138495,8.1925,gpu,A100,on-demand,,2026-05-04 08:30:26.327617,2026-05-04
1.7115,2.7,4.0758,2.821675806451613,31.0,1.71125,4.891,gpu,B200,spot,,2026-05-04 08:30:26.327617,2026-05-04
3.190724,3.6021,4.270636,3.5796103109756094,164.0,1.233702,4.624182375,gpu_provider,H100,spot,gcp,2026-05-04 08:30:26.327617,2026-05-04
6.69,6.79,6.99,6.872756610824743,97.0,3.89527,11.277,gpu,B200,on-demand,,2026-05-04 08:30:26.327617,2026-05-04
1.45,11.129999999999999,13.78,8.332098214285713,56.0,1.1865,21.2,gpu,H200,spot,,2026-05-04 08:30:26.327617,2026-05-04
3.5,10.6,13.78,9.044,57.0,3.39,21.2,gpu,H200,on-demand,,2026-05-04 08:30:26.327617,2026-05-04
3.39,10.6,13.78,8.691199115044249,113.0,1.1865,21.2,gpu,H200,all,,2026-05-04 08:30:26.327617,2026-05-04
2.7290652499999997,3.4127958124999997,4.270636,3.329086975961538,208.0,0.8015,10.142275,gpu,H100,spot,,2026-05-04 08:30:26.327617,2026-05-04
3.99,5.3832685,8.6,6.420370113068182,220.0,2.29,15.830423875,gpu,H100,on-demand,,2026-05-04 08:30:26.327617,2026-05-04
3.22688540625,4.09,5.442394,4.91806428942757,428.0,0.8015,15.830423875,gpu,H100,all,,2026-05-04 08:30:26.327617,2026-05-04
4.1333850000000005,6.69,6.89,5.891635478515624,128.0,1.71125,11.277,gpu,B200,all,,2026-05-04 08:30:26.327617,2026-05-04
2.95,2.95,2.95,2.95,2.0,2.95,2.95,gpu_provider,H100,on-demand,nebius,2026-05-04 08:30:26.327617,2026-05-04
1.523925,2.528060875,4.0,2.741185496696035,681.0,0.08,8.1925,gpu,A100,all,,2026-05-04 08:30:26.327617,2026-05-04
6.88,8.256,8.944,8.385344,25.0,6.88,11.5584,gpu_provider,H100,on-demand,aws,2026-05-04 08:30:26.327617,2026-05-04
1.25,1.25,1.25,1.25,2.0,1.25,1.25,gpu_provider,H100,spot,nebius,2026-05-04 08:30:26.327617,2026-05-04
1.7114375,1.7115,1.711625,1.7115625,12.0,1.71125,1.712,gpu_provider,B200,spot,verda,2026-05-04 08:30:26.327617,2026-05-04
4.89,4.89,4.89,4.89,12.0,4.89,4.89,gpu_provider,B200,on-demand,verda,2026-05-04 08:30:26.327617,2026-05-04
12.561,13.25,13.835,13.62283870967742,31.0,10.6,21.2,gpu_provider,H200,spot,azure,2026-05-04 08:30:26.327617,2026-05-04
12.561,13.25,13.835,13.62283870967742,31.0,10.6,21.2,gpu_provider,H200,on-demand,azure,2026-05-04 08:30:26.327617,2026-05-04
3.05,3.05,3.05,3.0500000000000003,7.0,3.05,3.05,gpu_provider,H200,spot,runpod,2026-05-04 08:30:26.327617,2026-05-04
3.99,3.99,3.99,3.9400000000000004,8.0,3.59,3.99,gpu_provider,H200,on-demand,runpod,2026-05-04 08:30:26.327617,2026-05-04
1.45,1.45,1.45,1.45,6.0,1.45,1.45,gpu_provider,H200,spot,nebius,2026-05-04 08:30:26.327617,2026-05-04
5.5,5.5,5.5,5.5,4.0,5.5,5.5,gpu_provider,B200,on-demand,nebius,2026-05-04 08:30:26.327617,2026-05-04
1.1865,1.1865,1.186625,1.1866250000000003,12.0,1.1865,1.187,gpu_provider,H200,spot,verda,2026-05-04 08:30:26.327617,2026-05-04
3.39,3.39,3.39,3.39,12.0,3.39,3.39,gpu_provider,H200,on-demand,verda,2026-05-04 08:30:26.327617,2026-05-04
3.99,4.09,4.19,3.97,80.0,3.29,4.29,gpu_provider,H100,on-demand,lambdalabs,2026-05-04 08:30:26.327617,2026-05-04
2.54,2.54,2.54,2.54,9.0,2.54,2.54,gpu_provider,H100,spot,runpod,2026-05-04 08:30:26.327617,2026-05-04
2.99,2.99,2.99,2.99,9.0,2.99,2.99,gpu_provider,H100,on-demand,runpod,2026-05-04 08:30:26.327617,2026-05-04
1.856659375,2.231725,4.08610625,3.7784166666666668,18.0,1.2287125,10.142275,gpu_provider,H100,spot,aws,2026-05-04 08:30:26.327617,2026-05-04
3.5,3.5,3.5,3.5,6.0,3.5,3.5,gpu_provider,H200,on-demand,nebius,2026-05-04 08:30:26.327617,2026-05-04
2.8,2.8,2.8,2.8,1.0,2.8,2.8,gpu_provider,A100,on-demand,vultr,2026-05-05 08:10:36.124827,2026-05-05
1.0871718750000001,1.3571374999999999,1.4835812499999999,1.5223284722222221,18.0,0.31565,4.1170625,gpu_provider,A100,spot,aws,2026-05-05 08:10:36.124827,2026-05-05
3.1564675,3.43088125,3.801285,3.5327744761904762,21.0,2.744705,4.7027875,gpu_provider,A100,on-demand,aws,2026-05-05 08:10:36.124827,2026-05-05
1.99,1.99,2.79,2.2566666666666664,48.0,1.99,2.79,gpu_provider,A100,on-demand,lambdalabs,2026-05-05 08:10:36.124827,2026-05-05
1.689625,1.80385,2.001025,1.907592404017857,112.0,1.40574,2.79473225,gpu_provider,A100,spot,gcp,2026-05-05 08:10:36.124827,2026-05-05
2.49227125,3.6792675,4.04959090625,3.4898916517857144,112.0,2.16346,5.7077325,gpu_provider,A100,on-demand,gcp,2026-05-05 08:10:36.124827,2026-05-05
0.08,0.08,0.08,0.08,3.0,0.08,0.08,gpu_provider,A100,spot,vastai,2026-05-05 08:10:36.124827,2026-05-05
0.137765,0.137765,0.1377675,0.13776666666666668,3.0,0.137765,0.13777,gpu_provider,A100,on-demand,vastai,2026-05-05 08:10:36.124827,2026-05-05
4.4075,4.775,5.14225,4.894703663793103,116.0,3.399625,8.1925,gpu_provider,A100,on-demand,azure,2026-05-05 08:10:36.124827,2026-05-05
1.39,1.39,1.49,1.377142857142857,7.0,1.0,1.49,gpu_provider,A100,on-demand,runpod,2026-05-05 08:10:36.124827,2026-05-05
0.88242,0.9737775,1.331265,1.1541553863636365,110.0,0.67877,2.38177,gpu_provider,A100,spot,azure,2026-05-05 08:10:36.124827,2026-05-05
0.2524,0.4515,0.4515,0.3851291666666667,18.0,0.252375,0.4515,gpu_provider,A100,spot,verda,2026-05-05 08:10:36.124827,2026-05-05
0.721125,1.29,1.29,1.1003708333333333,18.0,0.7211,1.29,gpu_provider,A100,on-demand,verda,2026-05-05 08:10:36.124827,2026-05-05
4.0758,4.0758,4.4834,4.2981333333333325,9.0,4.0758,4.891,gpu_provider,B200,spot,gcp,2026-05-05 08:10:36.124827,2026-05-05
11.277,11.277,11.277,11.277,11.0,11.277,11.277,gpu_provider,B200,on-demand,gcp,2026-05-05 08:10:36.124827,2026-05-05
1.18,1.225,1.27,1.16,6.0,0.79,1.27,gpu_provider,A100,spot,runpod,2026-05-05 08:10:36.124827,2026-05-05
3.05,3.525,4.0,3.525,88.0,3.05,4.0,gpu_provider,A100,on-demand,oci,2026-05-05 08:10:36.124827,2026-05-05
,2.112280701754386,,,,,,metric,hyperscaler_premium_h100,on-demand,,2026-05-05 08:10:36.124827,2026-05-05
3.1882791875,4.09,5.762968625,5.168454709386854,791.0,0.137765,21.2,aggregate,training,on-demand,,2026-05-05 08:10:36.124827,2026-05-05
6.765000000000001,6.84,6.915,6.84,64.0,6.69,6.99,gpu_provider,B200,on-demand,lambdalabs,2026-05-05 08:10:36.124827,2026-05-05
,3.99,,,,,,metric,neocloud_median_h100,on-demand,,2026-05-05 08:10:36.124827,2026-05-05
,8.428,,,,,,metric,hyperscaler_median_h100,on-demand,,2026-05-05 08:10:36.124827,2026-05-05
3.14,3.99,4.19,3.610208644859814,107.0,1.532325,4.29,provider_h100,neocloud,on-demand,,2026-05-05 08:10:36.124827,2026-05-05
5.7193375,8.428,11.985552625,9.015100218201756,114.0,5.3832685,15.830423875,provider_h100,hyperscaler,on-demand,,2026-05-05 08:10:36.124827,2026-05-05
,1.0955325443786983,,,,,,metric,hyperscaler_premium_all,on-demand,,2026-05-05 08:10:36.124827,2026-05-05
,1.69,,,,,,metric,neocloud_median_all,on-demand,,2026-05-05 08:10:36.124827,2026-05-05
,1.85145,,,,,,metric,hyperscaler_median_all,on-demand,,2026-05-05 08:10:36.124827,2026-05-05
0.49,1.69,3.88928,inf,681.0,0.059,inf,provider,neocloud,on-demand,,2026-05-05 08:10:36.124827,2026-05-05
1.109996,1.85145,3.5,2.8388637971913577,4050.0,0.343,25.92,provider,hyperscaler,on-demand,,2026-05-05 08:10:36.124827,2026-05-05
,3.2937267390615452,,,,,,metric,training_inference_ratio,on-demand,,2026-05-05 08:10:36.124827,2026-05-05
0.2726,0.400476,0.557856,0.5572805613801454,2065.0,0.0684,9.1089,aggregate,inference,spot,,2026-05-05 08:10:36.124827,2026-05-05
0.879,1.2417545,1.805447,1.6602729913172385,2361.0,0.343,10.98917,aggregate,inference,on-demand,,2026-05-05 08:10:36.124827,2026-05-05
0.4132,0.7184,1.345028,1.1456594875169452,4426.0,0.0684,10.98917,aggregate,inference,all,,2026-05-05 08:10:36.124827,2026-05-05
1.277356,1.8909,3.4375,2.89480599159292,565.0,0.08,21.2,aggregate,training,spot,,2026-05-05 08:10:36.124827,2026-05-05
1.99,3.545884,4.775,4.2211010769727135,1356.0,0.08,21.2,aggregate,training,all,,2026-05-05 08:10:36.124827,2026-05-05
3.88928,4.0191,4.05350125,4.02714953125,8.0,3.78228125,4.44235,gpu_provider,B200,on-demand,vastai,2026-05-05 08:10:36.124827,2026-05-05
2.625,2.6875,2.7,2.7609375,8.0,2.625,3.4375,gpu_provider,B200,spot,vastai,2026-05-05 08:10:36.124827,2026-05-05
5.5,5.5,5.5,5.5,4.0,5.5,5.5,gpu_provider,B200,on-demand,nebius,2026-05-05 08:10:36.124827,2026-05-05
3.190724,3.6021,4.270636,3.5796103109756094,164.0,1.233702,4.624182375,gpu_provider,H100,spot,gcp,2026-05-05 08:10:36.124827,2026-05-05
5.596119875,10.97905825,12.51612875,9.19199803230337,89.0,5.3832685,15.830423875,gpu_provider,H100,on-demand,gcp,2026-05-05 08:10:36.124827,2026-05-05
0.8015,0.8015,0.8015,0.8015000000000003,15.0,0.8015,0.8015,gpu_provider,H100,spot,verda,2026-05-05 08:10:36.124827,2026-05-05
2.29,2.29,2.29,2.2899999999999996,15.0,2.29,2.29,gpu_provider,H100,on-demand,verda,2026-05-05 08:10:36.124827,2026-05-05
0.9220865,1.48734,1.80385,1.4312422443820225,267.0,0.08,4.1170625,gpu,A100,spot,,2026-05-05 08:10:36.124827,2026-05-05
2.77848,3.71361975,4.407875000000001,3.5845935483091784,414.0,0.137765,8.1925,gpu,A100,on-demand,,2026-05-05 08:10:36.124827,2026-05-05
1.523925,2.528060875,4.0,2.7403280591042587,681.0,0.08,8.1925,gpu,A100,all,,2026-05-05 08:10:36.124827,2026-05-05
1.7115,2.7,4.0758,2.8154378787878787,33.0,1.71125,4.891,gpu,B200,spot,,2026-05-05 08:10:36.124827,2026-05-05
6.69,6.79,6.99,6.815193901515153,99.0,3.78228125,11.277,gpu,B200,on-demand,,2026-05-05 08:10:36.124827,2026-05-05
4.0758,6.69,6.89,5.815254895833333,132.0,1.71125,11.277,gpu,B200,all,,2026-05-05 08:10:36.124827,2026-05-05
1.45,11.129999999999999,13.78,8.332098214285713,56.0,1.1865,21.2,gpu,H200,spot,,2026-05-05 08:10:36.124827,2026-05-05
3.5,10.6,13.78,9.044,57.0,3.39,21.2,gpu,H200,on-demand,,2026-05-05 08:10:36.124827,2026-05-05
3.39,10.6,13.78,8.691199115044249,113.0,1.1865,21.2,gpu,H200,all,,2026-05-05 08:10:36.124827,2026-05-05
2.716143125,3.388947625,4.270636,3.320175866028708,209.0,0.8015,10.142275,gpu,H100,spot,,2026-05-05 08:10:36.124827,2026-05-05
3.99,5.3832685,8.6,6.398252261877828,221.0,1.532325,15.830423875,gpu,H100,on-demand,,2026-05-05 08:10:36.124827,2026-05-05
2.95,2.95,2.95,2.95,2.0,2.95,2.95,gpu_provider,H100,on-demand,nebius,2026-05-05 08:10:36.124827,2026-05-05
1.25,1.25,1.25,1.25,2.0,1.25,1.25,gpu_provider,H100,spot,nebius,2026-05-05 08:10:36.124827,2026-05-05
3.19298128125,4.09,5.442394,4.902163967151163,430.0,0.8015,15.830423875,gpu,H100,all,,2026-05-05 08:10:36.124827,2026-05-05
1.856659375,2.231725,4.08610625,3.7784166666666668,18.0,1.2287125,10.142275,gpu_provider,H100,spot,aws,2026-05-05 08:10:36.124827,2026-05-05
6.88,8.256,8.944,8.385344,25.0,6.88,11.5584,gpu_provider,H100,on-demand,aws,2026-05-05 08:10:36.124827,2026-05-05
1.7114375,1.7115,1.711625,1.7115625,12.0,1.71125,1.712,gpu_provider,B200,spot,verda,2026-05-05 08:10:36.124827,2026-05-05
4.89,4.89,4.89,4.89,12.0,4.89,4.89,gpu_provider,B200,on-demand,verda,2026-05-05 08:10:36.124827,2026-05-05
12.561,13.25,13.835,13.62283870967742,31.0,10.6,21.2,gpu_provider,H200,spot,azure,2026-05-05 08:10:36.124827,2026-05-05
12.561,13.25,13.835,13.62283870967742,31.0,10.6,21.2,gpu_provider,H200,on-demand,azure,2026-05-05 08:10:36.124827,2026-05-05
3.05,3.05,3.05,3.0500000000000003,7.0,3.05,3.05,gpu_provider,H200,spot,runpod,2026-05-05 08:10:36.124827,2026-05-05
3.99,3.99,3.99,3.9400000000000004,8.0,3.59,3.99,gpu_provider,H200,on-demand,runpod,2026-05-05 08:10:36.124827,2026-05-05
1.45,1.45,1.45,1.45,6.0,1.45,1.45,gpu_provider,H200,spot,nebius,2026-05-05 08:10:36.124827,2026-05-05
2.9,2.9,2.9,2.9,4.0,2.9,2.9,gpu_provider,B200,spot,nebius,2026-05-05 08:10:36.124827,2026-05-05
1.1865,1.1865,1.186625,1.1866250000000003,12.0,1.1865,1.187,gpu_provider,H200,spot,verda,2026-05-05 08:10:36.124827,2026-05-05
3.39,3.39,3.39,3.39,12.0,3.39,3.39,gpu_provider,H200,on-demand,verda,2026-05-05 08:10:36.124827,2026-05-05
3.99,4.09,4.19,3.97,80.0,3.29,4.29,gpu_provider,H100,on-demand,lambdalabs,2026-05-05 08:10:36.124827,2026-05-05
1.466665,1.466665,1.466665,1.466665,1.0,1.466665,1.466665,gpu_provider,H100,spot,vastai,2026-05-05 08:10:36.124827,2026-05-05
1.532325,1.532325,1.532325,1.532325,1.0,1.532325,1.532325,gpu_provider,H100,on-demand,vastai,2026-05-05 08:10:36.124827,2026-05-05
2.54,2.54,2.54,2.54,9.0,2.54,2.54,gpu_provider,H100,spot,runpod,2026-05-05 08:10:36.124827,2026-05-05
3.5,3.5,3.5,3.5,6.0,3.5,3.5,gpu_provider,H200,on-demand,nebius,2026-05-05 08:10:36.124827,2026-05-05
2.99,2.99,2.99,2.99,9.0,2.99,2.99,gpu_provider,H100,on-demand,runpod,2026-05-05 08:10:36.124827,2026-05-05
2.0047,2.0047,2.0047,2.0047,1.0,2.0047,2.0047,gpu_provider,A100,on-demand,cudo,2026-05-07 08:34:37.254694,2026-05-07
1.99,1.99,2.79,2.2566666666666664,48.0,1.99,2.79,gpu_provider,A100,on-demand,lambdalabs,2026-05-07 08:34:37.254694,2026-05-07
1.689625,1.80385,2.001025,1.907592404017857,112.0,1.40574,2.79473225,gpu_provider,A100,spot,gcp,2026-05-07 08:34:37.254694,2026-05-07
2.49227125,3.6792675,4.04959090625,3.4898916517857144,112.0,2.16346,5.7077325,gpu_provider,A100,on-demand,gcp,2026-05-07 08:34:37.254694,2026-05-07
0.08,0.08,0.08,0.08,2.0,0.08,0.08,gpu_provider,A100,spot,vastai,2026-05-07 08:34:37.254694,2026-05-07
0.13728,0.13728,0.13728,0.13728,2.0,0.13728,0.13728,gpu_provider,A100,on-demand,vastai,2026-05-07 08:34:37.254694,2026-05-07
0.88242,0.9737775,1.331265,1.1541553863636365,110.0,0.67877,2.38177,gpu_provider,A100,spot,azure,2026-05-07 08:34:37.254694,2026-05-07
1.39,1.39,1.49,1.377142857142857,7.0,1.0,1.49,gpu_provider,A100,on-demand,runpod,2026-05-07 08:34:37.254694,2026-05-07
3.1564675,3.43088125,3.801285,3.5327744761904762,21.0,2.744705,4.7027875,gpu_provider,A100,on-demand,aws,2026-05-07 08:34:37.254694,2026-05-07
4.4075,4.775,5.14225,4.894703663793103,116.0,3.399625,8.1925,gpu_provider,A100,on-demand,azure,2026-05-07 08:34:37.254694,2026-05-07
0.2524,0.4515,0.4515,0.3851291666666667,18.0,0.252375,0.4515,gpu_provider,A100,spot,verda,2026-05-07 08:34:37.254694,2026-05-07
0.721125,1.29,1.29,1.1003708333333333,18.0,0.7211,1.29,gpu_provider,A100,on-demand,verda,2026-05-07 08:34:37.254694,2026-05-07
4.0758,4.0758,4.4834,4.2981333333333325,9.0,4.0758,4.891,gpu_provider,B200,spot,gcp,2026-05-07 08:34:37.254694,2026-05-07
11.277,11.277,11.277,11.277,11.0,11.277,11.277,gpu_provider,B200,on-demand,gcp,2026-05-07 08:34:37.254694,2026-05-07
6.765000000000001,6.84,6.915,6.84,64.0,6.69,6.99,gpu_provider,B200,on-demand,lambdalabs,2026-05-07 08:34:37.254694,2026-05-07
1.18,1.225,1.27,1.16,6.0,0.79,1.27,gpu_provider,A100,spot,runpod,2026-05-07 08:34:37.254694,2026-05-07
1.0871718750000001,1.3571374999999999,1.4835812499999999,1.5223284722222221,18.0,0.31565,4.1170625,gpu_provider,A100,spot,aws,2026-05-07 08:34:37.254694,2026-05-07
3.1564675,4.09,5.762968625,5.176181326204056,789.0,0.13728,21.2,aggregate,training,on-demand,,2026-05-07 08:34:37.254694,2026-05-07
3.05,3.525,4.0,3.525,88.0,3.05,4.0,gpu_provider,A100,on-demand,oci,2026-05-07 08:34:37.254694,2026-05-07
,2.112280701754386,,,,,,metric,hyperscaler_premium_h100,on-demand,,2026-05-07 08:34:37.254694,2026-05-07
2.7,2.85,3.328125,2.9958333333333336,6.0,2.7,3.4375,gpu_provider,B200,spot,vastai,2026-05-07 08:34:37.254694,2026-05-07
,3.99,,,,,,metric,neocloud_median_h100,on-demand,,2026-05-07 08:34:37.254694,2026-05-07
,8.428,,,,,,metric,hyperscaler_median_h100,on-demand,,2026-05-07 08:34:37.254694,2026-05-07
3.14,3.99,4.19,3.6206822429906556,107.0,2.29,4.29,provider_h100,neocloud,on-demand,,2026-05-07 08:34:37.254694,2026-05-07
5.7193375,8.428,11.985552625,9.015100218201756,114.0,5.3832685,15.830423875,provider_h100,hyperscaler,on-demand,,2026-05-07 08:34:37.254694,2026-05-07
,1.0955325443786983,,,,,,metric,hyperscaler_premium_all,on-demand,,2026-05-07 08:34:37.254694,2026-05-07
2.8,2.8,2.8,2.8,1.0,2.8,2.8,gpu_provider,A100,on-demand,vultr,2026-05-07 08:34:37.254694,2026-05-07
,1.69,,,,,,metric,neocloud_median_all,on-demand,,2026-05-07 08:34:37.254694,2026-05-07
0.58966125,1.69,3.99,inf,680.0,0.028725,inf,provider,neocloud,on-demand,,2026-05-07 08:34:37.254694,2026-05-07
1.109996,1.85145,3.5,2.8388637971913577,4050.0,0.343,25.92,provider,hyperscaler,on-demand,,2026-05-07 08:34:37.254694,2026-05-07
0.2726,0.400476,0.557856,0.5572805613801454,2065.0,0.0684,9.1089,aggregate,inference,spot,,2026-05-07 08:34:37.254694,2026-05-07
0.879,1.2417545,1.805447,1.6602729913172385,2361.0,0.343,10.98917,aggregate,inference,on-demand,,2026-05-07 08:34:37.254694,2026-05-07
0.4132,0.7184,1.345028,1.1456594875169452,4426.0,0.0684,10.98917,aggregate,inference,all,,2026-05-07 08:34:37.254694,2026-05-07
1.277356,1.8909,3.47147275,2.9053586813725487,561.0,0.08,21.2,aggregate,training,spot,,2026-05-07 08:34:37.254694,2026-05-07
1.99,3.557000125,4.775,4.232528360462963,1350.0,0.08,21.2,aggregate,training,all,,2026-05-07 08:34:37.254694,2026-05-07
,1.85145,,,,,,metric,hyperscaler_median_all,on-demand,,2026-05-07 08:34:37.254694,2026-05-07
,3.2937267390615452,,,,,,metric,training_inference_ratio,on-demand,,2026-05-07 08:34:37.254694,2026-05-07
4.017341249999999,4.017345,4.44862125,4.164992083333333,6.0,3.7531575,4.592385,gpu_provider,B200,on-demand,vastai,2026-05-07 08:34:37.254694,2026-05-07
5.5,5.5,5.5,5.5,4.0,5.5,5.5,gpu_provider,B200,on-demand,nebius,2026-05-07 08:34:37.254694,2026-05-07
5.596119875,10.97905825,12.51612875,9.19199803230337,89.0,5.3832685,15.830423875,gpu_provider,H100,on-demand,gcp,2026-05-07 08:34:37.254694,2026-05-07
0.8015,0.8015,0.8015,0.8015000000000003,15.0,0.8015,0.8015,gpu_provider,H100,spot,verda,2026-05-07 08:34:37.254694,2026-05-07
2.29,2.29,2.29,2.2899999999999996,15.0,2.29,2.29,gpu_provider,H100,on-demand,verda,2026-05-07 08:34:37.254694,2026-05-07
0.929583125,1.48734,1.80385,1.4363221024436092,266.0,0.08,4.1170625,gpu,A100,spot,,2026-05-07 08:34:37.254694,2026-05-07
2.77848,3.71361975,4.407875000000001,3.5891006980676328,414.0,0.13728,8.1925,gpu,A100,on-demand,,2026-05-07 08:34:37.254694,2026-05-07
1.544294375,2.5280609375000003,4.0,2.746984365073529,680.0,0.08,8.1925,gpu,A100,all,,2026-05-07 08:34:37.254694,2026-05-07
6.69,6.79,6.99,6.8812056958762895,97.0,3.7531575,11.277,gpu,B200,on-demand,,2026-05-07 08:34:37.254694,2026-05-07
4.47415,6.69,6.89,5.90838986328125,128.0,1.71125,11.277,gpu,B200,all,,2026-05-07 08:34:37.254694,2026-05-07
1.45,11.129999999999999,13.78,8.332098214285713,56.0,1.1865,21.2,gpu,H200,spot,,2026-05-07 08:34:37.254694,2026-05-07
3.5,10.6,13.78,9.044,57.0,3.39,21.2,gpu,H200,on-demand,,2026-05-07 08:34:37.254694,2026-05-07
3.39,10.6,13.78,8.691199115044249,113.0,1.1865,21.2,gpu,H200,all,,2026-05-07 08:34:37.254694,2026-05-07
2.7290652499999997,3.4127958124999997,4.270636,3.329086975961538,208.0,0.8015,10.142275,gpu,H100,spot,,2026-05-07 08:34:37.254694,2026-05-07
3.99,5.3832685,8.6,6.4033231894796385,221.0,2.29,15.830423875,gpu,H100,on-demand,,2026-05-07 08:34:37.254694,2026-05-07
3.199753125,4.09,5.442394,4.912784419289044,429.0,0.8015,15.830423875,gpu,H100,all,,2026-05-07 08:34:37.254694,2026-05-07
2.9,2.9,2.9,2.9,4.0,2.9,2.9,gpu_provider,B200,spot,nebius,2026-05-07 08:34:37.254694,2026-05-07
3.190724,3.6021,4.270636,3.5796103109756094,164.0,1.233702,4.624182375,gpu_provider,H100,spot,gcp,2026-05-07 08:34:37.254694,2026-05-07
2.95,2.95,2.95,2.95,2.0,2.95,2.95,gpu_provider,H100,on-demand,nebius,2026-05-07 08:34:37.254694,2026-05-07
1.7115,2.9,4.0758,2.864417741935484,31.0,1.71125,4.891,gpu,B200,spot,,2026-05-07 08:34:37.254694,2026-05-07
6.88,8.256,8.944,8.385344,25.0,6.88,11.5584,gpu_provider,H100,on-demand,aws,2026-05-07 08:34:37.254694,2026-05-07
1.7114375,1.7115,1.711625,1.7115625,12.0,1.71125,1.712,gpu_provider,B200,spot,verda,2026-05-07 08:34:37.254694,2026-05-07
1.25,1.25,1.25,1.25,2.0,1.25,1.25,gpu_provider,H100,spot,nebius,2026-05-07 08:34:37.254694,2026-05-07
4.89,4.89,4.89,4.89,12.0,4.89,4.89,gpu_provider,B200,on-demand,verda,2026-05-07 08:34:37.254694,2026-05-07
12.561,13.25,13.835,13.62283870967742,31.0,10.6,21.2,gpu_provider,H200,spot,azure,2026-05-07 08:34:37.254694,2026-05-07
12.561,13.25,13.835,13.62283870967742,31.0,10.6,21.2,gpu_provider,H200,on-demand,azure,2026-05-07 08:34:37.254694,2026-05-07
3.05,3.05,3.05,3.0500000000000003,7.0,3.05,3.05,gpu_provider,H200,spot,runpod,2026-05-07 08:34:37.254694,2026-05-07
1.45,1.45,1.45,1.45,6.0,1.45,1.45,gpu_provider,H200,spot,nebius,2026-05-07 08:34:37.254694,2026-05-07
3.5,3.5,3.5,3.5,6.0,3.5,3.5,gpu_provider,H200,on-demand,nebius,2026-05-07 08:34:37.254694,2026-05-07
3.99,3.99,3.99,3.9400000000000004,8.0,3.59,3.99,gpu_provider,H200,on-demand,runpod,2026-05-07 08:34:37.254694,2026-05-07
3.39,3.39,3.39,3.39,12.0,3.39,3.39,gpu_provider,H200,on-demand,verda,2026-05-07 08:34:37.254694,2026-05-07
3.99,4.09,4.19,3.97,80.0,3.29,4.29,gpu_provider,H100,on-demand,lambdalabs,2026-05-07 08:34:37.254694,2026-05-07
2.653,2.653,2.653,2.653,1.0,2.653,2.653,gpu_provider,H100,on-demand,cudo,2026-05-07 08:34:37.254694,2026-05-07
2.54,2.54,2.54,2.54,9.0,2.54,2.54,gpu_provider,H100,spot,runpod,2026-05-07 08:34:37.254694,2026-05-07
2.99,2.99,2.99,2.99,9.0,2.99,2.99,gpu_provider,H100,on-demand,runpod,2026-05-07 08:34:37.254694,2026-05-07
1.856659375,2.231725,4.08610625,3.7784166666666668,18.0,1.2287125,10.142275,gpu_provider,H100,spot,aws,2026-05-07 08:34:37.254694,2026-05-07
1.1865,1.1865,1.186625,1.1866250000000003,12.0,1.1865,1.187,gpu_provider,H200,spot,verda,2026-05-07 08:34:37.254694,2026-05-07
2.0047,2.0047,2.0047,2.0047,1.0,2.0047,2.0047,gpu_provider,A100,on-demand,cudo,2026-05-08 07:43:03.281308,2026-05-08
1.39,1.39,1.49,1.377142857142857,7.0,1.0,1.49,gpu_provider,A100,on-demand,runpod,2026-05-08 07:43:03.281308,2026-05-08
1.99,1.99,2.79,2.2566666666666664,48.0,1.99,2.79,gpu_provider,A100,on-demand,lambdalabs,2026-05-08 07:43:03.281308,2026-05-08
1.689625,1.80385,2.001025,1.907592404017857,112.0,1.40574,2.79473225,gpu_provider,A100,spot,gcp,2026-05-08 07:43:03.281308,2026-05-08
2.49227125,3.6792675,4.04959090625,3.4898916517857144,112.0,2.16346,5.7077325,gpu_provider,A100,on-demand,gcp,2026-05-08 07:43:03.281308,2026-05-08
1.18,1.225,1.27,1.16,6.0,0.79,1.27,gpu_provider,A100,spot,runpod,2026-05-08 07:43:03.281308,2026-05-08
0.08,0.08,0.08,0.08,2.0,0.08,0.08,gpu_provider,A100,spot,vastai,2026-05-08 07:43:03.281308,2026-05-08
6.765000000000001,6.84,6.915,6.84,64.0,6.69,6.99,gpu_provider,B200,on-demand,lambdalabs,2026-05-08 07:43:03.281308,2026-05-08
0.88242,0.9737775,1.331265,1.1541553863636365,110.0,0.67877,2.38177,gpu_provider,A100,spot,azure,2026-05-08 07:43:03.281308,2026-05-08
4.4075,4.775,5.14225,4.894703663793103,116.0,3.399625,8.1925,gpu_provider,A100,on-demand,azure,2026-05-08 07:43:03.281308,2026-05-08
0.2524,0.4515,0.4515,0.3851291666666667,18.0,0.252375,0.4515,gpu_provider,A100,spot,verda,2026-05-08 07:43:03.281308,2026-05-08
0.721125,1.29,1.29,1.1003708333333333,18.0,0.7211,1.29,gpu_provider,A100,on-demand,verda,2026-05-08 07:43:03.281308,2026-05-08
,2.112280701754386,,,,,,metric,hyperscaler_premium_h100,on-demand,,2026-05-08 07:43:03.281308,2026-05-08
11.277,11.277,11.277,11.277,11.0,11.277,11.277,gpu_provider,B200,on-demand,gcp,2026-05-08 07:43:03.281308,2026-05-08
3.1564675,3.43088125,3.801285,3.5327744761904762,21.0,2.744705,4.7027875,gpu_provider,A100,on-demand,aws,2026-05-08 07:43:03.281308,2026-05-08
0.1367,0.1367,0.1367,0.1367,2.0,0.1367,0.1367,gpu_provider,A100,on-demand,vastai,2026-05-08 07:43:03.281308,2026-05-08
1.0871718750000001,1.3571374999999999,1.4835812499999999,1.5223284722222221,18.0,0.31565,4.1170625,gpu_provider,A100,spot,aws,2026-05-08 07:43:03.281308,2026-05-08
,3.99,,,,,,metric,neocloud_median_h100,on-demand,,2026-05-08 07:43:03.281308,2026-05-08
3.05,3.525,4.0,3.525,88.0,3.05,4.0,gpu_provider,A100,on-demand,oci,2026-05-08 07:43:03.281308,2026-05-08
2.625,2.7,2.7,2.8175,5.0,2.625,3.4375,gpu_provider,B200,spot,vastai,2026-05-08 07:43:03.281308,2026-05-08
,8.428,,,,,,metric,hyperscaler_median_h100,on-demand,,2026-05-08 07:43:03.281308,2026-05-08
2.99,3.99,4.19,3.601353611111112,108.0,1.53319,4.29,provider_h100,neocloud,on-demand,,2026-05-08 07:43:03.281308,2026-05-08
5.7193375,8.428,11.985552625,9.015100218201756,114.0,5.3832685,15.830423875,provider_h100,hyperscaler,on-demand,,2026-05-08 07:43:03.281308,2026-05-08
,1.0955325443786983,,,,,,metric,hyperscaler_premium_all,on-demand,,2026-05-08 07:43:03.281308,2026-05-08
,1.69,,,,,,metric,neocloud_median_all,on-demand,,2026-05-08 07:43:03.281308,2026-05-08
,1.85145,,,,,,metric,hyperscaler_median_all,on-demand,,2026-05-08 07:43:03.281308,2026-05-08
2.8,2.8,2.8,2.8,2.0,2.8,2.8,gpu_provider,A100,on-demand,vultr,2026-05-08 07:43:03.281308,2026-05-08
0.49,1.69,3.65,inf,682.0,0.02845,inf,provider,neocloud,on-demand,,2026-05-08 07:43:03.281308,2026-05-08
,3.2937267390615452,,,,,,metric,training_inference_ratio,on-demand,,2026-05-08 07:43:03.281308,2026-05-08
0.2726,0.400476,0.557856,0.5572805613801454,2065.0,0.0684,9.1089,aggregate,inference,spot,,2026-05-08 07:43:03.281308,2026-05-08
0.879,1.2417545,1.805447,1.6602729913172385,2361.0,0.343,10.98917,aggregate,inference,on-demand,,2026-05-08 07:43:03.281308,2026-05-08
0.4132,0.7184,1.345028,1.1456594875169452,4426.0,0.0684,10.98917,aggregate,inference,all,,2026-05-08 07:43:03.281308,2026-05-08
1.277356,1.884325,3.47147275,2.901043476381462,561.0,0.08,21.2,aggregate,training,spot,,2026-05-08 07:43:03.281308,2026-05-08
3.05,4.09,5.762968625,5.169251599841772,790.0,0.1367,21.2,aggregate,training,on-demand,,2026-05-08 07:43:03.281308,2026-05-08
1.99,3.545884,4.775,4.227382793578831,1351.0,0.08,21.2,aggregate,training,all,,2026-05-08 07:43:03.281308,2026-05-08
1.109996,1.85145,3.5,2.8388637971913577,4050.0,0.343,25.92,provider,hyperscaler,on-demand,,2026-05-08 07:43:03.281308,2026-05-08
3.88442,4.017365,4.017365,4.071924,5.0,3.88442,4.55605,gpu_provider,B200,on-demand,vastai,2026-05-08 07:43:03.281308,2026-05-08
4.0758,4.0758,4.4834,4.2981333333333325,9.0,4.0758,4.891,gpu_provider,B200,spot,gcp,2026-05-08 07:43:03.281308,2026-05-08
5.5,5.5,5.5,5.5,4.0,5.5,5.5,gpu_provider,B200,on-demand,nebius,2026-05-08 07:43:03.281308,2026-05-08
3.190724,3.6021,4.270636,3.5796103109756094,164.0,1.233702,4.624182375,gpu_provider,H100,spot,gcp,2026-05-08 07:43:03.281308,2026-05-08
5.596119875,10.97905825,12.51612875,9.19199803230337,89.0,5.3832685,15.830423875,gpu_provider,H100,on-demand,gcp,2026-05-08 07:43:03.281308,2026-05-08
0.8015,0.8015,0.8015,0.8015000000000003,15.0,0.8015,0.8015,gpu_provider,H100,spot,verda,2026-05-08 07:43:03.281308,2026-05-08
2.29,2.29,2.29,2.2899999999999996,15.0,2.29,2.29,gpu_provider,H100,on-demand,verda,2026-05-08 07:43:03.281308,2026-05-08
0.929583125,1.48734,1.80385,1.436322102443609,266.0,0.08,4.1170625,gpu,A100,spot,,2026-05-08 07:43:03.281308,2026-05-08
2.77848,3.6792675,4.40775,3.587196455421686,415.0,0.1367,8.1925,gpu,A100,on-demand,,2026-05-08 07:43:03.281308,2026-05-08
1.5443025,2.528061,4.0,2.7470605113803233,681.0,0.08,8.1925,gpu,A100,all,,2026-05-08 07:43:03.281308,2026-05-08
2.95,2.95,2.95,2.95,2.0,2.95,2.95,gpu_provider,H100,on-demand,nebius,2026-05-08 07:43:03.281308,2026-05-08
1.7115,2.7,4.0758,2.830315,30.0,1.71125,4.891,gpu,B200,spot,,2026-05-08 07:43:03.281308,2026-05-08
4.4834,6.69,6.89,5.934571984126986,126.0,1.71125,11.277,gpu,B200,all,,2026-05-08 07:43:03.281308,2026-05-08
1.45,11.129999999999999,13.78,8.332098214285713,56.0,1.1865,21.2,gpu,H200,spot,,2026-05-08 07:43:03.281308,2026-05-08
3.5,10.6,13.78,9.044,57.0,3.39,21.2,gpu,H200,on-demand,,2026-05-08 07:43:03.281308,2026-05-08
3.39,10.6,13.78,8.691199115044249,113.0,1.1865,21.2,gpu,H200,all,,2026-05-08 07:43:03.281308,2026-05-08
2.716143125,3.388947625,4.270636,3.3201758899521527,209.0,0.8015,10.142275,gpu,H100,spot,,2026-05-08 07:43:03.281308,2026-05-08
3.99,5.3832685,8.6,6.381385652590091,222.0,1.53319,15.830423875,gpu,H100,on-demand,,2026-05-08 07:43:03.281308,2026-05-08
3.190724,4.09,5.442394,4.896947507830627,431.0,0.8015,15.830423875,gpu,H100,all,,2026-05-08 07:43:03.281308,2026-05-08
6.69,6.79,6.99,6.904652291666667,96.0,3.88442,11.277,gpu,B200,on-demand,,2026-05-08 07:43:03.281308,2026-05-08
1.25,1.25,1.25,1.25,2.0,1.25,1.25,gpu_provider,H100,spot,nebius,2026-05-08 07:43:03.281308,2026-05-08
2.9,2.9,2.9,2.9,4.0,2.9,2.9,gpu_provider,B200,spot,nebius,2026-05-08 07:43:03.281308,2026-05-08
1.856659375,2.231725,4.08610625,3.7784166666666668,18.0,1.2287125,10.142275,gpu_provider,H100,spot,aws,2026-05-08 07:43:03.281308,2026-05-08
1.7114375,1.7115,1.711625,1.7115625,12.0,1.71125,1.712,gpu_provider,B200,spot,verda,2026-05-08 07:43:03.281308,2026-05-08
4.89,4.89,4.89,4.89,12.0,4.89,4.89,gpu_provider,B200,on-demand,verda,2026-05-08 07:43:03.281308,2026-05-08
12.561,13.25,13.835,13.62283870967742,31.0,10.6,21.2,gpu_provider,H200,spot,azure,2026-05-08 07:43:03.281308,2026-05-08
12.561,13.25,13.835,13.62283870967742,31.0,10.6,21.2,gpu_provider,H200,on-demand,azure,2026-05-08 07:43:03.281308,2026-05-08
3.99,3.99,3.99,3.9400000000000004,8.0,3.59,3.99,gpu_provider,H200,on-demand,runpod,2026-05-08 07:43:03.281308,2026-05-08
1.45,1.45,1.45,1.45,6.0,1.45,1.45,gpu_provider,H200,spot,nebius,2026-05-08 07:43:03.281308,2026-05-08
3.5,3.5,3.5,3.5,6.0,3.5,3.5,gpu_provider,H200,on-demand,nebius,2026-05-08 07:43:03.281308,2026-05-08
3.05,3.05,3.05,3.0500000000000003,7.0,3.05,3.05,gpu_provider,H200,spot,runpod,2026-05-08 07:43:03.281308,2026-05-08
3.39,3.39,3.39,3.39,12.0,3.39,3.39,gpu_provider,H200,on-demand,verda,2026-05-08 07:43:03.281308,2026-05-08
3.99,4.09,4.19,3.97,80.0,3.29,4.29,gpu_provider,H100,on-demand,lambdalabs,2026-05-08 07:43:03.281308,2026-05-08
1.46667,1.46667,1.46667,1.46667,1.0,1.46667,1.46667,gpu_provider,H100,spot,vastai,2026-05-08 07:43:03.281308,2026-05-08
1.53319,1.53319,1.53319,1.53319,1.0,1.53319,1.53319,gpu_provider,H100,on-demand,vastai,2026-05-08 07:43:03.281308,2026-05-08
2.653,2.653,2.653,2.653,1.0,2.653,2.653,gpu_provider,H100,on-demand,cudo,2026-05-08 07:43:03.281308,2026-05-08
2.54,2.54,2.54,2.54,9.0,2.54,2.54,gpu_provider,H100,spot,runpod,2026-05-08 07:43:03.281308,2026-05-08
2.99,2.99,2.99,2.99,9.0,2.99,2.99,gpu_provider,H100,on-demand,runpod,2026-05-08 07:43:03.281308,2026-05-08
1.1865,1.1865,1.186625,1.1866250000000003,12.0,1.1865,1.187,gpu_provider,H200,spot,verda,2026-05-08 07:43:03.281308,2026-05-08
6.88,8.256,8.944,8.385344,25.0,6.88,11.5584,gpu_provider,H100,on-demand,aws,2026-05-08 07:43:03.281308,2026-05-08
2.49227125,3.6792675,4.04959090625,3.4898916517857144,112.0,2.16346,5.7077325,gpu_provider,A100,on-demand,gcp,2026-05-09 07:57:41.235421,2026-05-09
0.13650374999999998,0.136505,0.31347125,0.31347,4.0,0.1365,0.84437,gpu_provider,A100,on-demand,vastai,2026-05-09 07:57:41.235421,2026-05-09
1.0871718750000001,1.3571374999999999,1.4835812499999999,1.5223284722222221,18.0,0.31565,4.1170625,gpu_provider,A100,spot,aws,2026-05-09 07:57:41.235421,2026-05-09
3.1564675,3.43088125,3.801285,3.5327744761904762,21.0,2.744705,4.7027875,gpu_provider,A100,on-demand,aws,2026-05-09 07:57:41.235421,2026-05-09
2.0047,2.0047,2.0047,2.0047,1.0,2.0047,2.0047,gpu_provider,A100,on-demand,cudo,2026-05-09 07:57:41.235421,2026-05-09
1.99,1.99,2.79,2.2566666666666664,48.0,1.99,2.79,gpu_provider,A100,on-demand,lambdalabs,2026-05-09 07:57:41.235421,2026-05-09
1.689625,1.80385,2.001025,1.907592404017857,112.0,1.40574,2.79473225,gpu_provider,A100,spot,gcp,2026-05-09 07:57:41.235421,2026-05-09
6.765000000000001,6.84,6.915,6.84,64.0,6.69,6.99,gpu_provider,B200,on-demand,lambdalabs,2026-05-09 07:57:41.235421,2026-05-09
0.88242,0.9737775,1.331265,1.1541553863636365,110.0,0.67877,2.38177,gpu_provider,A100,spot,azure,2026-05-09 07:57:41.235421,2026-05-09
4.4075,4.775,5.14225,4.894703663793103,116.0,3.399625,8.1925,gpu_provider,A100,on-demand,azure,2026-05-09 07:57:41.235421,2026-05-09
0.2524,0.4515,0.4515,0.3851291666666667,18.0,0.252375,0.4515,gpu_provider,A100,spot,verda,2026-05-09 07:57:41.235421,2026-05-09
0.721125,1.29,1.29,1.1003708333333333,18.0,0.7211,1.29,gpu_provider,A100,on-demand,verda,2026-05-09 07:57:41.235421,2026-05-09
4.0758,4.0758,4.4834,4.2981333333333325,9.0,4.0758,4.891,gpu_provider,B200,spot,gcp,2026-05-09 07:57:41.235421,2026-05-09
11.277,11.277,11.277,11.277,11.0,11.277,11.277,gpu_provider,B200,on-demand,gcp,2026-05-09 07:57:41.235421,2026-05-09
0.08,0.08,0.24,0.24,4.0,0.08,0.72,gpu_provider,A100,spot,vastai,2026-05-09 07:57:41.235421,2026-05-09
1.18,1.225,1.27,1.16,6.0,0.79,1.27,gpu_provider,A100,spot,runpod,2026-05-09 07:57:41.235421,2026-05-09
2.8,2.8,2.8,2.8,2.0,2.8,2.8,gpu_provider,A100,on-demand,vultr,2026-05-09 07:57:41.235421,2026-05-09
,3.2937267390615452,,,,,,metric,training_inference_ratio,on-demand,,2026-05-09 07:57:41.235421,2026-05-09
1.99,3.5,4.775,4.1962900386795905,1367.0,0.08,21.2,aggregate,training,all,,2026-05-09 07:57:41.235421,2026-05-09
,2.112280701754386,,,,,,metric,hyperscaler_premium_h100,on-demand,,2026-05-09 07:57:41.235421,2026-05-09
,3.99,,,,,,metric,neocloud_median_h100,on-demand,,2026-05-09 07:57:41.235421,2026-05-09
,8.428,,,,,,metric,hyperscaler_median_h100,on-demand,,2026-05-09 07:57:41.235421,2026-05-09
3.14,3.99,4.19,3.6206822429906556,107.0,2.29,4.29,provider_h100,neocloud,on-demand,,2026-05-09 07:57:41.235421,2026-05-09
5.7193375,8.428,11.985552625,9.015100218201756,114.0,5.3832685,15.830423875,provider_h100,hyperscaler,on-demand,,2026-05-09 07:57:41.235421,2026-05-09
,1.0955325443786983,,,,,,metric,hyperscaler_premium_all,on-demand,,2026-05-09 07:57:41.235421,2026-05-09
,1.69,,,,,,metric,neocloud_median_all,on-demand,,2026-05-09 07:57:41.235421,2026-05-09
3.05,3.525,4.0,3.525,88.0,3.05,4.0,gpu_provider,A100,on-demand,oci,2026-05-09 07:57:41.235421,2026-05-09
,1.85145,,,,,,metric,hyperscaler_median_all,on-demand,,2026-05-09 07:57:41.235421,2026-05-09
1.109996,1.85145,3.5,2.8388637971913577,4050.0,0.343,25.92,provider,hyperscaler,on-demand,,2026-05-09 07:57:41.235421,2026-05-09
1.1875,2.7,2.9,2.2593750000000004,8.0,1.0625,3.4375,gpu_provider,B200,spot,vastai,2026-05-09 07:57:41.235421,2026-05-09
0.27319000000000004,0.400476,0.557918,0.558076613086599,2067.0,0.0684,9.1089,aggregate,inference,spot,,2026-05-09 07:57:41.235421,2026-05-09
0.879,1.2417545,1.805447,1.6603687568768515,2363.0,0.343,10.98917,aggregate,inference,on-demand,,2026-05-09 07:57:41.235421,2026-05-09
0.413815,0.719619,1.345028,1.146048697911964,4430.0,0.0684,10.98917,aggregate,inference,all,,2026-05-09 07:57:41.235421,2026-05-09
1.25,1.8266625,3.436644,2.880378304481547,569.0,0.08,21.2,aggregate,training,spot,,2026-05-09 07:57:41.235421,2026-05-09
3.05,4.09,5.754749375,5.13457797947995,798.0,0.1365,21.2,aggregate,training,on-demand,,2026-05-09 07:57:41.235421,2026-05-09
0.553675,1.69,3.65,inf,682.0,0.02636,inf,provider,neocloud,on-demand,,2026-05-09 07:57:41.235421,2026-05-09
1.55102,3.638606875,4.017341249999999,3.00615671875,8.0,1.20794,4.427375,gpu_provider,B200,on-demand,vastai,2026-05-09 07:57:41.235421,2026-05-09
1.39,1.39,1.49,1.377142857142857,7.0,1.0,1.49,gpu_provider,A100,on-demand,runpod,2026-05-09 07:57:41.235421,2026-05-09
5.5,5.5,5.5,5.5,4.0,5.5,5.5,gpu_provider,B200,on-demand,nebius,2026-05-09 07:57:41.235421,2026-05-09
3.190724,3.6021,4.270636,3.5796103109756094,164.0,1.233702,4.624182375,gpu_provider,H100,spot,gcp,2026-05-09 07:57:41.235421,2026-05-09
5.596119875,10.97905825,12.51612875,9.19199803230337,89.0,5.3832685,15.830423875,gpu_provider,H100,on-demand,gcp,2026-05-09 07:57:41.235421,2026-05-09
0.8015,0.8015,0.8015,0.8015000000000003,15.0,0.8015,0.8015,gpu_provider,H100,spot,verda,2026-05-09 07:57:41.235421,2026-05-09
2.29,2.29,2.29,2.2899999999999996,15.0,2.29,2.29,gpu_provider,H100,on-demand,verda,2026-05-09 07:57:41.235421,2026-05-09
0.9164,1.48734,1.80385,1.4285883554104477,268.0,0.08,4.1170625,gpu,A100,spot,,2026-05-09 07:57:41.235421,2026-05-09
2.74470525,3.6792675,4.4075,3.572342947242207,417.0,0.1365,8.1925,gpu,A100,on-demand,,2026-05-09 07:57:41.235421,2026-05-09
1.5229825,2.528060875,4.0,2.7336185229927006,685.0,0.08,8.1925,gpu,A100,all,,2026-05-09 07:57:41.235421,2026-05-09
2.95,2.95,2.95,2.95,2.0,2.95,2.95,gpu_provider,H100,on-demand,nebius,2026-05-09 07:57:41.235421,2026-05-09
1.7115,2.7,4.0758,2.6938469696969705,33.0,1.0625,4.891,gpu,B200,spot,,2026-05-09 07:57:41.235421,2026-05-09
4.0758,6.69,6.89,5.7229788162878785,132.0,1.0625,11.277,gpu,B200,all,,2026-05-09 07:57:41.235421,2026-05-09
1.45,10.6,13.3825,7.912108916666667,60.0,1.1865,21.2,gpu,H200,spot,,2026-05-09 07:57:41.235421,2026-05-09
3.39,10.6,13.25,8.62386131147541,61.0,1.896485,21.2,gpu,H200,on-demand,,2026-05-09 07:57:41.235421,2026-05-09
3.05,10.6,13.25,8.270926239669421,121.0,1.1865,21.2,gpu,H200,all,,2026-05-09 07:57:41.235421,2026-05-09
2.7290652499999997,3.4127958124999997,4.270636,3.329086975961538,208.0,0.8015,10.142275,gpu,H100,spot,,2026-05-09 07:57:41.235421,2026-05-09
3.99,5.3832685,8.6,6.4033231894796385,221.0,2.29,15.830423875,gpu,H100,on-demand,,2026-05-09 07:57:41.235421,2026-05-09
3.199753125,4.09,5.442394,4.912784419289044,429.0,0.8015,15.830423875,gpu,H100,all,,2026-05-09 07:57:41.235421,2026-05-09
6.69,6.79,6.99,6.732689431818183,99.0,1.20794,11.277,gpu,B200,on-demand,,2026-05-09 07:57:41.235421,2026-05-09
1.25,1.25,1.25,1.25,2.0,1.25,1.25,gpu_provider,H100,spot,nebius,2026-05-09 07:57:41.235421,2026-05-09
2.9,2.9,2.9,2.9,4.0,2.9,2.9,gpu_provider,B200,spot,nebius,2026-05-09 07:57:41.235421,2026-05-09
1.856659375,2.231725,4.08610625,3.7784166666666668,18.0,1.2287125,10.142275,gpu_provider,H100,spot,aws,2026-05-09 07:57:41.235421,2026-05-09
1.7114375,1.7115,1.711625,1.7115625,12.0,1.71125,1.712,gpu_provider,B200,spot,verda,2026-05-09 07:57:41.235421,2026-05-09
4.89,4.89,4.89,4.89,12.0,4.89,4.89,gpu_provider,B200,on-demand,verda,2026-05-09 07:57:41.235421,2026-05-09
12.561,13.25,13.835,13.62283870967742,31.0,10.6,21.2,gpu_provider,H200,spot,azure,2026-05-09 07:57:41.235421,2026-05-09
12.561,13.25,13.835,13.62283870967742,31.0,10.6,21.2,gpu_provider,H200,on-demand,azure,2026-05-09 07:57:41.235421,2026-05-09
6.88,8.256,8.944,8.385344,25.0,6.88,11.5584,gpu_provider,H100,on-demand,aws,2026-05-09 07:57:41.235421,2026-05-09
1.89648875,2.636885,3.37728125,2.636885,4.0,1.896485,3.377285,gpu_provider,H200,on-demand,vastai,2026-05-09 07:57:41.235421,2026-05-09
3.05,3.05,3.05,3.0500000000000003,7.0,3.05,3.05,gpu_provider,H200,spot,runpod,2026-05-09 07:57:41.235421,2026-05-09
3.99,3.99,3.99,3.9400000000000004,8.0,3.59,3.99,gpu_provider,H200,on-demand,runpod,2026-05-09 07:57:41.235421,2026-05-09
1.2258087500000001,2.03226,2.83871,2.03225875,4.0,1.225805,2.83871,gpu_provider,H200,spot,vastai,2026-05-09 07:57:41.235421,2026-05-09
3.5,3.5,3.5,3.5,6.0,3.5,3.5,gpu_provider,H200,on-demand,nebius,2026-05-09 07:57:41.235421,2026-05-09
1.1865,1.1865,1.186625,1.1866250000000003,12.0,1.1865,1.187,gpu_provider,H200,spot,verda,2026-05-09 07:57:41.235421,2026-05-09
3.39,3.39,3.39,3.39,12.0,3.39,3.39,gpu_provider,H200,on-demand,verda,2026-05-09 07:57:41.235421,2026-05-09
3.99,4.09,4.19,3.97,80.0,3.29,4.29,gpu_provider,H100,on-demand,lambdalabs,2026-05-09 07:57:41.235421,2026-05-09
2.653,2.653,2.653,2.653,1.0,2.653,2.653,gpu_provider,H100,on-demand,cudo,2026-05-09 07:57:41.235421,2026-05-09
2.54,2.54,2.54,2.54,9.0,2.54,2.54,gpu_provider,H100,spot,runpod,2026-05-09 07:57:41.235421,2026-05-09
2.99,2.99,2.99,2.99,9.0,2.99,2.99,gpu_provider,H100,on-demand,runpod,2026-05-09 07:57:41.235421,2026-05-09
1.45,1.45,1.45,1.45,6.0,1.45,1.45,gpu_provider,H200,spot,nebius,2026-05-09 07:57:41.235421,2026-05-09
1.0871718750000001,1.3571374999999999,1.4835812499999999,1.5223284722222221,18.0,0.31565,4.1170625,gpu_provider,A100,spot,aws,2026-05-10 08:08:14.183803,2026-05-10
3.1564675,3.43088125,3.801285,3.5327744761904762,21.0,2.744705,4.7027875,gpu_provider,A100,on-demand,aws,2026-05-10 08:08:14.183803,2026-05-10
2.0047,2.0047,2.0047,2.0047,1.0,2.0047,2.0047,gpu_provider,A100,on-demand,cudo,2026-05-10 08:08:14.183803,2026-05-10
1.99,1.99,2.79,2.2566666666666664,48.0,1.99,2.79,gpu_provider,A100,on-demand,lambdalabs,2026-05-10 08:08:14.183803,2026-05-10
1.689625,1.80385,2.001025,1.907592404017857,112.0,1.40574,2.79473225,gpu_provider,A100,spot,gcp,2026-05-10 08:08:14.183803,2026-05-10
2.49227125,3.6792675,4.04959090625,3.4898916517857144,112.0,2.16346,5.7077325,gpu_provider,A100,on-demand,gcp,2026-05-10 08:08:14.183803,2026-05-10
1.18,1.225,1.27,1.16,6.0,0.79,1.27,gpu_provider,A100,spot,runpod,2026-05-10 08:08:14.183803,2026-05-10
2.9,2.9,2.9,2.9,4.0,2.9,2.9,gpu_provider,B200,spot,nebius,2026-05-10 08:08:14.183803,2026-05-10
0.88242,0.9737775,1.331265,1.1541553863636365,110.0,0.67877,2.38177,gpu_provider,A100,spot,azure,2026-05-10 08:08:14.183803,2026-05-10
4.4075,4.775,5.14225,4.894703663793103,116.0,3.399625,8.1925,gpu_provider,A100,on-demand,azure,2026-05-10 08:08:14.183803,2026-05-10
0.2524,0.4515,0.4515,0.3851291666666667,18.0,0.252375,0.4515,gpu_provider,A100,spot,verda,2026-05-10 08:08:14.183803,2026-05-10
0.721125,1.29,1.29,1.1003708333333333,18.0,0.7211,1.29,gpu_provider,A100,on-demand,verda,2026-05-10 08:08:14.183803,2026-05-10
4.0758,4.0758,4.4834,4.2981333333333325,9.0,4.0758,4.891,gpu_provider,B200,spot,gcp,2026-05-10 08:08:14.183803,2026-05-10
11.277,11.277,11.277,11.277,11.0,11.277,11.277,gpu_provider,B200,on-demand,gcp,2026-05-10 08:08:14.183803,2026-05-10
6.765000000000001,6.84,6.915,6.84,64.0,6.69,6.99,gpu_provider,B200,on-demand,lambdalabs,2026-05-10 08:08:14.183803,2026-05-10
0.1362825,0.136285,0.5148075,0.38863166666666665,3.0,0.13628,0.89333,gpu_provider,A100,on-demand,vastai,2026-05-10 08:08:14.183803,2026-05-10
1.39,1.39,1.49,1.377142857142857,7.0,1.0,1.49,gpu_provider,A100,on-demand,runpod,2026-05-10 08:08:14.183803,2026-05-10
0.08,0.08,0.39999999999999997,0.29333333333333333,3.0,0.08,0.72,gpu_provider,A100,spot,vastai,2026-05-10 08:08:14.183803,2026-05-10
,3.2937267390615452,,,,,,metric,training_inference_ratio,on-demand,,2026-05-10 08:08:14.183803,2026-05-10
3.05,3.525,4.0,3.525,88.0,3.05,4.0,gpu_provider,A100,on-demand,oci,2026-05-10 08:08:14.183803,2026-05-10
5.5,5.5,5.5,5.5,4.0,5.5,5.5,gpu_provider,B200,on-demand,nebius,2026-05-10 08:08:14.183803,2026-05-10
,3.99,,,,,,metric,neocloud_median_h100,on-demand,,2026-05-10 08:08:14.183803,2026-05-10
,8.428,,,,,,metric,hyperscaler_median_h100,on-demand,,2026-05-10 08:08:14.183803,2026-05-10
2.99,3.99,4.19,3.6013784259259265,108.0,1.53587,4.29,provider_h100,neocloud,on-demand,,2026-05-10 08:08:14.183803,2026-05-10
5.7193375,8.428,11.985552625,9.015100218201756,114.0,5.3832685,15.830423875,provider_h100,hyperscaler,on-demand,,2026-05-10 08:08:14.183803,2026-05-10
,1.0955325443786983,,,,,,metric,hyperscaler_premium_all,on-demand,,2026-05-10 08:08:14.183803,2026-05-10
,1.69,,,,,,metric,neocloud_median_all,on-demand,,2026-05-10 08:08:14.183803,2026-05-10
2.8,2.8,2.8,2.8,1.0,2.8,2.8,gpu_provider,A100,on-demand,vultr,2026-05-10 08:08:14.183803,2026-05-10
,1.85145,,,,,,metric,hyperscaler_median_all,on-demand,,2026-05-10 08:08:14.183803,2026-05-10
1.109996,1.85145,3.5,2.8388637971913577,4050.0,0.343,25.92,provider,hyperscaler,on-demand,,2026-05-10 08:08:14.183803,2026-05-10
0.272895,0.400476,0.557856,0.5576045640125847,2066.0,0.0684,9.1089,aggregate,inference,spot,,2026-05-10 08:08:14.183803,2026-05-10
0.879,1.2417545,1.805447,1.6603183583827266,2362.0,0.343,10.98917,aggregate,inference,on-demand,,2026-05-10 08:08:14.183803,2026-05-10
0.41359999999999997,0.7192955000000001,1.345028,1.1458182004855466,4428.0,0.0684,10.98917,aggregate,inference,all,,2026-05-10 08:08:14.183803,2026-05-10
1.27,1.81974125,3.4627655625,2.8899117264234877,562.0,0.08,21.2,aggregate,training,spot,,2026-05-10 08:08:14.183803,2026-05-10
3.05,4.09,5.762968625,5.15849199857595,790.0,0.13628,21.2,aggregate,training,on-demand,,2026-05-10 08:08:14.183803,2026-05-10
1.99,3.542522,4.775,4.215487477163462,1352.0,0.08,21.2,aggregate,training,all,,2026-05-10 08:08:14.183803,2026-05-10
0.49,1.69,3.65,inf,679.0,0.059,inf,provider,neocloud,on-demand,,2026-05-10 08:08:14.183803,2026-05-10
,2.112280701754386,,,,,,metric,hyperscaler_premium_h100,on-demand,,2026-05-10 08:08:14.183803,2026-05-10
1.7114375,1.7115,1.711625,1.7115625,12.0,1.71125,1.712,gpu_provider,B200,spot,verda,2026-05-10 08:08:14.183803,2026-05-10
1.0625,2.625,2.7,2.0025,5.0,0.625,3.0,gpu_provider,B200,spot,vastai,2026-05-10 08:08:14.183803,2026-05-10
5.596119875,10.97905825,12.51612875,9.19199803230337,89.0,5.3832685,15.830423875,gpu_provider,H100,on-demand,gcp,2026-05-10 08:08:14.183803,2026-05-10
0.8015,0.8015,0.8015,0.8015000000000003,15.0,0.8015,0.8015,gpu_provider,H100,spot,verda,2026-05-10 08:08:14.183803,2026-05-10
2.29,2.29,2.29,2.2899999999999996,15.0,2.29,2.29,gpu_provider,H100,on-demand,verda,2026-05-10 08:08:14.183803,2026-05-10
0.9220865,1.48734,1.80385,1.433639248127341,267.0,0.08,4.1170625,gpu,A100,spot,,2026-05-10 08:08:14.183803,2026-05-10
2.761592625,3.6792675,4.40775,3.5826000578313253,415.0,0.13628,8.1925,gpu,A100,on-demand,,2026-05-10 08:08:14.183803,2026-05-10
1.52901125,2.528060875,4.0,2.7412913537390025,682.0,0.08,8.1925,gpu,A100,all,,2026-05-10 08:08:14.183803,2026-05-10
1.7115,2.6625,4.0758,2.694481666666667,30.0,0.625,4.891,gpu,B200,spot,,2026-05-10 08:08:14.183803,2026-05-10
6.69,6.79,6.99,6.835951666666666,96.0,0.75803,11.277,gpu,B200,on-demand,,2026-05-10 08:08:14.183803,2026-05-10
4.4556499999999994,6.69,6.89,5.849887380952383,126.0,0.625,11.277,gpu,B200,all,,2026-05-10 08:08:14.183803,2026-05-10
1.45,11.129999999999999,13.78,8.332098214285713,56.0,1.1865,21.2,gpu,H200,spot,,2026-05-10 08:08:14.183803,2026-05-10
3.5,10.6,13.78,9.044,57.0,3.39,21.2,gpu,H200,on-demand,,2026-05-10 08:08:14.183803,2026-05-10
3.39,10.6,13.78,8.691199115044249,113.0,1.1865,21.2,gpu,H200,all,,2026-05-10 08:08:14.183803,2026-05-10
2.716143125,3.388947625,4.270636,3.3201758899521527,209.0,0.8015,10.142275,gpu,H100,spot,,2026-05-10 08:08:14.183803,2026-05-10
3.99,5.3832685,8.6,6.381397724662163,222.0,1.53587,15.830423875,gpu,H100,on-demand,,2026-05-10 08:08:14.183803,2026-05-10
3.190724,4.09,5.442394,4.896953725928075,431.0,0.8015,15.830423875,gpu,H100,all,,2026-05-10 08:08:14.183803,2026-05-10
3.190724,3.6021,4.270636,3.5796103109756094,164.0,1.233702,4.624182375,gpu_provider,H100,spot,gcp,2026-05-10 08:08:14.183803,2026-05-10
2.95,2.95,2.95,2.95,2.0,2.95,2.95,gpu_provider,H100,on-demand,nebius,2026-05-10 08:08:14.183803,2026-05-10
4.89,4.89,4.89,4.89,12.0,4.89,4.89,gpu_provider,B200,on-demand,verda,2026-05-10 08:08:14.183803,2026-05-10
6.88,8.256,8.944,8.385344,25.0,6.88,11.5584,gpu_provider,H100,on-demand,aws,2026-05-10 08:08:14.183803,2026-05-10
1.25,1.25,1.25,1.25,2.0,1.25,1.25,gpu_provider,H100,spot,nebius,2026-05-10 08:08:14.183803,2026-05-10
1.4123475,3.7531575,3.82348,2.752872,5.0,0.75803,4.017345,gpu_provider,B200,on-demand,vastai,2026-05-10 08:08:14.183803,2026-05-10
12.561,13.25,13.835,13.62283870967742,31.0,10.6,21.2,gpu_provider,H200,spot,azure,2026-05-10 08:08:14.183803,2026-05-10
12.561,13.25,13.835,13.62283870967742,31.0,10.6,21.2,gpu_provider,H200,on-demand,azure,2026-05-10 08:08:14.183803,2026-05-10
3.05,3.05,3.05,3.0500000000000003,7.0,3.05,3.05,gpu_provider,H200,spot,runpod,2026-05-10 08:08:14.183803,2026-05-10
1.45,1.45,1.45,1.45,6.0,1.45,1.45,gpu_provider,H200,spot,nebius,2026-05-10 08:08:14.183803,2026-05-10
3.5,3.5,3.5,3.5,6.0,3.5,3.5,gpu_provider,H200,on-demand,nebius,2026-05-10 08:08:14.183803,2026-05-10
1.1865,1.1865,1.186625,1.1866250000000003,12.0,1.1865,1.187,gpu_provider,H200,spot,verda,2026-05-10 08:08:14.183803,2026-05-10
3.99,3.99,3.99,3.9400000000000004,8.0,3.59,3.99,gpu_provider,H200,on-demand,runpod,2026-05-10 08:08:14.183803,2026-05-10
1.46667,1.46667,1.46667,1.46667,1.0,1.46667,1.46667,gpu_provider,H100,spot,vastai,2026-05-10 08:08:14.183803,2026-05-10
1.53587,1.53587,1.53587,1.53587,1.0,1.53587,1.53587,gpu_provider,H100,on-demand,vastai,2026-05-10 08:08:14.183803,2026-05-10
3.99,4.09,4.19,3.97,80.0,3.29,4.29,gpu_provider,H100,on-demand,lambdalabs,2026-05-10 08:08:14.183803,2026-05-10
2.653,2.653,2.653,2.653,1.0,2.653,2.653,gpu_provider,H100,on-demand,cudo,2026-05-10 08:08:14.183803,2026-05-10
2.54,2.54,2.54,2.54,9.0,2.54,2.54,gpu_provider,H100,spot,runpod,2026-05-10 08:08:14.183803,2026-05-10
2.99,2.99,2.99,2.99,9.0,2.99,2.99,gpu_provider,H100,on-demand,runpod,2026-05-10 08:08:14.183803,2026-05-10
1.856659375,2.231725,4.08610625,3.7784166666666668,18.0,1.2287125,10.142275,gpu_provider,H100,spot,aws,2026-05-10 08:08:14.183803,2026-05-10
3.39,3.39,3.39,3.39,12.0,3.39,3.39,gpu_provider,H200,on-demand,verda,2026-05-10 08:08:14.183803,2026-05-10
1.39,1.39,1.49,1.377142857142857,7.0,1.0,1.49,gpu_provider,A100,on-demand,runpod,2026-05-11 09:40:11.577924,2026-05-11
2.0047,2.0047,2.0047,2.0047,1.0,2.0047,2.0047,gpu_provider,A100,on-demand,cudo,2026-05-11 09:40:11.577924,2026-05-11
1.99,1.99,2.79,2.2566666666666664,48.0,1.99,2.79,gpu_provider,A100,on-demand,lambdalabs,2026-05-11 09:40:11.577924,2026-05-11
1.689625,1.80385,2.001025,1.907592404017857,112.0,1.40574,2.79473225,gpu_provider,A100,spot,gcp,2026-05-11 09:40:11.577924,2026-05-11
2.49227125,3.6792675,4.04959090625,3.4898916517857144,112.0,2.16346,5.7077325,gpu_provider,A100,on-demand,gcp,2026-05-11 09:40:11.577924,2026-05-11
1.18,1.225,1.27,1.16,6.0,0.79,1.27,gpu_provider,A100,spot,runpod,2026-05-11 09:40:11.577924,2026-05-11
0.88242,0.9737775,1.331265,1.1541553863636365,110.0,0.67877,2.38177,gpu_provider,A100,spot,azure,2026-05-11 09:40:11.577924,2026-05-11
6.765000000000001,6.84,6.915,6.84,64.0,6.69,6.99,gpu_provider,B200,on-demand,lambdalabs,2026-05-11 09:40:11.577924,2026-05-11
0.09333125,0.0933325,0.09333375,0.0933325,2.0,0.09333,0.093335,gpu_provider,A100,spot,vastai,2026-05-11 09:40:11.577924,2026-05-11
0.19070625000000002,0.1907075,0.19070874999999998,0.1907075,2.0,0.190705,0.19071,gpu_provider,A100,on-demand,vastai,2026-05-11 09:40:11.577924,2026-05-11
0.2524,0.4515,0.4515,0.3851291666666667,18.0,0.252375,0.4515,gpu_provider,A100,spot,verda,2026-05-11 09:40:11.577924,2026-05-11
0.721125,1.29,1.29,1.1003708333333333,18.0,0.7211,1.29,gpu_provider,A100,on-demand,verda,2026-05-11 09:40:11.577924,2026-05-11
4.0758,4.0758,4.4834,4.2981333333333325,9.0,4.0758,4.891,gpu_provider,B200,spot,gcp,2026-05-11 09:40:11.577924,2026-05-11
11.277,11.277,11.277,11.277,11.0,11.277,11.277,gpu_provider,B200,on-demand,gcp,2026-05-11 09:40:11.577924,2026-05-11
3.1564675,3.43088125,3.801285,3.5327744761904762,21.0,2.744705,4.7027875,gpu_provider,A100,on-demand,aws,2026-05-11 09:40:11.577924,2026-05-11
4.4075,4.775,5.14225,4.894703663793103,116.0,3.399625,8.1925,gpu_provider,A100,on-demand,azure,2026-05-11 09:40:11.577924,2026-05-11
1.0871718750000001,1.3571374999999999,1.4835812499999999,1.5223284722222221,18.0,0.31565,4.1170625,gpu_provider,A100,spot,aws,2026-05-11 09:40:11.577924,2026-05-11
,3.2937274021812284,,,,,,metric,training_inference_ratio,on-demand,,2026-05-11 09:40:11.577924,2026-05-11
3.05,3.525,4.0,3.525,88.0,3.05,4.0,gpu_provider,A100,on-demand,oci,2026-05-11 09:40:11.577924,2026-05-11
2.625,2.701,3.6125,3.3376428571428574,14.0,2.625,6.875,gpu_provider,B200,spot,vastai,2026-05-11 09:40:11.577924,2026-05-11
,3.99,,,,,,metric,neocloud_median_h100,on-demand,,2026-05-11 09:40:11.577924,2026-05-11
,8.428,,,,,,metric,hyperscaler_median_h100,on-demand,,2026-05-11 09:40:11.577924,2026-05-11
3.14,3.99,4.19,3.6206822429906556,107.0,2.29,4.29,provider_h100,neocloud,on-demand,,2026-05-11 09:40:11.577924,2026-05-11
5.7193375,8.428,11.985552625,9.015100218201756,114.0,5.3832685,15.830423875,provider_h100,hyperscaler,on-demand,,2026-05-11 09:40:11.577924,2026-05-11
,0.9796031746031747,,,,,,metric,hyperscaler_premium_all,on-demand,,2026-05-11 09:40:11.577924,2026-05-11
,1.89,,,,,,metric,neocloud_median_all,on-demand,,2026-05-11 09:40:11.577924,2026-05-11
2.8,2.8,2.8,2.8,1.0,2.8,2.8,gpu_provider,A100,on-demand,vultr,2026-05-11 09:40:11.577924,2026-05-11
,1.85145,,,,,,metric,hyperscaler_median_all,on-demand,,2026-05-11 09:40:11.577924,2026-05-11
1.109996,1.85145,3.5,2.8388637971913577,4050.0,0.343,25.92,provider,hyperscaler,on-demand,,2026-05-11 09:40:11.577924,2026-05-11
0.272895,0.400476,0.557856,0.5573657740803485,2066.0,0.0684,9.1089,aggregate,inference,spot,,2026-05-11 09:40:11.577924,2026-05-11
0.879,1.24175425,1.805447,1.6600079180779002,2362.0,0.343,10.98917,aggregate,inference,on-demand,,2026-05-11 09:40:11.577924,2026-05-11
0.41359999999999997,0.7192955000000001,1.345028,1.1455411905487805,4428.0,0.0684,10.98917,aggregate,inference,all,,2026-05-11 09:40:11.577924,2026-05-11
1.27803,2.0006,3.545884,2.9190582334205932,573.0,0.09333,21.2,aggregate,training,spot,,2026-05-11 09:40:11.577924,2026-05-11
3.220091,4.09,5.762968625,5.171302105337079,801.0,0.190705,21.2,aggregate,training,on-demand,,2026-05-11 09:40:11.577924,2026-05-11
1.99,3.5834408125,4.89,4.232047564865357,1374.0,0.09333,21.2,aggregate,training,all,,2026-05-11 09:40:11.577924,2026-05-11
0.49,1.89,3.99,inf,680.0,0.02469,inf,provider,neocloud,on-demand,,2026-05-11 09:40:11.577924,2026-05-11
,2.112280701754386,,,,,,metric,hyperscaler_premium_h100,on-demand,,2026-05-11 09:40:11.577924,2026-05-11
3.8746074999999998,4.529319375,5.0232775,4.774048392857144,14.0,3.6984375,8.34455,gpu_provider,B200,on-demand,vastai,2026-05-11 09:40:11.577924,2026-05-11
5.5,5.5,5.5,5.5,4.0,5.5,5.5,gpu_provider,B200,on-demand,nebius,2026-05-11 09:40:11.577924,2026-05-11
3.190724,3.6021,4.270636,3.5796103109756094,164.0,1.233702,4.624182375,gpu_provider,H100,spot,gcp,2026-05-11 09:40:11.577924,2026-05-11
5.596119875,10.97905825,12.51612875,9.19199803230337,89.0,5.3832685,15.830423875,gpu_provider,H100,on-demand,gcp,2026-05-11 09:40:11.577924,2026-05-11
0.8015,0.8015,0.8015,0.8015000000000003,15.0,0.8015,0.8015,gpu_provider,H100,spot,verda,2026-05-11 09:40:11.577924,2026-05-11
2.29,2.29,2.29,2.2899999999999996,15.0,2.29,2.29,gpu_provider,H100,on-demand,verda,2026-05-11 09:40:11.577924,2026-05-11
0.929583125,1.48734,1.80385,1.4364223468045112,266.0,0.09333,4.1170625,gpu,A100,spot,,2026-05-11 09:40:11.577924,2026-05-11
2.77848,3.71361975,4.407875000000001,3.589358801932367,414.0,0.190705,8.1925,gpu,A100,on-demand,,2026-05-11 09:40:11.577924,2026-05-11
1.712,2.701,4.0758,3.014075641025641,39.0,1.71125,6.875,gpu,B200,spot,,2026-05-11 09:40:11.577924,2026-05-11
2.95,2.95,2.95,2.95,2.0,2.95,2.95,gpu_provider,H100,on-demand,nebius,2026-05-11 09:40:11.577924,2026-05-11
5.5,6.79,6.99,6.755463595238096,105.0,3.6984375,11.277,gpu,B200,on-demand,,2026-05-11 09:40:11.577924,2026-05-11
1.45,10.6,13.3825,8.008883041666667,60.0,1.1865,21.2,gpu,H200,spot,,2026-05-11 09:40:11.577924,2026-05-11
3.5,10.6,13.25,8.71738262295082,61.0,3.35941,21.2,gpu,H200,on-demand,,2026-05-11 09:40:11.577924,2026-05-11
3.39,10.6,13.25,8.366060516528927,121.0,1.1865,21.2,gpu,H200,all,,2026-05-11 09:40:11.577924,2026-05-11
2.7290652499999997,3.4127958124999997,4.270636,3.329086975961538,208.0,0.8015,10.142275,gpu,H100,spot,,2026-05-11 09:40:11.577924,2026-05-11
3.99,5.3832685,8.6,6.4033231894796385,221.0,2.29,15.830423875,gpu,H100,on-demand,,2026-05-11 09:40:11.577924,2026-05-11
3.199753125,4.09,5.442394,4.912784419289044,429.0,0.8015,15.830423875,gpu,H100,all,,2026-05-11 09:40:11.577924,2026-05-11
2.9,2.9,2.9,2.9,4.0,2.9,2.9,gpu_provider,B200,spot,nebius,2026-05-11 09:40:11.577924,2026-05-11
4.0758,6.69,6.89,5.742171024305555,144.0,1.71125,11.277,gpu,B200,all,,2026-05-11 09:40:11.577924,2026-05-11
1.25,1.25,1.25,1.25,2.0,1.25,1.25,gpu_provider,H100,spot,nebius,2026-05-11 09:40:11.577924,2026-05-11
1.544294375,2.5280609375000003,4.0,2.747180718014706,680.0,0.09333,8.1925,gpu,A100,all,,2026-05-11 09:40:11.577924,2026-05-11
1.856659375,2.231725,4.08610625,3.7784166666666668,18.0,1.2287125,10.142275,gpu_provider,H100,spot,aws,2026-05-11 09:40:11.577924,2026-05-11
6.88,8.256,8.944,8.385344,25.0,6.88,11.5584,gpu_provider,H100,on-demand,aws,2026-05-11 09:40:11.577924,2026-05-11
4.89,4.89,4.89,4.89,12.0,4.89,4.89,gpu_provider,B200,on-demand,verda,2026-05-11 09:40:11.577924,2026-05-11
12.561,13.25,13.835,13.62283870967742,31.0,10.6,21.2,gpu_provider,H200,spot,azure,2026-05-11 09:40:11.577924,2026-05-11
12.561,13.25,13.835,13.62283870967742,31.0,10.6,21.2,gpu_provider,H200,on-demand,azure,2026-05-11 09:40:11.577924,2026-05-11
3.32258,3.48387,3.645160625,3.4838706249999998,4.0,2.83871,4.1290325,gpu_provider,H200,spot,vastai,2026-05-11 09:40:11.577924,2026-05-11
3.90081625,4.2287625,4.39103125,4.063085,4.0,3.35941,4.435405,gpu_provider,H200,on-demand,vastai,2026-05-11 09:40:11.577924,2026-05-11
3.05,3.05,3.05,3.0500000000000003,7.0,3.05,3.05,gpu_provider,H200,spot,runpod,2026-05-11 09:40:11.577924,2026-05-11
3.99,3.99,3.99,3.9400000000000004,8.0,3.59,3.99,gpu_provider,H200,on-demand,runpod,2026-05-11 09:40:11.577924,2026-05-11
1.7114375,1.7115,1.711625,1.7115625,12.0,1.71125,1.712,gpu_provider,B200,spot,verda,2026-05-11 09:40:11.577924,2026-05-11
3.5,3.5,3.5,3.5,6.0,3.5,3.5,gpu_provider,H200,on-demand,nebius,2026-05-11 09:40:11.577924,2026-05-11
1.1865,1.1865,1.186625,1.1866250000000003,12.0,1.1865,1.187,gpu_provider,H200,spot,verda,2026-05-11 09:40:11.577924,2026-05-11
3.39,3.39,3.39,3.39,12.0,3.39,3.39,gpu_provider,H200,on-demand,verda,2026-05-11 09:40:11.577924,2026-05-11
3.99,4.09,4.19,3.97,80.0,3.29,4.29,gpu_provider,H100,on-demand,lambdalabs,2026-05-11 09:40:11.577924,2026-05-11
2.653,2.653,2.653,2.653,1.0,2.653,2.653,gpu_provider,H100,on-demand,cudo,2026-05-11 09:40:11.577924,2026-05-11
2.54,2.54,2.54,2.54,9.0,2.54,2.54,gpu_provider,H100,spot,runpod,2026-05-11 09:40:11.577924,2026-05-11
2.99,2.99,2.99,2.99,9.0,2.99,2.99,gpu_provider,H100,on-demand,runpod,2026-05-11 09:40:11.577924,2026-05-11
1.45,1.45,1.45,1.45,6.0,1.45,1.45,gpu_provider,H200,spot,nebius,2026-05-11 09:40:11.577924,2026-05-11
1.0871718750000001,1.3571374999999999,1.4835812499999999,1.5223284722222221,18.0,0.31565,4.1170625,gpu_provider,A100,spot,aws,2026-05-12 08:40:40.760508,2026-05-12
3.1564675,3.43088125,3.801285,3.5327744761904762,21.0,2.744705,4.7027875,gpu_provider,A100,on-demand,aws,2026-05-12 08:40:40.760508,2026-05-12
2.0047,2.0047,2.0047,2.0047,1.0,2.0047,2.0047,gpu_provider,A100,on-demand,cudo,2026-05-12 08:40:40.760508,2026-05-12
1.99,1.99,2.79,2.2566666666666664,48.0,1.99,2.79,gpu_provider,A100,on-demand,lambdalabs,2026-05-12 08:40:40.760508,2026-05-12
1.689625,1.80385,2.001025,1.907592404017857,112.0,1.40574,2.79473225,gpu_provider,A100,spot,gcp,2026-05-12 08:40:40.760508,2026-05-12
2.49227125,3.6792675,4.04959090625,3.4898916517857144,112.0,2.16346,5.7077325,gpu_provider,A100,on-demand,gcp,2026-05-12 08:40:40.760508,2026-05-12
1.18,1.225,1.27,1.16,6.0,0.79,1.27,gpu_provider,A100,spot,runpod,2026-05-12 08:40:40.760508,2026-05-12
1.39,1.39,1.49,1.377142857142857,7.0,1.0,1.49,gpu_provider,A100,on-demand,runpod,2026-05-12 08:40:40.760508,2026-05-12
0.721125,1.29,1.29,1.1003708333333333,18.0,0.7211,1.29,gpu_provider,A100,on-demand,verda,2026-05-12 08:40:40.760508,2026-05-12
4.4075,4.775,5.14225,4.894703663793103,116.0,3.399625,8.1925,gpu_provider,A100,on-demand,azure,2026-05-12 08:40:40.760508,2026-05-12
0.2524,0.4515,0.4515,0.3851291666666667,18.0,0.252375,0.4515,gpu_provider,A100,spot,verda,2026-05-12 08:40:40.760508,2026-05-12
4.0758,4.0758,4.4834,4.2981333333333325,9.0,4.0758,4.891,gpu_provider,B200,spot,gcp,2026-05-12 08:40:40.760508,2026-05-12
11.277,11.277,11.277,11.277,11.0,11.277,11.277,gpu_provider,B200,on-demand,gcp,2026-05-12 08:40:40.760508,2026-05-12
6.765000000000001,6.84,6.915,6.84,64.0,6.69,6.99,gpu_provider,B200,on-demand,lambdalabs,2026-05-12 08:40:40.760508,2026-05-12
2.6630000000000003,2.701,2.9755000000000003,2.8361428571428573,7.0,2.625,3.25,gpu_provider,B200,spot,vastai,2026-05-12 08:40:40.760508,2026-05-12
0.09333125,0.0933325,0.09333375,0.0933325,2.0,0.09333,0.093335,gpu_provider,A100,spot,vastai,2026-05-12 08:40:40.760508,2026-05-12
0.88242,0.9737775,1.331265,1.1541553863636365,110.0,0.67877,2.38177,gpu_provider,A100,spot,azure,2026-05-12 08:40:40.760508,2026-05-12
2.8,2.8,2.8,2.8,1.0,2.8,2.8,gpu_provider,A100,on-demand,vultr,2026-05-12 08:40:40.760508,2026-05-12
4.00389,4.06745,4.5371950000000005,4.30863642857143,7.0,4.00389,5.006945,gpu_provider,B200,on-demand,vastai,2026-05-12 08:40:40.760508,2026-05-12
1.99,3.545884,4.775,4.225926573838496,1356.0,0.09333,21.2,aggregate,training,all,,2026-05-12 08:40:40.760508,2026-05-12
,2.112280701754386,,,,,,metric,hyperscaler_premium_h100,on-demand,,2026-05-12 08:40:40.760508,2026-05-12
,3.99,,,,,,metric,neocloud_median_h100,on-demand,,2026-05-12 08:40:40.760508,2026-05-12
,8.428,,,,,,metric,hyperscaler_median_h100,on-demand,,2026-05-12 08:40:40.760508,2026-05-12
2.99,3.99,4.19,3.601340833333334,108.0,1.53181,4.29,provider_h100,neocloud,on-demand,,2026-05-12 08:40:40.760508,2026-05-12
5.7193375,8.428,11.985552625,9.015100218201756,114.0,5.3832685,15.830423875,provider_h100,hyperscaler,on-demand,,2026-05-12 08:40:40.760508,2026-05-12
,1.0955325443786983,,,,,,metric,hyperscaler_premium_all,on-demand,,2026-05-12 08:40:40.760508,2026-05-12
,1.69,,,,,,metric,neocloud_median_all,on-demand,,2026-05-12 08:40:40.760508,2026-05-12
3.05,3.525,4.0,3.525,88.0,3.05,4.0,gpu_provider,A100,on-demand,oci,2026-05-12 08:40:40.760508,2026-05-12
,1.85145,,,,,,metric,hyperscaler_median_all,on-demand,,2026-05-12 08:40:40.760508,2026-05-12
1.109996,1.85145,3.5,2.8388637971913577,4050.0,0.343,25.92,provider,hyperscaler,on-demand,,2026-05-12 08:40:40.760508,2026-05-12
,3.2937267390615452,,,,,,metric,training_inference_ratio,on-demand,,2026-05-12 08:40:40.760508,2026-05-12
0.2726,0.400476,0.557856,0.5572805613801454,2065.0,0.0684,9.1089,aggregate,inference,spot,,2026-05-12 08:40:40.760508,2026-05-12
0.879,1.2417545,1.805447,1.6602729913172385,2361.0,0.343,10.98917,aggregate,inference,on-demand,,2026-05-12 08:40:40.760508,2026-05-12
0.4132,0.7184,1.345028,1.1456594875169452,4426.0,0.0684,10.98917,aggregate,inference,all,,2026-05-12 08:40:40.760508,2026-05-12
1.277356,1.8909,3.4453511875,2.9009153639184397,564.0,0.09333,21.2,aggregate,training,spot,,2026-05-12 08:40:40.760508,2026-05-12
3.129850625,4.09,5.762968625,5.169495162720959,792.0,0.19031,21.2,aggregate,training,on-demand,,2026-05-12 08:40:40.760508,2026-05-12
0.49,1.69,3.99,inf,680.0,0.02636,inf,provider,neocloud,on-demand,,2026-05-12 08:40:40.760508,2026-05-12
2.9,2.9,2.9,2.9,4.0,2.9,2.9,gpu_provider,B200,spot,nebius,2026-05-12 08:40:40.760508,2026-05-12
0.19031,0.19031,0.19031,0.19031,2.0,0.19031,0.19031,gpu_provider,A100,on-demand,vastai,2026-05-12 08:40:40.760508,2026-05-12
1.7114375,1.7115,1.711625,1.7115625,12.0,1.71125,1.712,gpu_provider,B200,spot,verda,2026-05-12 08:40:40.760508,2026-05-12
2.95,2.95,2.95,2.95,2.0,2.95,2.95,gpu_provider,H100,on-demand,nebius,2026-05-12 08:40:40.760508,2026-05-12
3.190724,3.6021,4.270636,3.5796103109756094,164.0,1.233702,4.624182375,gpu_provider,H100,spot,gcp,2026-05-12 08:40:40.760508,2026-05-12
5.596119875,10.97905825,12.51612875,9.19199803230337,89.0,5.3832685,15.830423875,gpu_provider,H100,on-demand,gcp,2026-05-12 08:40:40.760508,2026-05-12
0.8015,0.8015,0.8015,0.8015000000000003,15.0,0.8015,0.8015,gpu_provider,H100,spot,verda,2026-05-12 08:40:40.760508,2026-05-12
2.29,2.29,2.29,2.2899999999999996,15.0,2.29,2.29,gpu_provider,H100,on-demand,verda,2026-05-12 08:40:40.760508,2026-05-12
0.929583125,1.48734,1.80385,1.4364223468045112,266.0,0.09333,4.1170625,gpu,A100,spot,,2026-05-12 08:40:40.760508,2026-05-12
2.77848,3.71361975,4.407875000000001,3.5893568816425114,414.0,0.19031,8.1925,gpu,A100,on-demand,,2026-05-12 08:40:40.760508,2026-05-12
1.25,1.25,1.25,1.25,2.0,1.25,1.25,gpu_provider,H100,spot,nebius,2026-05-12 08:40:40.760508,2026-05-12
1.544294375,2.5280609375000003,4.0,2.7471795488970585,680.0,0.09333,8.1925,gpu,A100,all,,2026-05-12 08:40:40.760508,2026-05-12
6.69,6.79,6.99,6.863749540816328,98.0,4.00389,11.277,gpu,B200,on-demand,,2026-05-12 08:40:40.760508,2026-05-12
4.16845,6.69,6.89,5.871710807692308,130.0,1.71125,11.277,gpu,B200,all,,2026-05-12 08:40:40.760508,2026-05-12
1.45,10.6,13.78,8.23572298245614,57.0,1.1865,21.2,gpu,H200,spot,,2026-05-12 08:40:40.760508,2026-05-12
3.5,10.6,13.647499999999999,8.94711603448276,58.0,3.39,21.2,gpu,H200,on-demand,,2026-05-12 08:40:40.760508,2026-05-12
3.39,10.6,13.78,8.594512521739132,115.0,1.1865,21.2,gpu,H200,all,,2026-05-12 08:40:40.760508,2026-05-12
2.716143125,3.388947625,4.270636,3.3201758899521527,209.0,0.8015,10.142275,gpu,H100,spot,,2026-05-12 08:40:40.760508,2026-05-12
3.99,5.3832685,8.6,6.381379436373875,222.0,1.53181,15.830423875,gpu,H100,on-demand,,2026-05-12 08:40:40.760508,2026-05-12
1.7115,2.701,4.0758,2.8335921875,32.0,1.71125,4.891,gpu,B200,spot,,2026-05-12 08:40:40.760508,2026-05-12
6.88,8.256,8.944,8.385344,25.0,6.88,11.5584,gpu_provider,H100,on-demand,aws,2026-05-12 08:40:40.760508,2026-05-12
3.190724,4.09,5.442394,4.896944305974478,431.0,0.8015,15.830423875,gpu,H100,all,,2026-05-12 08:40:40.760508,2026-05-12
5.5,5.5,5.5,5.5,4.0,5.5,5.5,gpu_provider,B200,on-demand,nebius,2026-05-12 08:40:40.760508,2026-05-12
4.89,4.89,4.89,4.89,12.0,4.89,4.89,gpu_provider,B200,on-demand,verda,2026-05-12 08:40:40.760508,2026-05-12
12.561,13.25,13.835,13.62283870967742,31.0,10.6,21.2,gpu_provider,H200,spot,azure,2026-05-12 08:40:40.760508,2026-05-12
12.561,13.25,13.835,13.62283870967742,31.0,10.6,21.2,gpu_provider,H200,on-demand,azure,2026-05-12 08:40:40.760508,2026-05-12
2.83871,2.83871,2.83871,2.83871,1.0,2.83871,2.83871,gpu_provider,H200,spot,vastai,2026-05-12 08:40:40.760508,2026-05-12
3.42473,3.42473,3.42473,3.42473,1.0,3.42473,3.42473,gpu_provider,H200,on-demand,vastai,2026-05-12 08:40:40.760508,2026-05-12
1.856659375,2.231725,4.08610625,3.7784166666666668,18.0,1.2287125,10.142275,gpu_provider,H100,spot,aws,2026-05-12 08:40:40.760508,2026-05-12
3.99,3.99,3.99,3.9400000000000004,8.0,3.59,3.99,gpu_provider,H200,on-demand,runpod,2026-05-12 08:40:40.760508,2026-05-12
1.45,1.45,1.45,1.45,6.0,1.45,1.45,gpu_provider,H200,spot,nebius,2026-05-12 08:40:40.760508,2026-05-12
3.05,3.05,3.05,3.0500000000000003,7.0,3.05,3.05,gpu_provider,H200,spot,runpod,2026-05-12 08:40:40.760508,2026-05-12
1.1865,1.1865,1.186625,1.1866250000000003,12.0,1.1865,1.187,gpu_provider,H200,spot,verda,2026-05-12 08:40:40.760508,2026-05-12
3.39,3.39,3.39,3.39,12.0,3.39,3.39,gpu_provider,H200,on-demand,verda,2026-05-12 08:40:40.760508,2026-05-12
3.99,4.09,4.19,3.97,80.0,3.29,4.29,gpu_provider,H100,on-demand,lambdalabs,2026-05-12 08:40:40.760508,2026-05-12
1.46667,1.46667,1.46667,1.46667,1.0,1.46667,1.46667,gpu_provider,H100,spot,vastai,2026-05-12 08:40:40.760508,2026-05-12
1.53181,1.53181,1.53181,1.53181,1.0,1.53181,1.53181,gpu_provider,H100,on-demand,vastai,2026-05-12 08:40:40.760508,2026-05-12
2.653,2.653,2.653,2.653,1.0,2.653,2.653,gpu_provider,H100,on-demand,cudo,2026-05-12 08:40:40.760508,2026-05-12
2.54,2.54,2.54,2.54,9.0,2.54,2.54,gpu_provider,H100,spot,runpod,2026-05-12 08:40:40.760508,2026-05-12
2.99,2.99,2.99,2.99,9.0,2.99,2.99,gpu_provider,H100,on-demand,runpod,2026-05-12 08:40:40.760508,2026-05-12
3.5,3.5,3.5,3.5,6.0,3.5,3.5,gpu_provider,H200,on-demand,nebius,2026-05-12 08:40:40.760508,2026-05-12
1.0871718750000001,1.3571374999999999,1.4835812499999999,1.5223284722222221,18.0,0.31565,4.1170625,gpu_provider,A100,spot,aws,2026-05-13 08:45:14.439848,2026-05-13
3.1564675,3.43088125,3.801285,3.5327744761904762,21.0,2.744705,4.7027875,gpu_provider,A100,on-demand,aws,2026-05-13 08:45:14.439848,2026-05-13
2.0047,2.0047,2.0047,2.0047,1.0,2.0047,2.0047,gpu_provider,A100,on-demand,cudo,2026-05-13 08:45:14.439848,2026-05-13
1.99,1.99,2.79,2.2566666666666664,48.0,1.99,2.79,gpu_provider,A100,on-demand,lambdalabs,2026-05-13 08:45:14.439848,2026-05-13
1.689625,1.80385,2.001025,1.907592404017857,112.0,1.40574,2.79473225,gpu_provider,A100,spot,gcp,2026-05-13 08:45:14.439848,2026-05-13
2.49227125,3.6792675,4.04959090625,3.4898916517857144,112.0,2.16346,5.7077325,gpu_provider,A100,on-demand,gcp,2026-05-13 08:45:14.439848,2026-05-13
1.18,1.225,1.27,1.16,6.0,0.79,1.27,gpu_provider,A100,spot,runpod,2026-05-13 08:45:14.439848,2026-05-13
2.7,2.975,3.25,3.028125,8.0,2.625,3.75,gpu_provider,B200,spot,vastai,2026-05-13 08:45:14.439848,2026-05-13
0.88242,0.9737775,1.331265,1.1541553863636365,110.0,0.67877,2.38177,gpu_provider,A100,spot,azure,2026-05-13 08:45:14.439848,2026-05-13
4.4075,4.775,5.14225,4.894703663793103,116.0,3.399625,8.1925,gpu_provider,A100,on-demand,azure,2026-05-13 08:45:14.439848,2026-05-13
0.2524,0.4515,0.4515,0.3851291666666667,18.0,0.252375,0.4515,gpu_provider,A100,spot,verda,2026-05-13 08:45:14.439848,2026-05-13
0.721125,1.29,1.29,1.1003708333333333,18.0,0.7211,1.29,gpu_provider,A100,on-demand,verda,2026-05-13 08:45:14.439848,2026-05-13
4.0758,4.0758,4.4834,4.2981333333333325,9.0,4.0758,4.891,gpu_provider,B200,spot,gcp,2026-05-13 08:45:14.439848,2026-05-13
11.277,11.277,11.277,11.277,11.0,11.277,11.277,gpu_provider,B200,on-demand,gcp,2026-05-13 08:45:14.439848,2026-05-13
6.765000000000001,6.84,6.915,6.84,64.0,6.69,6.99,gpu_provider,B200,on-demand,lambdalabs,2026-05-13 08:45:14.439848,2026-05-13
0.34088,0.34088,0.34088,0.34088,1.0,0.34088,0.34088,gpu_provider,A100,on-demand,vastai,2026-05-13 08:45:14.439848,2026-05-13
1.39,1.39,1.49,1.377142857142857,7.0,1.0,1.49,gpu_provider,A100,on-demand,runpod,2026-05-13 08:45:14.439848,2026-05-13
0.13333,0.13333,0.13333,0.13333,1.0,0.13333,0.13333,gpu_provider,A100,spot,vastai,2026-05-13 08:45:14.439848,2026-05-13
1.109996,1.85145,3.5,2.8388637971913577,4050.0,0.343,25.92,provider,hyperscaler,on-demand,,2026-05-13 08:45:14.439848,2026-05-13
3.05,3.525,4.0,3.525,88.0,3.05,4.0,gpu_provider,A100,on-demand,oci,2026-05-13 08:45:14.439848,2026-05-13
4.01317,4.06608,4.301855,4.2843425,8.0,4.01317,5.02781,gpu_provider,B200,on-demand,vastai,2026-05-13 08:45:14.439848,2026-05-13
,2.112280701754386,,,,,,metric,hyperscaler_premium_h100,on-demand,,2026-05-13 08:45:14.439848,2026-05-13
,3.99,,,,,,metric,neocloud_median_h100,on-demand,,2026-05-13 08:45:14.439848,2026-05-13
,8.428,,,,,,metric,hyperscaler_median_h100,on-demand,,2026-05-13 08:45:14.439848,2026-05-13
2.99,3.99,4.19,3.601391574074075,108.0,1.53729,4.29,provider_h100,neocloud,on-demand,,2026-05-13 08:45:14.439848,2026-05-13
5.7193375,8.428,11.985552625,9.015100218201756,114.0,5.3832685,15.830423875,provider_h100,hyperscaler,on-demand,,2026-05-13 08:45:14.439848,2026-05-13
,1.059909548889398,,,,,,metric,hyperscaler_premium_all,on-demand,,2026-05-13 08:45:14.439848,2026-05-13
,1.7468,,,,,,metric,neocloud_median_all,on-demand,,2026-05-13 08:45:14.439848,2026-05-13
,1.85145,,,,,,metric,hyperscaler_median_all,on-demand,,2026-05-13 08:45:14.439848,2026-05-13
0.49,1.7468,3.99,inf,681.0,0.02649,inf,provider,neocloud,on-demand,,2026-05-13 08:45:14.439848,2026-05-13
,3.2937267390615452,,,,,,metric,training_inference_ratio,on-demand,,2026-05-13 08:45:14.439848,2026-05-13
0.272895,0.400476,0.557856,0.5576045640125847,2066.0,0.0684,9.1089,aggregate,inference,spot,,2026-05-13 08:45:14.439848,2026-05-13
0.879,1.2417545,1.805447,1.6603169781964437,2362.0,0.343,10.98917,aggregate,inference,on-demand,,2026-05-13 08:45:14.439848,2026-05-13
0.41359999999999997,0.7192955000000001,1.345028,1.1458174642615178,4428.0,0.0684,10.98917,aggregate,inference,all,,2026-05-13 08:45:14.439848,2026-05-13
1.27803,1.8909,3.48387,2.9095907969026547,565.0,0.13333,21.2,aggregate,training,spot,,2026-05-13 08:45:14.439848,2026-05-13
3.220090875,4.09,5.762968625,5.173198787988651,793.0,0.34088,21.2,aggregate,training,on-demand,,2026-05-13 08:45:14.439848,2026-05-13
1.99,3.557000125,4.775,4.231417849134757,1358.0,0.13333,21.2,aggregate,training,all,,2026-05-13 08:45:14.439848,2026-05-13
2.8,2.8,2.8,2.8,1.0,2.8,2.8,gpu_provider,A100,on-demand,vultr,2026-05-13 08:45:14.439848,2026-05-13
2.9,2.9,2.9,2.9,4.0,2.9,2.9,gpu_provider,B200,spot,nebius,2026-05-13 08:45:14.439848,2026-05-13
5.5,5.5,5.5,5.5,4.0,5.5,5.5,gpu_provider,B200,on-demand,nebius,2026-05-13 08:45:14.439848,2026-05-13
1.7114375,1.7115,1.711625,1.7115625,12.0,1.71125,1.712,gpu_provider,B200,spot,verda,2026-05-13 08:45:14.439848,2026-05-13
2.95,2.95,2.95,2.95,2.0,2.95,2.95,gpu_provider,H100,on-demand,nebius,2026-05-13 08:45:14.439848,2026-05-13
3.190724,3.6021,4.270636,3.5796103109756094,164.0,1.233702,4.624182375,gpu_provider,H100,spot,gcp,2026-05-13 08:45:14.439848,2026-05-13
5.596119875,10.97905825,12.51612875,9.19199803230337,89.0,5.3832685,15.830423875,gpu_provider,H100,on-demand,gcp,2026-05-13 08:45:14.439848,2026-05-13
0.8015,0.8015,0.8015,0.8015000000000003,15.0,0.8015,0.8015,gpu_provider,H100,spot,verda,2026-05-13 08:45:14.439848,2026-05-13
2.29,2.29,2.29,2.2899999999999996,15.0,2.29,2.29,gpu_provider,H100,on-demand,verda,2026-05-13 08:45:14.439848,2026-05-13
0.9350825,1.48734,1.80385,1.4416415443396227,265.0,0.13333,4.1170625,gpu,A100,spot,,2026-05-13 08:45:14.439848,2026-05-13
2.77848,3.747972,4.408,3.597951595641647,413.0,0.34088,8.1925,gpu,A100,on-demand,,2026-05-13 08:45:14.439848,2026-05-13
1.25,1.25,1.25,1.25,2.0,1.25,1.25,gpu_provider,H100,spot,nebius,2026-05-13 08:45:14.439848,2026-05-13
1.5596125,2.528061,4.0,2.755146044616519,678.0,0.13333,8.1925,gpu,A100,all,,2026-05-13 08:45:14.439848,2026-05-13
6.69,6.79,6.99,6.835977171717174,99.0,4.01317,11.277,gpu,B200,on-demand,,2026-05-13 08:45:14.439848,2026-05-13
4.0758,6.69,6.89,5.84703553030303,132.0,1.71125,11.277,gpu,B200,all,,2026-05-13 08:45:14.439848,2026-05-13
1.45,10.6,13.647499999999999,8.15379448275862,58.0,1.1865,21.2,gpu,H200,spot,,2026-05-13 08:45:14.439848,2026-05-13
3.5,10.6,13.515,8.863714830508476,59.0,3.37379,21.2,gpu,H200,on-demand,,2026-05-13 08:45:14.439848,2026-05-13
3.39,10.6,13.78,8.511788504273504,117.0,1.1865,21.2,gpu,H200,all,,2026-05-13 08:45:14.439848,2026-05-13
2.716143125,3.388947625,4.270636,3.3201758899521527,209.0,0.8015,10.142275,gpu,H100,spot,,2026-05-13 08:45:14.439848,2026-05-13
3.99,5.3832685,8.6,6.3814041210585595,222.0,1.53729,15.830423875,gpu,H100,on-demand,,2026-05-13 08:45:14.439848,2026-05-13
1.7115,2.9,4.0758,2.880210606060606,33.0,1.71125,4.891,gpu,B200,spot,,2026-05-13 08:45:14.439848,2026-05-13
6.88,8.256,8.944,8.385344,25.0,6.88,11.5584,gpu_provider,H100,on-demand,aws,2026-05-13 08:45:14.439848,2026-05-13
3.190724,4.09,5.442394,4.896957020591647,431.0,0.8015,15.830423875,gpu,H100,all,,2026-05-13 08:45:14.439848,2026-05-13
2.99,2.99,2.99,2.99,9.0,2.99,2.99,gpu_provider,H100,on-demand,runpod,2026-05-13 08:45:14.439848,2026-05-13
4.89,4.89,4.89,4.89,12.0,4.89,4.89,gpu_provider,B200,on-demand,verda,2026-05-13 08:45:14.439848,2026-05-13
12.561,13.25,13.835,13.62283870967742,31.0,10.6,21.2,gpu_provider,H200,spot,azure,2026-05-13 08:45:14.439848,2026-05-13
12.561,13.25,13.835,13.62283870967742,31.0,10.6,21.2,gpu_provider,H200,on-demand,azure,2026-05-13 08:45:14.439848,2026-05-13
3.0,3.16129,3.32258,3.16129,2.0,2.83871,3.48387,gpu_provider,H200,spot,vastai,2026-05-13 08:45:14.439848,2026-05-13
1.856659375,2.231725,4.08610625,3.7784166666666668,18.0,1.2287125,10.142275,gpu_provider,H100,spot,aws,2026-05-13 08:45:14.439848,2026-05-13
3.05,3.05,3.05,3.0500000000000003,7.0,3.05,3.05,gpu_provider,H200,spot,runpod,2026-05-13 08:45:14.439848,2026-05-13
3.99,3.99,3.99,3.9400000000000004,8.0,3.59,3.99,gpu_provider,H200,on-demand,runpod,2026-05-13 08:45:14.439848,2026-05-13
1.45,1.45,1.45,1.45,6.0,1.45,1.45,gpu_provider,H200,spot,nebius,2026-05-13 08:45:14.439848,2026-05-13
3.54968875,3.7255874999999996,3.9014862499999996,3.7255874999999996,2.0,3.37379,4.077385,gpu_provider,H200,on-demand,vastai,2026-05-13 08:45:14.439848,2026-05-13
1.1865,1.1865,1.186625,1.1866250000000003,12.0,1.1865,1.187,gpu_provider,H200,spot,verda,2026-05-13 08:45:14.439848,2026-05-13
3.39,3.39,3.39,3.39,12.0,3.39,3.39,gpu_provider,H200,on-demand,verda,2026-05-13 08:45:14.439848,2026-05-13
3.99,4.09,4.19,3.97,80.0,3.29,4.29,gpu_provider,H100,on-demand,lambdalabs,2026-05-13 08:45:14.439848,2026-05-13
1.46667,1.46667,1.46667,1.46667,1.0,1.46667,1.46667,gpu_provider,H100,spot,vastai,2026-05-13 08:45:14.439848,2026-05-13
1.53729,1.53729,1.53729,1.53729,1.0,1.53729,1.53729,gpu_provider,H100,on-demand,vastai,2026-05-13 08:45:14.439848,2026-05-13
2.653,2.653,2.653,2.653,1.0,2.653,2.653,gpu_provider,H100,on-demand,cudo,2026-05-13 08:45:14.439848,2026-05-13
2.54,2.54,2.54,2.54,9.0,2.54,2.54,gpu_provider,H100,spot,runpod,2026-05-13 08:45:14.439848,2026-05-13
3.5,3.5,3.5,3.5,6.0,3.5,3.5,gpu_provider,H200,on-demand,nebius,2026-05-13 08:45:14.439848,2026-05-13
0.33505,0.33505,0.33505,0.33505,1.0,0.33505,0.33505,gpu_provider,A100,on-demand,vastai,2026-05-14 08:38:05.095531,2026-05-14
1.0871718750000001,1.3571374999999999,1.4835812499999999,1.5223284722222221,18.0,0.31565,4.1170625,gpu_provider,A100,spot,aws,2026-05-14 08:38:05.095531,2026-05-14
3.1564675,3.43088125,3.801285,3.5327744761904762,21.0,2.744705,4.7027875,gpu_provider,A100,on-demand,aws,2026-05-14 08:38:05.095531,2026-05-14
2.0047,2.0047,2.0047,2.0047,1.0,2.0047,2.0047,gpu_provider,A100,on-demand,cudo,2026-05-14 08:38:05.095531,2026-05-14
1.99,1.99,2.79,2.2566666666666664,48.0,1.99,2.79,gpu_provider,A100,on-demand,lambdalabs,2026-05-14 08:38:05.095531,2026-05-14
1.689625,1.80385,2.001025,1.907592404017857,112.0,1.40574,2.79473225,gpu_provider,A100,spot,gcp,2026-05-14 08:38:05.095531,2026-05-14
2.49227125,3.6792675,4.04959090625,3.4898916517857144,112.0,2.16346,5.7077325,gpu_provider,A100,on-demand,gcp,2026-05-14 08:38:05.095531,2026-05-14
2.96875,4.0,4.0,3.5416666666666665,6.0,2.625,4.0,gpu_provider,B200,spot,vastai,2026-05-14 08:38:05.095531,2026-05-14
1.39,1.39,1.49,1.377142857142857,7.0,1.0,1.49,gpu_provider,A100,on-demand,runpod,2026-05-14 08:38:05.095531,2026-05-14
0.88242,0.9737775,1.331265,1.1541553863636365,110.0,0.67877,2.38177,gpu_provider,A100,spot,azure,2026-05-14 08:38:05.095531,2026-05-14
4.4075,4.775,5.14225,4.894703663793103,116.0,3.399625,8.1925,gpu_provider,A100,on-demand,azure,2026-05-14 08:38:05.095531,2026-05-14
0.2524,0.4515,0.4515,0.3851291666666667,18.0,0.252375,0.4515,gpu_provider,A100,spot,verda,2026-05-14 08:38:05.095531,2026-05-14
0.721125,1.29,1.29,1.1003708333333333,18.0,0.7211,1.29,gpu_provider,A100,on-demand,verda,2026-05-14 08:38:05.095531,2026-05-14
4.0758,4.0758,4.4834,4.2981333333333325,9.0,4.0758,4.891,gpu_provider,B200,spot,gcp,2026-05-14 08:38:05.095531,2026-05-14
11.277,11.277,11.277,11.277,11.0,11.277,11.277,gpu_provider,B200,on-demand,gcp,2026-05-14 08:38:05.095531,2026-05-14
0.13333,0.13333,0.13333,0.13333,1.0,0.13333,0.13333,gpu_provider,A100,spot,vastai,2026-05-14 08:38:05.095531,2026-05-14
1.18,1.225,1.27,1.16,6.0,0.79,1.27,gpu_provider,A100,spot,runpod,2026-05-14 08:38:05.095531,2026-05-14
2.8,2.8,2.8,2.8,1.0,2.8,2.8,gpu_provider,A100,on-demand,vultr,2026-05-14 08:38:05.095531,2026-05-14
1.109996,1.85145,3.5,2.8388637971913577,4050.0,0.343,25.92,provider,hyperscaler,on-demand,,2026-05-14 08:38:05.095531,2026-05-14
1.99,3.59605,4.89,4.244382754907408,1350.0,0.13333,21.2,aggregate,training,all,,2026-05-14 08:38:05.095531,2026-05-14
5.00798625,5.0194600000000005,5.02781,5.018070833333333,6.0,5.00694,5.02781,gpu_provider,B200,on-demand,vastai,2026-05-14 08:38:05.095531,2026-05-14
,2.112280701754386,,,,,,metric,hyperscaler_premium_h100,on-demand,,2026-05-14 08:38:05.095531,2026-05-14
,3.99,,,,,,metric,neocloud_median_h100,on-demand,,2026-05-14 08:38:05.095531,2026-05-14
,8.428,,,,,,metric,hyperscaler_median_h100,on-demand,,2026-05-14 08:38:05.095531,2026-05-14
3.14,3.99,4.19,3.6206822429906556,107.0,2.29,4.29,provider_h100,neocloud,on-demand,,2026-05-14 08:38:05.095531,2026-05-14
5.7193375,8.428,11.985552625,9.015100218201756,114.0,5.3832685,15.830423875,provider_h100,hyperscaler,on-demand,,2026-05-14 08:38:05.095531,2026-05-14
,1.0955325443786983,,,,,,metric,hyperscaler_premium_all,on-demand,,2026-05-14 08:38:05.095531,2026-05-14
3.05,3.525,4.0,3.525,88.0,3.05,4.0,gpu_provider,A100,on-demand,oci,2026-05-14 08:38:05.095531,2026-05-14
,1.69,,,,,,metric,neocloud_median_all,on-demand,,2026-05-14 08:38:05.095531,2026-05-14
0.51267,1.69,3.99,inf,680.0,0.0253775,inf,provider,neocloud,on-demand,,2026-05-14 08:38:05.095531,2026-05-14
,3.298760604201677,,,,,,metric,training_inference_ratio,on-demand,,2026-05-14 08:38:05.095531,2026-05-14
0.2722655,0.400476,0.557856,0.5571398979912875,2066.0,0.0684,9.1089,aggregate,inference,spot,,2026-05-14 08:38:05.095531,2026-05-14
0.87825,1.24175425,1.805447,1.6598470544030484,2362.0,0.343,10.98917,aggregate,inference,on-demand,,2026-05-14 08:38:05.095531,2026-05-14
0.413,0.7173780000000001,1.345028,1.1453499936201446,4428.0,0.0684,10.98917,aggregate,inference,all,,2026-05-14 08:38:05.095531,2026-05-14
1.277356,1.8909,3.545884,2.9173590378787884,561.0,0.13333,21.2,aggregate,training,spot,,2026-05-14 08:38:05.095531,2026-05-14
3.220090875,4.09625,5.762968625,5.187931937737643,789.0,0.33505,21.2,aggregate,training,on-demand,,2026-05-14 08:38:05.095531,2026-05-14
,1.85145,,,,,,metric,hyperscaler_median_all,on-demand,,2026-05-14 08:38:05.095531,2026-05-14
6.765000000000001,6.84,6.915,6.84,64.0,6.69,6.99,gpu_provider,B200,on-demand,lambdalabs,2026-05-14 08:38:05.095531,2026-05-14
1.7114375,1.7115,1.711625,1.7115625,12.0,1.71125,1.712,gpu_provider,B200,spot,verda,2026-05-14 08:38:05.095531,2026-05-14
5.5,5.5,5.5,5.5,4.0,5.5,5.5,gpu_provider,B200,on-demand,nebius,2026-05-14 08:38:05.095531,2026-05-14
3.190724,3.6021,4.270636,3.5796103109756094,164.0,1.233702,4.624182375,gpu_provider,H100,spot,gcp,2026-05-14 08:38:05.095531,2026-05-14
5.596119875,10.97905825,12.51612875,9.19199803230337,89.0,5.3832685,15.830423875,gpu_provider,H100,on-demand,gcp,2026-05-14 08:38:05.095531,2026-05-14
0.8015,0.8015,0.8015,0.8015000000000003,15.0,0.8015,0.8015,gpu_provider,H100,spot,verda,2026-05-14 08:38:05.095531,2026-05-14
2.29,2.29,2.29,2.2899999999999996,15.0,2.29,2.29,gpu_provider,H100,on-demand,verda,2026-05-14 08:38:05.095531,2026-05-14
0.9350825,1.48734,1.80385,1.4416415443396227,265.0,0.13333,4.1170625,gpu,A100,spot,,2026-05-14 08:38:05.095531,2026-05-14
2.77848,3.747972,4.408,3.5979374794188863,413.0,0.33505,8.1925,gpu,A100,on-demand,,2026-05-14 08:38:05.095531,2026-05-14
1.5596125,2.528061,4.0,2.75513744579646,678.0,0.13333,8.1925,gpu,A100,all,,2026-05-14 08:38:05.095531,2026-05-14
2.95,2.95,2.95,2.95,2.0,2.95,2.95,gpu_provider,H100,on-demand,nebius,2026-05-14 08:38:05.095531,2026-05-14
1.7115,2.9,4.0758,2.9700629032258066,31.0,1.71125,4.891,gpu,B200,spot,,2026-05-14 08:38:05.095531,2026-05-14
4.89,6.69,6.89,5.9739638671875,128.0,1.71125,11.277,gpu,B200,all,,2026-05-14 08:38:05.095531,2026-05-14
1.45,10.6,13.78,8.247041578947368,57.0,1.1865,21.2,gpu,H200,spot,,2026-05-14 08:38:05.095531,2026-05-14
3.5,10.6,13.647499999999999,8.958625344827587,58.0,3.39,21.2,gpu,H200,on-demand,,2026-05-14 08:38:05.095531,2026-05-14
3.39,10.6,13.78,8.605927304347826,115.0,1.1865,21.2,gpu,H200,all,,2026-05-14 08:38:05.095531,2026-05-14
2.7290652499999997,3.4127958124999997,4.270636,3.329086975961538,208.0,0.8015,10.142275,gpu,H100,spot,,2026-05-14 08:38:05.095531,2026-05-14
3.99,5.3832685,8.6,6.4033231894796385,221.0,2.29,15.830423875,gpu,H100,on-demand,,2026-05-14 08:38:05.095531,2026-05-14
3.199753125,4.09,5.442394,4.912784419289044,429.0,0.8015,15.830423875,gpu,H100,all,,2026-05-14 08:38:05.095531,2026-05-14
6.69,6.79,6.99,6.933973453608247,97.0,4.89,11.277,gpu,B200,on-demand,,2026-05-14 08:38:05.095531,2026-05-14
1.25,1.25,1.25,1.25,2.0,1.25,1.25,gpu_provider,H100,spot,nebius,2026-05-14 08:38:05.095531,2026-05-14
2.9,2.9,2.9,2.9,4.0,2.9,2.9,gpu_provider,B200,spot,nebius,2026-05-14 08:38:05.095531,2026-05-14
1.856659375,2.231725,4.08610625,3.7784166666666668,18.0,1.2287125,10.142275,gpu_provider,H100,spot,aws,2026-05-14 08:38:05.095531,2026-05-14
6.88,8.256,8.944,8.385344,25.0,6.88,11.5584,gpu_provider,H100,on-demand,aws,2026-05-14 08:38:05.095531,2026-05-14
4.89,4.89,4.89,4.89,12.0,4.89,4.89,gpu_provider,B200,on-demand,verda,2026-05-14 08:38:05.095531,2026-05-14
12.561,13.25,13.835,13.62283870967742,31.0,10.6,21.2,gpu_provider,H200,spot,azure,2026-05-14 08:38:05.095531,2026-05-14
12.561,13.25,13.835,13.62283870967742,31.0,10.6,21.2,gpu_provider,H200,on-demand,azure,2026-05-14 08:38:05.095531,2026-05-14
3.48387,3.48387,3.48387,3.48387,1.0,3.48387,3.48387,gpu_provider,H200,spot,vastai,2026-05-14 08:38:05.095531,2026-05-14
3.05,3.05,3.05,3.0500000000000003,7.0,3.05,3.05,gpu_provider,H200,spot,runpod,2026-05-14 08:38:05.095531,2026-05-14
3.99,3.99,3.99,3.9400000000000004,8.0,3.59,3.99,gpu_provider,H200,on-demand,runpod,2026-05-14 08:38:05.095531,2026-05-14
4.09227,4.09227,4.09227,4.09227,1.0,4.09227,4.09227,gpu_provider,H200,on-demand,vastai,2026-05-14 08:38:05.095531,2026-05-14
3.5,3.5,3.5,3.5,6.0,3.5,3.5,gpu_provider,H200,on-demand,nebius,2026-05-14 08:38:05.095531,2026-05-14
1.1865,1.1865,1.186625,1.1866250000000003,12.0,1.1865,1.187,gpu_provider,H200,spot,verda,2026-05-14 08:38:05.095531,2026-05-14
3.39,3.39,3.39,3.39,12.0,3.39,3.39,gpu_provider,H200,on-demand,verda,2026-05-14 08:38:05.095531,2026-05-14
3.99,4.09,4.19,3.97,80.0,3.29,4.29,gpu_provider,H100,on-demand,lambdalabs,2026-05-14 08:38:05.095531,2026-05-14
2.653,2.653,2.653,2.653,1.0,2.653,2.653,gpu_provider,H100,on-demand,cudo,2026-05-14 08:38:05.095531,2026-05-14
2.54,2.54,2.54,2.54,9.0,2.54,2.54,gpu_provider,H100,spot,runpod,2026-05-14 08:38:05.095531,2026-05-14
2.99,2.99,2.99,2.99,9.0,2.99,2.99,gpu_provider,H100,on-demand,runpod,2026-05-14 08:38:05.095531,2026-05-14
1.45,1.45,1.45,1.45,6.0,1.45,1.45,gpu_provider,H200,spot,nebius,2026-05-14 08:38:05.095531,2026-05-14
1.39,1.39,1.49,1.377142857142857,7.0,1.0,1.49,gpu_provider,A100,on-demand,runpod,2026-05-15 08:49:20.699243,2026-05-15
2.0047,2.0047,2.0047,2.0047,1.0,2.0047,2.0047,gpu_provider,A100,on-demand,cudo,2026-05-15 08:49:20.699243,2026-05-15
1.99,1.99,2.79,2.2566666666666664,48.0,1.99,2.79,gpu_provider,A100,on-demand,lambdalabs,2026-05-15 08:49:20.699243,2026-05-15
1.689625,1.80385,2.001025,1.907592404017857,112.0,1.40574,2.79473225,gpu_provider,A100,spot,gcp,2026-05-15 08:49:20.699243,2026-05-15
2.49227125,3.6792675,4.04959090625,3.4898916517857144,112.0,2.16346,5.7077325,gpu_provider,A100,on-demand,gcp,2026-05-15 08:49:20.699243,2026-05-15
1.18,1.225,1.27,1.16,6.0,0.79,1.27,gpu_provider,A100,spot,runpod,2026-05-15 08:49:20.699243,2026-05-15
0.88242,0.9737775,1.331265,1.1541553863636365,110.0,0.67877,2.38177,gpu_provider,A100,spot,azure,2026-05-15 08:49:20.699243,2026-05-15
6.765000000000001,6.84,6.915,6.84,64.0,6.69,6.99,gpu_provider,B200,on-demand,lambdalabs,2026-05-15 08:49:20.699243,2026-05-15
0.2524,0.4515,0.4515,0.3851291666666667,18.0,0.252375,0.4515,gpu_provider,A100,spot,verda,2026-05-15 08:49:20.699243,2026-05-15
0.721125,1.29,1.29,1.1003708333333333,18.0,0.7211,1.29,gpu_provider,A100,on-demand,verda,2026-05-15 08:49:20.699243,2026-05-15
4.0758,4.0758,4.4834,4.2981333333333325,9.0,4.0758,4.891,gpu_provider,B200,spot,gcp,2026-05-15 08:49:20.699243,2026-05-15
11.277,11.277,11.277,11.277,11.0,11.277,11.277,gpu_provider,B200,on-demand,gcp,2026-05-15 08:49:20.699243,2026-05-15
2.625,2.9375,4.0,3.2375,10.0,2.625,4.0,gpu_provider,B200,spot,vastai,2026-05-15 08:49:20.699243,2026-05-15
3.8825812500000003,5.0102875000000004,5.0272274999999995,4.5523045,10.0,3.69297,5.02781,gpu_provider,B200,on-demand,vastai,2026-05-15 08:49:20.699243,2026-05-15
3.1564675,3.43088125,3.801285,3.5327744761904762,21.0,2.744705,4.7027875,gpu_provider,A100,on-demand,aws,2026-05-15 08:49:20.699243,2026-05-15
2.9,2.9,2.9,2.9,4.0,2.9,2.9,gpu_provider,B200,spot,nebius,2026-05-15 08:49:20.699243,2026-05-15
4.4075,4.775,5.14225,4.894703663793103,116.0,3.399625,8.1925,gpu_provider,A100,on-demand,azure,2026-05-15 08:49:20.699243,2026-05-15
1.0871718750000001,1.3571374999999999,1.4835812499999999,1.5223284722222221,18.0,0.31565,4.1170625,gpu_provider,A100,spot,aws,2026-05-15 08:49:20.699243,2026-05-15
0.2726,0.400476,0.557856,0.5572805613801454,2065.0,0.0684,9.1089,aggregate,inference,spot,,2026-05-15 08:49:20.699243,2026-05-15
3.05,3.525,4.0,3.525,88.0,3.05,4.0,gpu_provider,A100,on-demand,oci,2026-05-15 08:49:20.699243,2026-05-15
,2.112280701754386,,,,,,metric,hyperscaler_premium_h100,on-demand,,2026-05-15 08:49:20.699243,2026-05-15
5.5,5.5,5.5,5.5,4.0,5.5,5.5,gpu_provider,B200,on-demand,nebius,2026-05-15 08:49:20.699243,2026-05-15
,8.428,,,,,,metric,hyperscaler_median_h100,on-demand,,2026-05-15 08:49:20.699243,2026-05-15
2.99,3.99,4.19,3.6014002777777785,108.0,1.53823,4.29,provider_h100,neocloud,on-demand,,2026-05-15 08:49:20.699243,2026-05-15
5.7193375,8.428,11.985552625,9.015100218201756,114.0,5.3832685,15.830423875,provider_h100,hyperscaler,on-demand,,2026-05-15 08:49:20.699243,2026-05-15
,1.0862416432232005,,,,,,metric,hyperscaler_premium_all,on-demand,,2026-05-15 08:49:20.699243,2026-05-15
,1.7044549999999998,,,,,,metric,neocloud_median_all,on-demand,,2026-05-15 08:49:20.699243,2026-05-15
2.8,2.8,2.8,2.8,1.0,2.8,2.8,gpu_provider,A100,on-demand,vultr,2026-05-15 08:49:20.699243,2026-05-15
,1.85145,,,,,,metric,hyperscaler_median_all,on-demand,,2026-05-15 08:49:20.699243,2026-05-15
1.109996,1.85145,3.5,2.8388637971913577,4050.0,0.343,25.92,provider,hyperscaler,on-demand,,2026-05-15 08:49:20.699243,2026-05-15
,3.298759940068669,,,,,,metric,training_inference_ratio,on-demand,,2026-05-15 08:49:20.699243,2026-05-15
0.879,1.2417545,1.805447,1.6602729913172385,2361.0,0.343,10.98917,aggregate,inference,on-demand,,2026-05-15 08:49:20.699243,2026-05-15
0.4132,0.7184,1.345028,1.1456594875169452,4426.0,0.0684,10.98917,aggregate,inference,all,,2026-05-15 08:49:20.699243,2026-05-15
1.27803,1.94665,3.545884,2.9187553278761063,565.0,0.252375,21.2,aggregate,training,spot,,2026-05-15 08:49:20.699243,2026-05-15
3.220090875,4.09625,5.762968625,5.183082898959647,793.0,0.7211,21.2,aggregate,training,on-demand,,2026-05-15 08:49:20.699243,2026-05-15
1.99,3.59605,4.89,4.241002576675258,1358.0,0.252375,21.2,aggregate,training,all,,2026-05-15 08:49:20.699243,2026-05-15
0.6425000000000001,1.7044549999999998,3.99,inf,678.0,0.028155,inf,provider,neocloud,on-demand,,2026-05-15 08:49:20.699243,2026-05-15
,3.99,,,,,,metric,neocloud_median_h100,on-demand,,2026-05-15 08:49:20.699243,2026-05-15
1.7114375,1.7115,1.711625,1.7115625,12.0,1.71125,1.712,gpu_provider,B200,spot,verda,2026-05-15 08:49:20.699243,2026-05-15
12.561,13.25,13.835,13.62283870967742,31.0,10.6,21.2,gpu_provider,H200,spot,azure,2026-05-15 08:49:20.699243,2026-05-15
5.596119875,10.97905825,12.51612875,9.19199803230337,89.0,5.3832685,15.830423875,gpu_provider,H100,on-demand,gcp,2026-05-15 08:49:20.699243,2026-05-15
0.8015,0.8015,0.8015,0.8015000000000003,15.0,0.8015,0.8015,gpu_provider,H100,spot,verda,2026-05-15 08:49:20.699243,2026-05-15
2.29,2.29,2.29,2.2899999999999996,15.0,2.29,2.29,gpu_provider,H100,on-demand,verda,2026-05-15 08:49:20.699243,2026-05-15
0.94645175,1.48734,1.80385,1.4465972698863638,264.0,0.252375,4.1170625,gpu,A100,spot,,2026-05-15 08:49:20.699243,2026-05-15
2.77848,3.747972,4.408,3.6058571092233005,412.0,0.7211,8.1925,gpu,A100,on-demand,,2026-05-15 08:49:20.699243,2026-05-15
1.7117499999999999,2.9,4.0379000000000005,2.9484842857142857,35.0,1.71125,4.891,gpu,B200,spot,,2026-05-15 08:49:20.699243,2026-05-15
5.5,6.79,6.99,6.811980643564358,101.0,3.69297,11.277,gpu,B200,on-demand,,2026-05-15 08:49:20.699243,2026-05-15
4.0758,6.69,6.89,5.817698492647059,136.0,1.71125,11.277,gpu,B200,all,,2026-05-15 08:49:20.699243,2026-05-15
1.45,10.6,13.78,8.247041578947368,57.0,1.1865,21.2,gpu,H200,spot,,2026-05-15 08:49:20.699243,2026-05-15
3.5,10.6,13.647499999999999,8.963601896551724,58.0,3.39,21.2,gpu,H200,on-demand,,2026-05-15 08:49:20.699243,2026-05-15
3.39,10.6,13.78,8.608437217391305,115.0,1.1865,21.2,gpu,H200,all,,2026-05-15 08:49:20.699243,2026-05-15
2.716143125,3.388947625,4.270636,3.3201758899521527,209.0,0.8015,10.142275,gpu,H100,spot,,2026-05-15 08:49:20.699243,2026-05-15
3.99,5.3832685,8.6,6.381408355292794,222.0,1.53823,15.830423875,gpu,H100,on-demand,,2026-05-15 08:49:20.699243,2026-05-15
3.190724,4.09,5.442394,4.896959201566125,431.0,0.8015,15.830423875,gpu,H100,all,,2026-05-15 08:49:20.699243,2026-05-15
4.89,4.89,4.89,4.89,12.0,4.89,4.89,gpu_provider,B200,on-demand,verda,2026-05-15 08:49:20.699243,2026-05-15
3.190724,3.6021,4.270636,3.5796103109756094,164.0,1.233702,4.624182375,gpu_provider,H100,spot,gcp,2026-05-15 08:49:20.699243,2026-05-15
2.95,2.95,2.95,2.95,2.0,2.95,2.95,gpu_provider,H100,on-demand,nebius,2026-05-15 08:49:20.699243,2026-05-15
1.57366,2.528061,4.0,2.7625958701923077,676.0,0.252375,8.1925,gpu,A100,all,,2026-05-15 08:49:20.699243,2026-05-15
6.88,8.256,8.944,8.385344,25.0,6.88,11.5584,gpu_provider,H100,on-demand,aws,2026-05-15 08:49:20.699243,2026-05-15
1.25,1.25,1.25,1.25,2.0,1.25,1.25,gpu_provider,H100,spot,nebius,2026-05-15 08:49:20.699243,2026-05-15
3.48387,3.48387,3.48387,3.48387,1.0,3.48387,3.48387,gpu_provider,H200,spot,vastai,2026-05-15 08:49:20.699243,2026-05-15
4.38091,4.38091,4.38091,4.38091,1.0,4.38091,4.38091,gpu_provider,H200,on-demand,vastai,2026-05-15 08:49:20.699243,2026-05-15
3.05,3.05,3.05,3.0500000000000003,7.0,3.05,3.05,gpu_provider,H200,spot,runpod,2026-05-15 08:49:20.699243,2026-05-15
3.99,3.99,3.99,3.9400000000000004,8.0,3.59,3.99,gpu_provider,H200,on-demand,runpod,2026-05-15 08:49:20.699243,2026-05-15
1.45,1.45,1.45,1.45,6.0,1.45,1.45,gpu_provider,H200,spot,nebius,2026-05-15 08:49:20.699243,2026-05-15
3.5,3.5,3.5,3.5,6.0,3.5,3.5,gpu_provider,H200,on-demand,nebius,2026-05-15 08:49:20.699243,2026-05-15
1.1865,1.1865,1.186625,1.1866250000000003,12.0,1.1865,1.187,gpu_provider,H200,spot,verda,2026-05-15 08:49:20.699243,2026-05-15
12.561,13.25,13.835,13.62283870967742,31.0,10.6,21.2,gpu_provider,H200,on-demand,azure,2026-05-15 08:49:20.699243,2026-05-15
3.99,4.09,4.19,3.97,80.0,3.29,4.29,gpu_provider,H100,on-demand,lambdalabs,2026-05-15 08:49:20.699243,2026-05-15
2.653,2.653,2.653,2.653,1.0,2.653,2.653,gpu_provider,H100,on-demand,cudo,2026-05-15 08:49:20.699243,2026-05-15
2.54,2.54,2.54,2.54,9.0,2.54,2.54,gpu_provider,H100,spot,runpod,2026-05-15 08:49:20.699243,2026-05-15
2.99,2.99,2.99,2.99,9.0,2.99,2.99,gpu_provider,H100,on-demand,runpod,2026-05-15 08:49:20.699243,2026-05-15
1.46667,1.46667,1.46667,1.46667,1.0,1.46667,1.46667,gpu_provider,H100,spot,vastai,2026-05-15 08:49:20.699243,2026-05-15
1.53823,1.53823,1.53823,1.53823,1.0,1.53823,1.53823,gpu_provider,H100,on-demand,vastai,2026-05-15 08:49:20.699243,2026-05-15
1.856659375,2.231725,4.08610625,3.7784166666666668,18.0,1.2287125,10.142275,gpu_provider,H100,spot,aws,2026-05-15 08:49:20.699243,2026-05-15
3.39,3.39,3.39,3.39,12.0,3.39,3.39,gpu_provider,H200,on-demand,verda,2026-05-15 08:49:20.699243,2026-05-15
1.0871718750000001,1.3571374999999999,1.4835812499999999,1.5223284722222221,18.0,0.31565,4.1170625,gpu_provider,A100,spot,aws,2026-05-16 08:05:12.731815,2026-05-16
3.1564675,3.43088125,3.801285,3.5327744761904762,21.0,2.744705,4.7027875,gpu_provider,A100,on-demand,aws,2026-05-16 08:05:12.731815,2026-05-16
2.0047,2.0047,2.0047,2.0047,1.0,2.0047,2.0047,gpu_provider,A100,on-demand,cudo,2026-05-16 08:05:12.731815,2026-05-16
1.99,1.99,2.79,2.2566666666666664,48.0,1.99,2.79,gpu_provider,A100,on-demand,lambdalabs,2026-05-16 08:05:12.731815,2026-05-16
1.689625,1.80385,2.001025,1.907592404017857,112.0,1.40574,2.79473225,gpu_provider,A100,spot,gcp,2026-05-16 08:05:12.731815,2026-05-16
2.49227125,3.6792675,4.04959090625,3.4898916517857144,112.0,2.16346,5.7077325,gpu_provider,A100,on-demand,gcp,2026-05-16 08:05:12.731815,2026-05-16
1.18,1.225,1.27,1.16,6.0,0.79,1.27,gpu_provider,A100,spot,runpod,2026-05-16 08:05:12.731815,2026-05-16
0.2524,0.4515,0.4515,0.3851291666666667,18.0,0.252375,0.4515,gpu_provider,A100,spot,verda,2026-05-16 08:05:12.731815,2026-05-16
0.88242,0.9737775,1.331265,1.1541553863636365,110.0,0.67877,2.38177,gpu_provider,A100,spot,azure,2026-05-16 08:05:12.731815,2026-05-16
4.4075,4.775,5.14225,4.894703663793103,116.0,3.399625,8.1925,gpu_provider,A100,on-demand,azure,2026-05-16 08:05:12.731815,2026-05-16
0.721125,1.29,1.29,1.1003708333333333,18.0,0.7211,1.29,gpu_provider,A100,on-demand,verda,2026-05-16 08:05:12.731815,2026-05-16
4.0758,4.0758,4.4834,4.2981333333333325,9.0,4.0758,4.891,gpu_provider,B200,spot,gcp,2026-05-16 08:05:12.731815,2026-05-16
11.277,11.277,11.277,11.277,11.0,11.277,11.277,gpu_provider,B200,on-demand,gcp,2026-05-16 08:05:12.731815,2026-05-16
2.625,2.7,2.7,2.8722222222222222,9.0,2.625,4.0,gpu_provider,B200,spot,vastai,2026-05-16 08:05:12.731815,2026-05-16
2.8,2.8,2.8,2.8,1.0,2.8,2.8,gpu_provider,A100,on-demand,vultr,2026-05-16 08:05:12.731815,2026-05-16
1.39,1.39,1.49,1.377142857142857,7.0,1.0,1.49,gpu_provider,A100,on-demand,runpod,2026-05-16 08:05:12.731815,2026-05-16
3.05,3.525,4.0,3.525,88.0,3.05,4.0,gpu_provider,A100,on-demand,oci,2026-05-16 08:05:12.731815,2026-05-16
4.001155,4.063065,5.0069875,4.430411250000001,9.0,3.7809025,5.00699,gpu_provider,B200,on-demand,vastai,2026-05-16 08:05:12.731815,2026-05-16
3.2200909375,4.09,5.762968625,5.18709977891909,791.0,0.7211,21.2,aggregate,training,on-demand,,2026-05-16 08:05:12.731815,2026-05-16
,2.112280701754386,,,,,,metric,hyperscaler_premium_h100,on-demand,,2026-05-16 08:05:12.731815,2026-05-16
,3.99,,,,,,metric,neocloud_median_h100,on-demand,,2026-05-16 08:05:12.731815,2026-05-16
,8.428,,,,,,metric,hyperscaler_median_h100,on-demand,,2026-05-16 08:05:12.731815,2026-05-16
3.14,3.99,4.19,3.6206822429906556,107.0,2.29,4.29,provider_h100,neocloud,on-demand,,2026-05-16 08:05:12.731815,2026-05-16
5.7193375,8.428,11.985552625,9.015100218201756,114.0,5.3832685,15.830423875,provider_h100,hyperscaler,on-demand,,2026-05-16 08:05:12.731815,2026-05-16
,1.0955325443786983,,,,,,metric,hyperscaler_premium_all,on-demand,,2026-05-16 08:05:12.731815,2026-05-16
,1.69,,,,,,metric,neocloud_median_all,on-demand,,2026-05-16 08:05:12.731815,2026-05-16
,1.85145,,,,,,metric,hyperscaler_median_all,on-demand,,2026-05-16 08:05:12.731815,2026-05-16
0.550343125,1.69,3.99,inf,680.0,0.02787,inf,provider,neocloud,on-demand,,2026-05-16 08:05:12.731815,2026-05-16
1.109996,1.85145,3.5,2.8388637971913577,4050.0,0.343,25.92,provider,hyperscaler,on-demand,,2026-05-16 08:05:12.731815,2026-05-16
,3.2937274021812284,,,,,,metric,training_inference_ratio,on-demand,,2026-05-16 08:05:12.731815,2026-05-16
0.2722655,0.400476,0.557856,0.5571398979912875,2066.0,0.0684,9.1089,aggregate,inference,spot,,2026-05-16 08:05:12.731815,2026-05-16
0.87825,1.24175425,1.805447,1.6598460383149873,2362.0,0.343,10.98917,aggregate,inference,on-demand,,2026-05-16 08:05:12.731815,2026-05-16
0.413,0.7173780000000001,1.345028,1.1453494516147245,4428.0,0.0684,10.98917,aggregate,inference,all,,2026-05-16 08:05:12.731815,2026-05-16
1.27803,1.94665,3.5148770000000003,2.914929112344583,563.0,0.252375,21.2,aggregate,training,spot,,2026-05-16 08:05:12.731815,2026-05-16
1.99,3.576881625,4.89,4.2423198045605615,1354.0,0.252375,21.2,aggregate,training,all,,2026-05-16 08:05:12.731815,2026-05-16
6.765000000000001,6.84,6.915,6.84,64.0,6.69,6.99,gpu_provider,B200,on-demand,lambdalabs,2026-05-16 08:05:12.731815,2026-05-16
2.9,2.9,2.9,2.9,4.0,2.9,2.9,gpu_provider,B200,spot,nebius,2026-05-16 08:05:12.731815,2026-05-16
5.5,5.5,5.5,5.5,4.0,5.5,5.5,gpu_provider,B200,on-demand,nebius,2026-05-16 08:05:12.731815,2026-05-16
3.190724,3.6021,4.270636,3.5796103109756094,164.0,1.233702,4.624182375,gpu_provider,H100,spot,gcp,2026-05-16 08:05:12.731815,2026-05-16
5.596119875,10.97905825,12.51612875,9.19199803230337,89.0,5.3832685,15.830423875,gpu_provider,H100,on-demand,gcp,2026-05-16 08:05:12.731815,2026-05-16
0.8015,0.8015,0.8015,0.8015000000000003,15.0,0.8015,0.8015,gpu_provider,H100,spot,verda,2026-05-16 08:05:12.731815,2026-05-16
2.29,2.29,2.29,2.2899999999999996,15.0,2.29,2.29,gpu_provider,H100,on-demand,verda,2026-05-16 08:05:12.731815,2026-05-16
0.94645175,1.48734,1.80385,1.4465972698863638,264.0,0.252375,4.1170625,gpu,A100,spot,,2026-05-16 08:05:12.731815,2026-05-16
2.77848,3.747972,4.408,3.6058571092233005,412.0,0.7211,8.1925,gpu,A100,on-demand,,2026-05-16 08:05:12.731815,2026-05-16
1.711625,2.7,4.05685,2.843292647058824,34.0,1.71125,4.891,gpu,B200,spot,,2026-05-16 08:05:12.731815,2026-05-16
6.3925,6.79,6.99,6.823607012500002,100.0,3.7809025,11.277,gpu,B200,on-demand,,2026-05-16 08:05:12.731815,2026-05-16
4.0758,6.69,6.89,5.813676501865672,134.0,1.71125,11.277,gpu,B200,all,,2026-05-16 08:05:12.731815,2026-05-16
1.45,10.6,13.78,8.247041578947368,57.0,1.1865,21.2,gpu,H200,spot,,2026-05-16 08:05:12.731815,2026-05-16
3.5,10.6,13.647499999999999,8.963580517241379,58.0,3.39,21.2,gpu,H200,on-demand,,2026-05-16 08:05:12.731815,2026-05-16
3.39,10.6,13.78,8.60842643478261,115.0,1.1865,21.2,gpu,H200,all,,2026-05-16 08:05:12.731815,2026-05-16
2.7290652499999997,3.4127958124999997,4.270636,3.329086975961538,208.0,0.8015,10.142275,gpu,H100,spot,,2026-05-16 08:05:12.731815,2026-05-16
3.99,5.3832685,8.6,6.4033231894796385,221.0,2.29,15.830423875,gpu,H100,on-demand,,2026-05-16 08:05:12.731815,2026-05-16
3.199753125,4.09,5.442394,4.912784419289044,429.0,0.8015,15.830423875,gpu,H100,all,,2026-05-16 08:05:12.731815,2026-05-16
2.95,2.95,2.95,2.95,2.0,2.95,2.95,gpu_provider,H100,on-demand,nebius,2026-05-16 08:05:12.731815,2026-05-16
1.25,1.25,1.25,1.25,2.0,1.25,1.25,gpu_provider,H100,spot,nebius,2026-05-16 08:05:12.731815,2026-05-16
1.57366,2.528061,4.0,2.7625958701923077,676.0,0.252375,8.1925,gpu,A100,all,,2026-05-16 08:05:12.731815,2026-05-16
1.856659375,2.231725,4.08610625,3.7784166666666668,18.0,1.2287125,10.142275,gpu_provider,H100,spot,aws,2026-05-16 08:05:12.731815,2026-05-16
6.88,8.256,8.944,8.385344,25.0,6.88,11.5584,gpu_provider,H100,on-demand,aws,2026-05-16 08:05:12.731815,2026-05-16
4.89,4.89,4.89,4.89,12.0,4.89,4.89,gpu_provider,B200,on-demand,verda,2026-05-16 08:05:12.731815,2026-05-16
12.561,13.25,13.835,13.62283870967742,31.0,10.6,21.2,gpu_provider,H200,spot,azure,2026-05-16 08:05:12.731815,2026-05-16
12.561,13.25,13.835,13.62283870967742,31.0,10.6,21.2,gpu_provider,H200,on-demand,azure,2026-05-16 08:05:12.731815,2026-05-16
3.48387,3.48387,3.48387,3.48387,1.0,3.48387,3.48387,gpu_provider,H200,spot,vastai,2026-05-16 08:05:12.731815,2026-05-16
4.37967,4.37967,4.37967,4.37967,1.0,4.37967,4.37967,gpu_provider,H200,on-demand,vastai,2026-05-16 08:05:12.731815,2026-05-16
3.05,3.05,3.05,3.0500000000000003,7.0,3.05,3.05,gpu_provider,H200,spot,runpod,2026-05-16 08:05:12.731815,2026-05-16
3.99,3.99,3.99,3.9400000000000004,8.0,3.59,3.99,gpu_provider,H200,on-demand,runpod,2026-05-16 08:05:12.731815,2026-05-16
1.7114375,1.7115,1.711625,1.7115625,12.0,1.71125,1.712,gpu_provider,B200,spot,verda,2026-05-16 08:05:12.731815,2026-05-16
3.5,3.5,3.5,3.5,6.0,3.5,3.5,gpu_provider,H200,on-demand,nebius,2026-05-16 08:05:12.731815,2026-05-16
1.1865,1.1865,1.186625,1.1866250000000003,12.0,1.1865,1.187,gpu_provider,H200,spot,verda,2026-05-16 08:05:12.731815,2026-05-16
3.39,3.39,3.39,3.39,12.0,3.39,3.39,gpu_provider,H200,on-demand,verda,2026-05-16 08:05:12.731815,2026-05-16
3.99,4.09,4.19,3.97,80.0,3.29,4.29,gpu_provider,H100,on-demand,lambdalabs,2026-05-16 08:05:12.731815,2026-05-16
2.653,2.653,2.653,2.653,1.0,2.653,2.653,gpu_provider,H100,on-demand,cudo,2026-05-16 08:05:12.731815,2026-05-16
2.54,2.54,2.54,2.54,9.0,2.54,2.54,gpu_provider,H100,spot,runpod,2026-05-16 08:05:12.731815,2026-05-16
2.99,2.99,2.99,2.99,9.0,2.99,2.99,gpu_provider,H100,on-demand,runpod,2026-05-16 08:05:12.731815,2026-05-16
1.45,1.45,1.45,1.45,6.0,1.45,1.45,gpu_provider,H200,spot,nebius,2026-05-16 08:05:12.731815,2026-05-16
0.35333375,0.6,0.6,0.43555583333333336,3.0,0.1066675,0.6,gpu_provider,A100,spot,vastai,2026-05-17 08:22:14.670389,2026-05-17
0.4626,0.6408325,0.640833125,0.5220112499999999,3.0,0.2843675,0.64083375,gpu_provider,A100,on-demand,vastai,2026-05-17 08:22:14.670389,2026-05-17
1.0871718750000001,1.3571374999999999,1.4835812499999999,1.5223284722222221,18.0,0.31565,4.1170625,gpu_provider,A100,spot,aws,2026-05-17 08:22:14.670389,2026-05-17
3.1564675,3.43088125,3.801285,3.5327744761904762,21.0,2.744705,4.7027875,gpu_provider,A100,on-demand,aws,2026-05-17 08:22:14.670389,2026-05-17
2.0047,2.0047,2.0047,2.0047,1.0,2.0047,2.0047,gpu_provider,A100,on-demand,cudo,2026-05-17 08:22:14.670389,2026-05-17
1.99,1.99,2.79,2.2566666666666664,48.0,1.99,2.79,gpu_provider,A100,on-demand,lambdalabs,2026-05-17 08:22:14.670389,2026-05-17
1.689625,1.80385,2.001025,1.907592404017857,112.0,1.40574,2.79473225,gpu_provider,A100,spot,gcp,2026-05-17 08:22:14.670389,2026-05-17
2.49227125,3.6792675,4.04959090625,3.4898916517857144,112.0,2.16346,5.7077325,gpu_provider,A100,on-demand,gcp,2026-05-17 08:22:14.670389,2026-05-17
0.2524,0.4515,0.4515,0.3851291666666667,18.0,0.252375,0.4515,gpu_provider,A100,spot,verda,2026-05-17 08:22:14.670389,2026-05-17
1.39,1.39,1.49,1.377142857142857,7.0,1.0,1.49,gpu_provider,A100,on-demand,runpod,2026-05-17 08:22:14.670389,2026-05-17
0.88242,0.9737775,1.331265,1.1541553863636365,110.0,0.67877,2.38177,gpu_provider,A100,spot,azure,2026-05-17 08:22:14.670389,2026-05-17
4.4075,4.775,5.14225,4.894703663793103,116.0,3.399625,8.1925,gpu_provider,A100,on-demand,azure,2026-05-17 08:22:14.670389,2026-05-17
0.721125,1.29,1.29,1.1003708333333333,18.0,0.7211,1.29,gpu_provider,A100,on-demand,verda,2026-05-17 08:22:14.670389,2026-05-17
4.0758,4.0758,4.4834,4.2981333333333325,9.0,4.0758,4.891,gpu_provider,B200,spot,gcp,2026-05-17 08:22:14.670389,2026-05-17
11.277,11.277,11.277,11.277,11.0,11.277,11.277,gpu_provider,B200,on-demand,gcp,2026-05-17 08:22:14.670389,2026-05-17
2.625,3.15,3.625,3.161363636363636,11.0,2.625,4.0,gpu_provider,B200,spot,vastai,2026-05-17 08:22:14.670389,2026-05-17
1.18,1.225,1.27,1.16,6.0,0.79,1.27,gpu_provider,A100,spot,runpod,2026-05-17 08:22:14.670389,2026-05-17
2.8,2.8,2.8,2.8,1.0,2.8,2.8,gpu_provider,A100,on-demand,vultr,2026-05-17 08:22:14.670389,2026-05-17
,2.112280701754386,,,,,,metric,hyperscaler_premium_h100,on-demand,,2026-05-17 08:22:14.670389,2026-05-17
1.99,3.557000125,4.775,4.2140842367893585,1372.0,0.1066675,21.2,aggregate,training,all,,2026-05-17 08:22:14.670389,2026-05-17
3.91167625,4.0652125,5.0174,4.426329090909092,11.0,3.816905,5.02781,gpu_provider,B200,on-demand,vastai,2026-05-17 08:22:14.670389,2026-05-17
,3.99,,,,,,metric,neocloud_median_h100,on-demand,,2026-05-17 08:22:14.670389,2026-05-17
,8.428,,,,,,metric,hyperscaler_median_h100,on-demand,,2026-05-17 08:22:14.670389,2026-05-17
2.99,3.99,4.19,3.5646058863636374,110.0,1.5645475,4.29,provider_h100,neocloud,on-demand,,2026-05-17 08:22:14.670389,2026-05-17
5.7193375,8.428,11.985552625,9.015100218201756,114.0,5.3832685,15.830423875,provider_h100,hyperscaler,on-demand,,2026-05-17 08:22:14.670389,2026-05-17
,1.0815270885602712,,,,,,metric,hyperscaler_premium_all,on-demand,,2026-05-17 08:22:14.670389,2026-05-17
,1.711885,,,,,,metric,neocloud_median_all,on-demand,,2026-05-17 08:22:14.670389,2026-05-17
3.05,3.525,4.0,3.525,88.0,3.05,4.0,gpu_provider,A100,on-demand,oci,2026-05-17 08:22:14.670389,2026-05-17
,1.85145,,,,,,metric,hyperscaler_median_all,on-demand,,2026-05-17 08:22:14.670389,2026-05-17
1.109996,1.85145,3.5,2.8388637971913577,4050.0,0.343,25.92,provider,hyperscaler,on-demand,,2026-05-17 08:22:14.670389,2026-05-17
,3.2937267390615452,,,,,,metric,training_inference_ratio,on-demand,,2026-05-17 08:22:14.670389,2026-05-17
0.2726,0.400476,0.557856,0.5572805613801454,2065.0,0.0684,9.1089,aggregate,inference,spot,,2026-05-17 08:22:14.670389,2026-05-17
0.879,1.2417545,1.805447,1.6602729913172385,2361.0,0.343,10.98917,aggregate,inference,on-demand,,2026-05-17 08:22:14.670389,2026-05-17
0.4132,0.7184,1.345028,1.1456594875169452,4426.0,0.0684,10.98917,aggregate,inference,all,,2026-05-17 08:22:14.670389,2026-05-17
1.2778615,1.8909,3.545884,2.901073741695804,572.0,0.1066675,21.2,aggregate,training,spot,,2026-05-17 08:22:14.670389,2026-05-17
3.05,4.09,5.754749375,5.15288674078125,800.0,0.2843675,21.2,aggregate,training,on-demand,,2026-05-17 08:22:14.670389,2026-05-17
0.65,1.711885,3.99,inf,679.0,0.059,inf,provider,neocloud,on-demand,,2026-05-17 08:22:14.670389,2026-05-17
6.765000000000001,6.84,6.915,6.84,64.0,6.69,6.99,gpu_provider,B200,on-demand,lambdalabs,2026-05-17 08:22:14.670389,2026-05-17
2.9,2.9,2.9,2.9,4.0,2.9,2.9,gpu_provider,B200,spot,nebius,2026-05-17 08:22:14.670389,2026-05-17
3.190724,4.09,5.442394,4.865926818103449,435.0,0.8015,15.830423875,gpu,H100,all,,2026-05-17 08:22:14.670389,2026-05-17
2.95,2.95,2.95,2.95,2.0,2.95,2.95,gpu_provider,H100,on-demand,nebius,2026-05-17 08:22:14.670389,2026-05-17
3.190724,3.6021,4.270636,3.5796103109756094,164.0,1.233702,4.624182375,gpu_provider,H100,spot,gcp,2026-05-17 08:22:14.670389,2026-05-17
5.596119875,10.97905825,12.51612875,9.19199803230337,89.0,5.3832685,15.830423875,gpu_provider,H100,on-demand,gcp,2026-05-17 08:22:14.670389,2026-05-17
0.8015,0.8015,0.8015,0.8015000000000003,15.0,0.8015,0.8015,gpu_provider,H100,spot,verda,2026-05-17 08:22:14.670389,2026-05-17
2.29,2.29,2.29,2.2899999999999996,15.0,2.29,2.29,gpu_provider,H100,on-demand,verda,2026-05-17 08:22:14.670389,2026-05-17
0.9220865,1.48734,1.80385,1.4352372537453184,267.0,0.1066675,4.1170625,gpu,A100,spot,,2026-05-17 08:22:14.670389,2026-05-17
1.52901125,2.528060875,4.0,2.742503679618768,682.0,0.1066675,8.1925,gpu,A100,all,,2026-05-17 08:22:14.670389,2026-05-17
1.25,1.25,1.25,1.25,2.0,1.25,1.25,gpu_provider,H100,spot,nebius,2026-05-17 08:22:14.670389,2026-05-17
1.711875,2.9,4.01895,2.933248611111112,36.0,1.71125,4.891,gpu,B200,spot,,2026-05-17 08:22:14.670389,2026-05-17
4.0758,6.69,6.89,5.77372152173913,138.0,1.71125,11.277,gpu,B200,all,,2026-05-17 08:22:14.670389,2026-05-17
1.45,10.6,13.647499999999999,8.168255,58.0,1.1865,21.2,gpu,H200,spot,,2026-05-17 08:22:14.670389,2026-05-17
3.5,10.6,13.515,8.883483686440679,59.0,3.39,21.2,gpu,H200,on-demand,,2026-05-17 08:22:14.670389,2026-05-17
3.39,10.6,13.78,8.528925876068376,117.0,1.1865,21.2,gpu,H200,all,,2026-05-17 08:22:14.670389,2026-05-17
2.54,3.388947625,4.2480891875,3.3026070781990517,211.0,0.8015,10.142275,gpu,H100,spot,,2026-05-17 08:22:14.670389,2026-05-17
3.99,5.3832685,8.6,6.3385181802455355,224.0,1.5645475,15.830423875,gpu,H100,on-demand,,2026-05-17 08:22:14.670389,2026-05-17
5.5,5.5,5.5,5.5,4.0,5.5,5.5,gpu_provider,B200,on-demand,nebius,2026-05-17 08:22:14.670389,2026-05-17
5.5,6.79,6.99,6.7762413725490225,102.0,3.816905,11.277,gpu,B200,on-demand,,2026-05-17 08:22:14.670389,2026-05-17
6.88,8.256,8.944,8.385344,25.0,6.88,11.5584,gpu_provider,H100,on-demand,aws,2026-05-17 08:22:14.670389,2026-05-17
2.761592625,3.6792675,4.40775,3.5835642475903606,415.0,0.2843675,8.1925,gpu,A100,on-demand,,2026-05-17 08:22:14.670389,2026-05-17
2.99,2.99,2.99,2.99,9.0,2.99,2.99,gpu_provider,H100,on-demand,runpod,2026-05-17 08:22:14.670389,2026-05-17
1.856659375,2.231725,4.08610625,3.7784166666666668,18.0,1.2287125,10.142275,gpu_provider,H100,spot,aws,2026-05-17 08:22:14.670389,2026-05-17
4.89,4.89,4.89,4.89,12.0,4.89,4.89,gpu_provider,B200,on-demand,verda,2026-05-17 08:22:14.670389,2026-05-17
12.561,13.25,13.835,13.62283870967742,31.0,10.6,21.2,gpu_provider,H200,spot,azure,2026-05-17 08:22:14.670389,2026-05-17
12.561,13.25,13.835,13.62283870967742,31.0,10.6,21.2,gpu_provider,H200,on-demand,azure,2026-05-17 08:22:14.670389,2026-05-17
3.5322575,3.580645,3.6290325,3.580645,2.0,3.48387,3.67742,gpu_provider,H200,spot,vastai,2026-05-17 08:22:14.670389,2026-05-17
4.2727981250000004,4.3087687500000005,4.344739375,4.3087687500000005,2.0,4.2368275,4.38071,gpu_provider,H200,on-demand,vastai,2026-05-17 08:22:14.670389,2026-05-17
3.05,3.05,3.05,3.0500000000000003,7.0,3.05,3.05,gpu_provider,H200,spot,runpod,2026-05-17 08:22:14.670389,2026-05-17
3.99,3.99,3.99,3.9400000000000004,8.0,3.59,3.99,gpu_provider,H200,on-demand,runpod,2026-05-17 08:22:14.670389,2026-05-17
1.45,1.45,1.45,1.45,6.0,1.45,1.45,gpu_provider,H200,spot,nebius,2026-05-17 08:22:14.670389,2026-05-17
1.7114375,1.7115,1.711625,1.7115625,12.0,1.71125,1.712,gpu_provider,B200,spot,verda,2026-05-17 08:22:14.670389,2026-05-17
1.1865,1.1865,1.186625,1.1866250000000003,12.0,1.1865,1.187,gpu_provider,H200,spot,verda,2026-05-17 08:22:14.670389,2026-05-17
3.39,3.39,3.39,3.39,12.0,3.39,3.39,gpu_provider,H200,on-demand,verda,2026-05-17 08:22:14.670389,2026-05-17
3.99,4.09,4.19,3.97,80.0,3.29,4.29,gpu_provider,H100,on-demand,lambdalabs,2026-05-17 08:22:14.670389,2026-05-17
1.46666625,1.4666675,1.46666875,1.4666675,3.0,1.466665,1.46667,gpu_provider,H100,spot,vastai,2026-05-17 08:22:14.670389,2026-05-17
1.5645487500000002,1.56455,1.56455,1.5645491666666667,3.0,1.5645475,1.56455,gpu_provider,H100,on-demand,vastai,2026-05-17 08:22:14.670389,2026-05-17
2.653,2.653,2.653,2.653,1.0,2.653,2.653,gpu_provider,H100,on-demand,cudo,2026-05-17 08:22:14.670389,2026-05-17
2.54,2.54,2.54,2.54,9.0,2.54,2.54,gpu_provider,H100,spot,runpod,2026-05-17 08:22:14.670389,2026-05-17
3.5,3.5,3.5,3.5,6.0,3.5,3.5,gpu_provider,H200,on-demand,nebius,2026-05-17 08:22:14.670389,2026-05-17
1.0871718750000001,1.3571374999999999,1.4835812499999999,1.5223284722222221,18.0,0.31565,4.1170625,gpu_provider,A100,spot,aws,2026-05-19 09:43:15.664990,2026-05-19
3.1564675,3.43088125,3.801285,3.5327744761904762,21.0,2.744705,4.7027875,gpu_provider,A100,on-demand,aws,2026-05-19 09:43:15.664990,2026-05-19
2.0047,2.0047,2.0047,2.0047,1.0,2.0047,2.0047,gpu_provider,A100,on-demand,cudo,2026-05-19 09:43:15.664990,2026-05-19
1.99,1.99,2.79,2.2566666666666664,48.0,1.99,2.79,gpu_provider,A100,on-demand,lambdalabs,2026-05-19 09:43:15.664990,2026-05-19
1.689625,1.80385,2.001025,1.907592404017857,112.0,1.40574,2.79473225,gpu_provider,A100,spot,gcp,2026-05-19 09:43:15.664990,2026-05-19
2.49227125,3.6792675,4.04959090625,3.4898916517857144,112.0,2.16346,5.7077325,gpu_provider,A100,on-demand,gcp,2026-05-19 09:43:15.664990,2026-05-19
1.18,1.225,1.27,1.16,6.0,0.79,1.27,gpu_provider,A100,spot,runpod,2026-05-19 09:43:15.664990,2026-05-19
1.39,1.39,1.49,1.377142857142857,7.0,1.0,1.49,gpu_provider,A100,on-demand,runpod,2026-05-19 09:43:15.664990,2026-05-19
4.0758,4.0758,4.4834,4.2981333333333325,9.0,4.0758,4.891,gpu_provider,B200,spot,gcp,2026-05-19 09:43:15.664990,2026-05-19
4.4075,4.775,5.14225,4.894703663793103,116.0,3.399625,8.1925,gpu_provider,A100,on-demand,azure,2026-05-19 09:43:15.664990,2026-05-19
0.2524,0.4515,0.4515,0.3851291666666667,18.0,0.252375,0.4515,gpu_provider,A100,spot,verda,2026-05-19 09:43:15.664990,2026-05-19
0.721125,1.29,1.29,1.1003708333333333,18.0,0.7211,1.29,gpu_provider,A100,on-demand,verda,2026-05-19 09:43:15.664990,2026-05-19
11.277,11.277,11.277,11.277,11.0,11.277,11.277,gpu_provider,B200,on-demand,gcp,2026-05-19 09:43:15.664990,2026-05-19
2.625,2.9375,3.8125,3.1625,10.0,2.625,4.0,gpu_provider,B200,spot,vastai,2026-05-19 09:43:15.664990,2026-05-19
4.063455,5.01558,5.020058125,4.58876225,10.0,3.81573,5.02781,gpu_provider,B200,on-demand,vastai,2026-05-19 09:43:15.664990,2026-05-19
6.765000000000001,6.84,6.915,6.84,64.0,6.69,6.99,gpu_provider,B200,on-demand,lambdalabs,2026-05-19 09:43:15.664990,2026-05-19
0.88242,0.9737775,1.331265,1.1541553863636365,110.0,0.67877,2.38177,gpu_provider,A100,spot,azure,2026-05-19 09:43:15.664990,2026-05-19
2.8,2.8,2.8,2.8,2.0,2.8,2.8,gpu_provider,A100,on-demand,vultr,2026-05-19 09:43:15.664990,2026-05-19
2.9,2.9,2.9,2.9,4.0,2.9,2.9,gpu_provider,B200,spot,nebius,2026-05-19 09:43:15.664990,2026-05-19
1.99,3.56811625,4.89,4.227748288736264,1365.0,0.252375,21.2,aggregate,training,all,,2026-05-19 09:43:15.664990,2026-05-19
,2.112280701754386,,,,,,metric,hyperscaler_premium_h100,on-demand,,2026-05-19 09:43:15.664990,2026-05-19
,3.99,,,,,,metric,neocloud_median_h100,on-demand,,2026-05-19 09:43:15.664990,2026-05-19
,8.428,,,,,,metric,hyperscaler_median_h100,on-demand,,2026-05-19 09:43:15.664990,2026-05-19
2.99,3.99,4.19,3.5471379166666677,111.0,1.579825,4.29,provider_h100,neocloud,on-demand,,2026-05-19 09:43:15.664990,2026-05-19
5.7193375,8.428,11.985552625,9.015100218201756,114.0,5.3832685,15.830423875,provider_h100,hyperscaler,on-demand,,2026-05-19 09:43:15.664990,2026-05-19
,1.018847677745983,,,,,,metric,hyperscaler_premium_all,on-demand,,2026-05-19 09:43:15.664990,2026-05-19
,1.8172,,,,,,metric,neocloud_median_all,on-demand,,2026-05-19 09:43:15.664990,2026-05-19
3.05,3.525,4.0,3.525,88.0,3.05,4.0,gpu_provider,A100,on-demand,oci,2026-05-19 09:43:15.664990,2026-05-19
,1.85145,,,,,,metric,hyperscaler_median_all,on-demand,,2026-05-19 09:43:15.664990,2026-05-19
1.109996,1.85145,3.5,2.8388637971913577,4050.0,0.343,25.92,provider,hyperscaler,on-demand,,2026-05-19 09:43:15.664990,2026-05-19
,3.2937274021812284,,,,,,metric,training_inference_ratio,on-demand,,2026-05-19 09:43:15.664990,2026-05-19
0.272154,0.400476,0.557856,0.5573231935444874,2068.0,0.0684,9.1089,aggregate,inference,spot,,2026-05-19 09:43:15.664990,2026-05-19
0.87650475,1.24175425,1.805447,1.659462312817259,2364.0,0.343,10.98917,aggregate,inference,on-demand,,2026-05-19 09:43:15.664990,2026-05-19
0.413,0.7173780000000001,1.345028,1.1451970378497291,4432.0,0.0684,10.98917,aggregate,inference,all,,2026-05-19 09:43:15.664990,2026-05-19
1.27803,1.8909,3.545884,2.909765420774648,568.0,0.252375,21.2,aggregate,training,spot,,2026-05-19 09:43:15.664990,2026-05-19
3.05,4.09,5.754749375,5.1670384631430375,797.0,0.7211,21.2,aggregate,training,on-demand,,2026-05-19 09:43:15.664990,2026-05-19
0.65,1.8172,3.99,inf,679.0,0.0261,inf,provider,neocloud,on-demand,,2026-05-19 09:43:15.664990,2026-05-19
5.5,5.5,5.5,5.5,4.0,5.5,5.5,gpu_provider,B200,on-demand,nebius,2026-05-19 09:43:15.664990,2026-05-19
3.5,3.5,3.5,3.5,6.0,3.5,3.5,gpu_provider,H200,on-demand,nebius,2026-05-19 09:43:15.664990,2026-05-19
4.89,4.89,4.89,4.89,12.0,4.89,4.89,gpu_provider,B200,on-demand,verda,2026-05-19 09:43:15.664990,2026-05-19
3.190724,3.6021,4.270636,3.5796103109756094,164.0,1.233702,4.624182375,gpu_provider,H100,spot,gcp,2026-05-19 09:43:15.664990,2026-05-19
5.596119875,10.97905825,12.51612875,9.19199803230337,89.0,5.3832685,15.830423875,gpu_provider,H100,on-demand,gcp,2026-05-19 09:43:15.664990,2026-05-19
0.8015,0.8015,0.8015,0.8015000000000003,15.0,0.8015,0.8015,gpu_provider,H100,spot,verda,2026-05-19 09:43:15.664990,2026-05-19
2.29,2.29,2.29,2.2899999999999996,15.0,2.29,2.29,gpu_provider,H100,on-demand,verda,2026-05-19 09:43:15.664990,2026-05-19
0.94645175,1.48734,1.80385,1.4465972698863638,264.0,0.252375,4.1170625,gpu,A100,spot,,2026-05-19 09:43:15.664990,2026-05-19
2.77848,3.747972,4.408,3.6039058813559324,413.0,0.7211,8.1925,gpu,A100,on-demand,,2026-05-19 09:43:15.664990,2026-05-19
1.7117499999999999,2.9,4.0379000000000005,2.9270557142857143,35.0,1.71125,4.891,gpu,B200,spot,,2026-05-19 09:43:15.664990,2026-05-19
2.95,2.95,2.95,2.95,2.0,2.95,2.95,gpu_provider,H100,on-demand,nebius,2026-05-19 09:43:15.664990,2026-05-19
5.5,6.79,6.99,6.815590321782181,101.0,3.81573,11.277,gpu,B200,on-demand,,2026-05-19 09:43:15.664990,2026-05-19
1.45,10.6,13.78,8.247041578947368,57.0,1.1865,21.2,gpu,H200,spot,,2026-05-19 09:43:15.664990,2026-05-19
3.5,10.6,13.647499999999999,8.963589137931036,58.0,3.39,21.2,gpu,H200,on-demand,,2026-05-19 09:43:15.664990,2026-05-19
3.39,10.6,13.78,8.608430782608696,115.0,1.1865,21.2,gpu,H200,all,,2026-05-19 09:43:15.664990,2026-05-19
2.54,3.3746668125,4.23681578125,3.29394697995283,212.0,0.8015,10.142275,gpu,H100,spot,,2026-05-19 09:43:15.664990,2026-05-19
3.99,5.3832685,8.6,6.317572149444445,225.0,1.579825,15.830423875,gpu,H100,on-demand,,2026-05-19 09:43:15.664990,2026-05-19
3.190724,4.09,5.442394,4.850733394450801,437.0,0.8015,15.830423875,gpu,H100,all,,2026-05-19 09:43:15.664990,2026-05-19
1.7114375,1.7115,1.711625,1.7115625,12.0,1.71125,1.712,gpu_provider,B200,spot,verda,2026-05-19 09:43:15.664990,2026-05-19
4.0758,6.69,6.89,5.81486450367647,136.0,1.71125,11.277,gpu,B200,all,,2026-05-19 09:43:15.664990,2026-05-19
1.25,1.25,1.25,1.25,2.0,1.25,1.25,gpu_provider,H100,spot,nebius,2026-05-19 09:43:15.664990,2026-05-19
1.57366,2.528061,4.0,2.7626511200147705,677.0,0.252375,8.1925,gpu,A100,all,,2026-05-19 09:43:15.664990,2026-05-19
1.4666659375000002,1.466666875,1.466668125,1.4666671875000001,4.0,1.466665,1.46667,gpu_provider,H100,spot,vastai,2026-05-19 09:43:15.664990,2026-05-19
1.5798259374999999,1.579826875,1.579828125,1.5798271874999998,4.0,1.579825,1.57983,gpu_provider,H100,on-demand,vastai,2026-05-19 09:43:15.664990,2026-05-19
12.561,13.25,13.835,13.62283870967742,31.0,10.6,21.2,gpu_provider,H200,on-demand,azure,2026-05-19 09:43:15.664990,2026-05-19
3.48387,3.48387,3.48387,3.48387,1.0,3.48387,3.48387,gpu_provider,H200,spot,vastai,2026-05-19 09:43:15.664990,2026-05-19
4.38017,4.38017,4.38017,4.38017,1.0,4.38017,4.38017,gpu_provider,H200,on-demand,vastai,2026-05-19 09:43:15.664990,2026-05-19
3.05,3.05,3.05,3.0500000000000003,7.0,3.05,3.05,gpu_provider,H200,spot,runpod,2026-05-19 09:43:15.664990,2026-05-19
12.561,13.25,13.835,13.62283870967742,31.0,10.6,21.2,gpu_provider,H200,spot,azure,2026-05-19 09:43:15.664990,2026-05-19
1.45,1.45,1.45,1.45,6.0,1.45,1.45,gpu_provider,H200,spot,nebius,2026-05-19 09:43:15.664990,2026-05-19
1.1865,1.1865,1.186625,1.1866250000000003,12.0,1.1865,1.187,gpu_provider,H200,spot,verda,2026-05-19 09:43:15.664990,2026-05-19
3.99,3.99,3.99,3.9400000000000004,8.0,3.59,3.99,gpu_provider,H200,on-demand,runpod,2026-05-19 09:43:15.664990,2026-05-19
3.99,4.09,4.19,3.97,80.0,3.29,4.29,gpu_provider,H100,on-demand,lambdalabs,2026-05-19 09:43:15.664990,2026-05-19
2.653,2.653,2.653,2.653,1.0,2.653,2.653,gpu_provider,H100,on-demand,cudo,2026-05-19 09:43:15.664990,2026-05-19
2.54,2.54,2.54,2.54,9.0,2.54,2.54,gpu_provider,H100,spot,runpod,2026-05-19 09:43:15.664990,2026-05-19
2.99,2.99,2.99,2.99,9.0,2.99,2.99,gpu_provider,H100,on-demand,runpod,2026-05-19 09:43:15.664990,2026-05-19
1.856659375,2.231725,4.08610625,3.7784166666666668,18.0,1.2287125,10.142275,gpu_provider,H100,spot,aws,2026-05-19 09:43:15.664990,2026-05-19
6.88,8.256,8.944,8.385344,25.0,6.88,11.5584,gpu_provider,H100,on-demand,aws,2026-05-19 09:43:15.664990,2026-05-19
3.39,3.39,3.39,3.39,12.0,3.39,3.39,gpu_provider,H200,on-demand,verda,2026-05-19 09:43:15.664990,2026-05-19
3.1564675,3.43088125,3.801285,3.5327744761904762,21.0,2.744705,4.7027875,gpu_provider,A100,on-demand,aws,2026-05-20 09:34:55.415846,2026-05-20
1.0871718750000001,1.3571374999999999,1.4835812499999999,1.5223284722222221,18.0,0.31565,4.1170625,gpu_provider,A100,spot,aws,2026-05-20 09:34:55.415846,2026-05-20
2.0047,2.0047,2.0047,2.0047,1.0,2.0047,2.0047,gpu_provider,A100,on-demand,cudo,2026-05-20 09:34:55.415846,2026-05-20
1.99,1.99,2.79,2.2566666666666664,48.0,1.99,2.79,gpu_provider,A100,on-demand,lambdalabs,2026-05-20 09:34:55.415846,2026-05-20
1.689625,1.80385,2.001025,1.907592404017857,112.0,1.40574,2.79473225,gpu_provider,A100,spot,gcp,2026-05-20 09:34:55.415846,2026-05-20
2.49227125,3.6792675,4.04959090625,3.4898916517857144,112.0,2.16346,5.7077325,gpu_provider,A100,on-demand,gcp,2026-05-20 09:34:55.415846,2026-05-20
1.18,1.225,1.27,1.16,6.0,0.79,1.27,gpu_provider,A100,spot,runpod,2026-05-20 09:34:55.415846,2026-05-20
1.39,1.39,1.49,1.377142857142857,7.0,1.0,1.49,gpu_provider,A100,on-demand,runpod,2026-05-20 09:34:55.415846,2026-05-20
2.625,3.25,4.0,3.3068181818181817,11.0,2.625,4.0,gpu_provider,B200,spot,vastai,2026-05-20 09:34:55.415846,2026-05-20
4.4075,4.775,5.14225,4.894703663793103,116.0,3.399625,8.1925,gpu_provider,A100,on-demand,azure,2026-05-20 09:34:55.415846,2026-05-20
0.2524,0.4515,0.4515,0.3851291666666667,18.0,0.252375,0.4515,gpu_provider,A100,spot,verda,2026-05-20 09:34:55.415846,2026-05-20
0.721125,1.29,1.29,1.1003708333333333,18.0,0.7211,1.29,gpu_provider,A100,on-demand,verda,2026-05-20 09:34:55.415846,2026-05-20
4.0758,4.0758,4.4834,4.2981333333333325,9.0,4.0758,4.891,gpu_provider,B200,spot,gcp,2026-05-20 09:34:55.415846,2026-05-20
11.277,11.277,11.277,11.277,11.0,11.277,11.277,gpu_provider,B200,on-demand,gcp,2026-05-20 09:34:55.415846,2026-05-20
4.542915,5.01556,5.02494,4.7158215909090915,11.0,3.8147575,5.02781,gpu_provider,B200,on-demand,vastai,2026-05-20 09:34:55.415846,2026-05-20
0.283975,0.4478,0.611625,0.4478,2.0,0.12015,0.77545,gpu_provider,A100,on-demand,vastai,2026-05-20 09:34:55.415846,2026-05-20
0.88242,0.9737775,1.331265,1.1541553863636365,110.0,0.67877,2.38177,gpu_provider,A100,spot,azure,2026-05-20 09:34:55.415846,2026-05-20
0.20333249999999997,0.38,0.5566675,0.38,2.0,0.026665,0.733335,gpu_provider,A100,spot,vastai,2026-05-20 09:34:55.415846,2026-05-20
,3.99,,,,,,metric,neocloud_median_h100,on-demand,,2026-05-20 09:34:55.415846,2026-05-20
3.05,3.525,4.0,3.525,88.0,3.05,4.0,gpu_provider,A100,on-demand,oci,2026-05-20 09:34:55.415846,2026-05-20
,2.112280701754386,,,,,,metric,hyperscaler_premium_h100,on-demand,,2026-05-20 09:34:55.415846,2026-05-20
6.765000000000001,6.84,6.915,6.84,64.0,6.69,6.99,gpu_provider,B200,on-demand,lambdalabs,2026-05-20 09:34:55.415846,2026-05-20
,8.428,,,,,,metric,hyperscaler_median_h100,on-demand,,2026-05-20 09:34:55.415846,2026-05-20
2.99,3.99,4.19,3.547070304054055,111.0,1.57795,4.29,provider_h100,neocloud,on-demand,,2026-05-20 09:34:55.415846,2026-05-20
5.7193375,8.428,11.985552625,9.015100218201756,114.0,5.3832685,15.830423875,provider_h100,hyperscaler,on-demand,,2026-05-20 09:34:55.415846,2026-05-20
,0.998840094950367,,,,,,metric,hyperscaler_premium_all,on-demand,,2026-05-20 09:34:55.415846,2026-05-20
,1.8536,,,,,,metric,neocloud_median_all,on-demand,,2026-05-20 09:34:55.415846,2026-05-20
,1.85145,,,,,,metric,hyperscaler_median_all,on-demand,,2026-05-20 09:34:55.415846,2026-05-20
0.65,1.8536,3.99,inf,680.0,0.02662,inf,provider,neocloud,on-demand,,2026-05-20 09:34:55.415846,2026-05-20
1.109996,1.85145,3.5,2.8388637971913577,4050.0,0.343,25.92,provider,hyperscaler,on-demand,,2026-05-20 09:34:55.415846,2026-05-20
,3.2937267390615452,,,,,,metric,training_inference_ratio,on-demand,,2026-05-20 09:34:55.415846,2026-05-20
0.2726,0.400476,0.557856,0.5572805613801454,2065.0,0.0684,9.1089,aggregate,inference,spot,,2026-05-20 09:34:55.415846,2026-05-20
0.879,1.2417545,1.805447,1.6602729913172385,2361.0,0.343,10.98917,aggregate,inference,on-demand,,2026-05-20 09:34:55.415846,2026-05-20
0.4132,0.7184,1.345028,1.1456594875169452,4426.0,0.0684,10.98917,aggregate,inference,all,,2026-05-20 09:34:55.415846,2026-05-20
1.27803,1.8909,3.545884,2.9041274238178634,571.0,0.026665,21.2,aggregate,training,spot,,2026-05-20 09:34:55.415846,2026-05-20
3.05,4.09,5.754749375,5.156254581406249,800.0,0.12015,21.2,aggregate,training,on-demand,,2026-05-20 09:34:55.415846,2026-05-20
1.99,3.56811625,4.89,4.2182789380926335,1371.0,0.026665,21.2,aggregate,training,all,,2026-05-20 09:34:55.415846,2026-05-20
2.8,2.8,2.8,2.8,2.0,2.8,2.8,gpu_provider,A100,on-demand,vultr,2026-05-20 09:34:55.415846,2026-05-20
2.9,2.9,2.9,2.9,4.0,2.9,2.9,gpu_provider,B200,spot,nebius,2026-05-20 09:34:55.415846,2026-05-20
1.45,1.45,1.45,1.45,6.0,1.45,1.45,gpu_provider,H200,spot,nebius,2026-05-20 09:34:55.415846,2026-05-20
1.7114375,1.7115,1.711625,1.7115625,12.0,1.71125,1.712,gpu_provider,B200,spot,verda,2026-05-20 09:34:55.415846,2026-05-20
3.190724,3.6021,4.270636,3.5796103109756094,164.0,1.233702,4.624182375,gpu_provider,H100,spot,gcp,2026-05-20 09:34:55.415846,2026-05-20
5.596119875,10.97905825,12.51612875,9.19199803230337,89.0,5.3832685,15.830423875,gpu_provider,H100,on-demand,gcp,2026-05-20 09:34:55.415846,2026-05-20
0.8015,0.8015,0.8015,0.8015000000000003,15.0,0.8015,0.8015,gpu_provider,H100,spot,verda,2026-05-20 09:34:55.415846,2026-05-20
2.29,2.29,2.29,2.2899999999999996,15.0,2.29,2.29,gpu_provider,H100,on-demand,verda,2026-05-20 09:34:55.415846,2026-05-20
0.929583125,1.48734,1.80385,1.4385777415413534,266.0,0.026665,4.1170625,gpu,A100,spot,,2026-05-20 09:34:55.415846,2026-05-20
2.77848,3.6792675,4.40775,3.58869573253012,415.0,0.12015,8.1925,gpu,A100,on-demand,,2026-05-20 09:34:55.415846,2026-05-20
5.5,5.5,5.5,5.5,4.0,5.5,5.5,gpu_provider,B200,on-demand,nebius,2026-05-20 09:34:55.415846,2026-05-20
2.95,2.95,2.95,2.95,2.0,2.95,2.95,gpu_provider,H100,on-demand,nebius,2026-05-20 09:34:55.415846,2026-05-20
1.711875,2.9,4.01895,2.977693055555556,36.0,1.71125,4.891,gpu,B200,spot,,2026-05-20 09:34:55.415846,2026-05-20
4.16845,6.69,6.89,5.8083912137681155,138.0,1.71125,11.277,gpu,B200,all,,2026-05-20 09:34:55.415846,2026-05-20
1.45,10.6,13.78,8.247041578947368,57.0,1.1865,21.2,gpu,H200,spot,,2026-05-20 09:34:55.415846,2026-05-20
3.5,10.6,13.647499999999999,8.963580517241379,58.0,3.39,21.2,gpu,H200,on-demand,,2026-05-20 09:34:55.415846,2026-05-20
3.39,10.6,13.78,8.60842643478261,115.0,1.1865,21.2,gpu,H200,all,,2026-05-20 09:34:55.415846,2026-05-20
2.54,3.3746668125,4.23681578125,3.29394697995283,212.0,0.8015,10.142275,gpu,H100,spot,,2026-05-20 09:34:55.415846,2026-05-20
3.99,5.3832685,8.6,6.317538793888889,225.0,1.57795,15.830423875,gpu,H100,on-demand,,2026-05-20 09:34:55.415846,2026-05-20
3.190724,4.09,5.442394,4.850716220537757,437.0,0.8015,15.830423875,gpu,H100,all,,2026-05-20 09:34:55.415846,2026-05-20
5.5,6.79,6.99,6.807461151960787,102.0,3.8147575,11.277,gpu,B200,on-demand,,2026-05-20 09:34:55.415846,2026-05-20
1.25,1.25,1.25,1.25,2.0,1.25,1.25,gpu_provider,H100,spot,nebius,2026-05-20 09:34:55.415846,2026-05-20
1.5443025,2.528061,4.0,2.7488552250367104,681.0,0.026665,8.1925,gpu,A100,all,,2026-05-20 09:34:55.415846,2026-05-20
1.4666659375000002,1.466666875,1.466668125,1.4666671875000001,4.0,1.466665,1.46667,gpu_provider,H100,spot,vastai,2026-05-20 09:34:55.415846,2026-05-20
1.57795,1.577950625,1.5779515625,1.5779509375,4.0,1.57795,1.5779525,gpu_provider,H100,on-demand,vastai,2026-05-20 09:34:55.415846,2026-05-20
4.89,4.89,4.89,4.89,12.0,4.89,4.89,gpu_provider,B200,on-demand,verda,2026-05-20 09:34:55.415846,2026-05-20
12.561,13.25,13.835,13.62283870967742,31.0,10.6,21.2,gpu_provider,H200,spot,azure,2026-05-20 09:34:55.415846,2026-05-20
12.561,13.25,13.835,13.62283870967742,31.0,10.6,21.2,gpu_provider,H200,on-demand,azure,2026-05-20 09:34:55.415846,2026-05-20
3.48387,3.48387,3.48387,3.48387,1.0,3.48387,3.48387,gpu_provider,H200,spot,vastai,2026-05-20 09:34:55.415846,2026-05-20
3.05,3.05,3.05,3.0500000000000003,7.0,3.05,3.05,gpu_provider,H200,spot,runpod,2026-05-20 09:34:55.415846,2026-05-20
3.99,3.99,3.99,3.9400000000000004,8.0,3.59,3.99,gpu_provider,H200,on-demand,runpod,2026-05-20 09:34:55.415846,2026-05-20
3.5,3.5,3.5,3.5,6.0,3.5,3.5,gpu_provider,H200,on-demand,nebius,2026-05-20 09:34:55.415846,2026-05-20
4.37967,4.37967,4.37967,4.37967,1.0,4.37967,4.37967,gpu_provider,H200,on-demand,vastai,2026-05-20 09:34:55.415846,2026-05-20
3.39,3.39,3.39,3.39,12.0,3.39,3.39,gpu_provider,H200,on-demand,verda,2026-05-20 09:34:55.415846,2026-05-20
3.99,4.09,4.19,3.97,80.0,3.29,4.29,gpu_provider,H100,on-demand,lambdalabs,2026-05-20 09:34:55.415846,2026-05-20
2.653,2.653,2.653,2.653,1.0,2.653,2.653,gpu_provider,H100,on-demand,cudo,2026-05-20 09:34:55.415846,2026-05-20
2.54,2.54,2.54,2.54,9.0,2.54,2.54,gpu_provider,H100,spot,runpod,2026-05-20 09:34:55.415846,2026-05-20
2.99,2.99,2.99,2.99,9.0,2.99,2.99,gpu_provider,H100,on-demand,runpod,2026-05-20 09:34:55.415846,2026-05-20
1.856659375,2.231725,4.08610625,3.7784166666666668,18.0,1.2287125,10.142275,gpu_provider,H100,spot,aws,2026-05-20 09:34:55.415846,2026-05-20
6.88,8.256,8.944,8.385344,25.0,6.88,11.5584,gpu_provider,H100,on-demand,aws,2026-05-20 09:34:55.415846,2026-05-20
1.1865,1.1865,1.186625,1.1866250000000003,12.0,1.1865,1.187,gpu_provider,H200,spot,verda,2026-05-20 09:34:55.415846,2026-05-20
2.49227125,3.6792675,4.04959090625,3.4898916517857144,112.0,2.16346,5.7077325,gpu_provider,A100,on-demand,gcp,2026-05-21 09:41:20.973590,2026-05-21
0.107455,0.33278,1.09241,0.55676,5.0,0.10745,1.143705,gpu_provider,A100,on-demand,vastai,2026-05-21 09:41:20.973590,2026-05-21
1.0871718750000001,1.3571374999999999,1.4835812499999999,1.5223284722222221,18.0,0.31565,4.1170625,gpu_provider,A100,spot,aws,2026-05-21 09:41:20.973590,2026-05-21
3.1564675,3.43088125,3.801285,3.5327744761904762,21.0,2.744705,4.7027875,gpu_provider,A100,on-demand,aws,2026-05-21 09:41:20.973590,2026-05-21
2.0047,2.0047,2.0047,2.0047,1.0,2.0047,2.0047,gpu_provider,A100,on-demand,cudo,2026-05-21 09:41:20.973590,2026-05-21
1.99,1.99,2.79,2.2566666666666664,48.0,1.99,2.79,gpu_provider,A100,on-demand,lambdalabs,2026-05-21 09:41:20.973590,2026-05-21
1.689625,1.80385,2.001025,1.907592404017857,112.0,1.40574,2.79473225,gpu_provider,A100,spot,gcp,2026-05-21 09:41:20.973590,2026-05-21
1.39,1.39,1.49,1.377142857142857,7.0,1.0,1.49,gpu_provider,A100,on-demand,runpod,2026-05-21 09:41:20.973590,2026-05-21
0.041,0.133335,0.14,0.174868,5.0,0.02667,0.533335,gpu_provider,A100,spot,vastai,2026-05-21 09:41:20.973590,2026-05-21
4.4075,4.775,5.14225,4.894703663793103,116.0,3.399625,8.1925,gpu_provider,A100,on-demand,azure,2026-05-21 09:41:20.973590,2026-05-21
0.2524,0.4515,0.4515,0.3851291666666667,18.0,0.252375,0.4515,gpu_provider,A100,spot,verda,2026-05-21 09:41:20.973590,2026-05-21
0.721125,1.29,1.29,1.1003708333333333,18.0,0.7211,1.29,gpu_provider,A100,on-demand,verda,2026-05-21 09:41:20.973590,2026-05-21
4.0758,4.0758,4.4834,4.2981333333333325,9.0,4.0758,4.891,gpu_provider,B200,spot,gcp,2026-05-21 09:41:20.973590,2026-05-21
11.277,11.277,11.277,11.277,11.0,11.277,11.277,gpu_provider,B200,on-demand,gcp,2026-05-21 09:41:20.973590,2026-05-21
2.69231,2.69231,4.10256,3.1558193269230768,13.0,2.6923075,4.102565,gpu_provider,B200,spot,vastai,2026-05-21 09:41:20.973590,2026-05-21
3.91825,5.14378625,5.156015,4.674023365384615,13.0,3.90165,5.15602,gpu_provider,B200,on-demand,vastai,2026-05-21 09:41:20.973590,2026-05-21
0.88242,0.9737775,1.331265,1.1541553863636365,110.0,0.67877,2.38177,gpu_provider,A100,spot,azure,2026-05-21 09:41:20.973590,2026-05-21
2.8,2.8,2.8,2.8,2.0,2.8,2.8,gpu_provider,A100,on-demand,vultr,2026-05-21 09:41:20.973590,2026-05-21
6.765000000000001,6.84,6.915,6.84,64.0,6.69,6.99,gpu_provider,B200,on-demand,lambdalabs,2026-05-21 09:41:20.973590,2026-05-21
1.99,3.545884,4.775,4.190876780463695,1391.0,0.02667,21.2,aggregate,training,all,,2026-05-21 09:41:20.973590,2026-05-21
,2.112280701754386,,,,,,metric,hyperscaler_premium_h100,on-demand,,2026-05-21 09:41:20.973590,2026-05-21
,3.99,,,,,,metric,neocloud_median_h100,on-demand,,2026-05-21 09:41:20.973590,2026-05-21
,8.428,,,,,,metric,hyperscaler_median_h100,on-demand,,2026-05-21 09:41:20.973590,2026-05-21
2.99,3.99,4.19,3.532788351769912,113.0,1.57795,4.29,provider_h100,neocloud,on-demand,,2026-05-21 09:41:20.973590,2026-05-21
5.7193375,8.428,11.985552625,9.015100218201756,114.0,5.3832685,15.830423875,provider_h100,hyperscaler,on-demand,,2026-05-21 09:41:20.973590,2026-05-21
,0.9796031746031747,,,,,,metric,hyperscaler_premium_all,on-demand,,2026-05-21 09:41:20.973590,2026-05-21
,1.89,,,,,,metric,neocloud_median_all,on-demand,,2026-05-21 09:41:20.973590,2026-05-21
3.05,3.525,4.0,3.525,88.0,3.05,4.0,gpu_provider,A100,on-demand,oci,2026-05-21 09:41:20.973590,2026-05-21
,1.85145,,,,,,metric,hyperscaler_median_all,on-demand,,2026-05-21 09:41:20.973590,2026-05-21
1.109996,1.85145,3.5,2.8388637971913577,4050.0,0.343,25.92,provider,hyperscaler,on-demand,,2026-05-21 09:41:20.973590,2026-05-21
,3.2937274021812284,,,,,,metric,training_inference_ratio,on-demand,,2026-05-21 09:41:20.973590,2026-05-21
0.2722655,0.400476,0.557856,0.5571398979912875,2066.0,0.0684,9.1089,aggregate,inference,spot,,2026-05-21 09:41:20.973590,2026-05-21
0.87825,1.24175425,1.805447,1.6598344337425912,2362.0,0.343,10.98917,aggregate,inference,on-demand,,2026-05-21 09:41:20.973590,2026-05-21
0.413,0.7173780000000001,1.345028,1.1453432614611563,4428.0,0.0684,10.98917,aggregate,inference,all,,2026-05-21 09:41:20.973590,2026-05-21
1.277356,1.8909,3.545884,2.8832550993975903,581.0,0.02667,21.2,aggregate,training,spot,,2026-05-21 09:41:20.973590,2026-05-21
3.05,4.09,5.754749375,5.128812825771606,810.0,0.10745,21.2,aggregate,training,on-demand,,2026-05-21 09:41:20.973590,2026-05-21
0.69,1.89,3.99,inf,678.0,0.059,inf,provider,neocloud,on-demand,,2026-05-21 09:41:20.973590,2026-05-21
2.9,2.9,2.9,2.9,4.0,2.9,2.9,gpu_provider,B200,spot,nebius,2026-05-21 09:41:20.973590,2026-05-21
1.18,1.225,1.27,1.16,6.0,0.79,1.27,gpu_provider,A100,spot,runpod,2026-05-21 09:41:20.973590,2026-05-21
1.7114375,1.7115,1.711625,1.7115625,12.0,1.71125,1.712,gpu_provider,B200,spot,verda,2026-05-21 09:41:20.973590,2026-05-21
2.95,2.95,2.95,2.95,2.0,2.95,2.95,gpu_provider,H100,on-demand,nebius,2026-05-21 09:41:20.973590,2026-05-21
3.190724,3.6021,4.270636,3.5796103109756094,164.0,1.233702,4.624182375,gpu_provider,H100,spot,gcp,2026-05-21 09:41:20.973590,2026-05-21
5.596119875,10.97905825,12.51612875,9.19199803230337,89.0,5.3832685,15.830423875,gpu_provider,H100,on-demand,gcp,2026-05-21 09:41:20.973590,2026-05-21
0.8015,0.8015,0.8015,0.8015000000000003,15.0,0.8015,0.8015,gpu_provider,H100,spot,verda,2026-05-21 09:41:20.973590,2026-05-21
2.29,2.29,2.29,2.2899999999999996,15.0,2.29,2.29,gpu_provider,H100,on-demand,verda,2026-05-21 09:41:20.973590,2026-05-21
0.916331,1.48734,1.80385,1.4229591793680296,269.0,0.02667,4.1170625,gpu,A100,spot,,2026-05-21 09:41:20.973590,2026-05-21
2.7447050625,3.6792675,4.4075,3.567456767942584,418.0,0.10745,8.1925,gpu,A100,on-demand,,2026-05-21 09:41:20.973590,2026-05-21
1.25,1.25,1.25,1.25,2.0,1.25,1.25,gpu_provider,H100,spot,nebius,2026-05-21 09:41:20.973590,2026-05-21
1.5229825,2.52806075,4.0,2.727762661208151,687.0,0.02667,8.1925,gpu,A100,all,,2026-05-21 09:41:20.973590,2026-05-21
5.5,6.79,6.99,6.762012536057692,104.0,3.90165,11.277,gpu,B200,on-demand,,2026-05-21 09:41:20.973590,2026-05-21
4.1025609375,6.69,6.89,5.740119049295774,142.0,1.71125,11.277,gpu,B200,all,,2026-05-21 09:41:20.973590,2026-05-21
1.45,10.6,13.3825,8.001625,60.0,1.1865,21.2,gpu,H200,spot,,2026-05-21 09:41:20.973590,2026-05-21
3.5,10.6,13.25,8.737141762295083,61.0,3.39,21.2,gpu,H200,on-demand,,2026-05-21 09:41:20.973590,2026-05-21
3.39,10.6,13.25,8.37242270661157,121.0,1.1865,21.2,gpu,H200,all,,2026-05-21 09:41:20.973590,2026-05-21
2.54,3.360386,4.225542375,3.2731312721962613,214.0,0.8015,10.142275,gpu,H100,spot,,2026-05-21 09:41:20.973590,2026-05-21
3.99,5.3832685,8.428,6.2860198617841405,227.0,1.57795,15.830423875,gpu,H100,on-demand,,2026-05-21 09:41:20.973590,2026-05-21
1.712,2.69231,4.0758,2.943357927631579,38.0,1.71125,4.891,gpu,B200,spot,,2026-05-21 09:41:20.973590,2026-05-21
6.88,8.256,8.944,8.385344,25.0,6.88,11.5584,gpu_provider,H100,on-demand,aws,2026-05-21 09:41:20.973590,2026-05-21
3.190724,4.09,5.430569,4.823983221938775,441.0,0.8015,15.830423875,gpu,H100,all,,2026-05-21 09:41:20.973590,2026-05-21
2.99,2.99,2.99,2.99,9.0,2.99,2.99,gpu_provider,H100,on-demand,runpod,2026-05-21 09:41:20.973590,2026-05-21
4.89,4.89,4.89,4.89,12.0,4.89,4.89,gpu_provider,B200,on-demand,verda,2026-05-21 09:41:20.973590,2026-05-21
12.561,13.25,13.835,13.62283870967742,31.0,10.6,21.2,gpu_provider,H200,spot,azure,2026-05-21 09:41:20.973590,2026-05-21
12.561,13.25,13.835,13.62283870967742,31.0,10.6,21.2,gpu_provider,H200,on-demand,azure,2026-05-21 09:41:20.973590,2026-05-21
3.30921,3.6184200000000004,3.68421,3.375,4.0,2.57895,3.68421,gpu_provider,H200,spot,vastai,2026-05-21 09:41:20.973590,2026-05-21
4.3086275,4.5061937499999996,4.561978125,4.364411875,4.0,3.88328,4.56198,gpu_provider,H200,on-demand,vastai,2026-05-21 09:41:20.973590,2026-05-21
1.856659375,2.231725,4.08610625,3.7784166666666668,18.0,1.2287125,10.142275,gpu_provider,H100,spot,aws,2026-05-21 09:41:20.973590,2026-05-21
3.99,3.99,3.99,3.9400000000000004,8.0,3.59,3.99,gpu_provider,H200,on-demand,runpod,2026-05-21 09:41:20.973590,2026-05-21
1.45,1.45,1.45,1.45,6.0,1.45,1.45,gpu_provider,H200,spot,nebius,2026-05-21 09:41:20.973590,2026-05-21
3.05,3.05,3.05,3.0500000000000003,7.0,3.05,3.05,gpu_provider,H200,spot,runpod,2026-05-21 09:41:20.973590,2026-05-21
1.1865,1.1865,1.186625,1.1866250000000003,12.0,1.1865,1.187,gpu_provider,H200,spot,verda,2026-05-21 09:41:20.973590,2026-05-21
5.5,5.5,5.5,5.5,4.0,5.5,5.5,gpu_provider,B200,on-demand,nebius,2026-05-21 09:41:20.973590,2026-05-21
3.39,3.39,3.39,3.39,12.0,3.39,3.39,gpu_provider,H200,on-demand,verda,2026-05-21 09:41:20.973590,2026-05-21
3.99,4.09,4.19,3.97,80.0,3.29,4.29,gpu_provider,H100,on-demand,lambdalabs,2026-05-21 09:41:20.973590,2026-05-21
1.1666668750000002,1.466665625,1.4666671875000001,1.3333335416666667,6.0,1.066665,1.46667,gpu_provider,H100,spot,vastai,2026-05-21 09:41:20.973590,2026-05-21
1.5779503125,1.5779518750000001,2.449593125,1.9653472916666666,6.0,1.57795,2.74014,gpu_provider,H100,on-demand,vastai,2026-05-21 09:41:20.973590,2026-05-21
2.653,2.653,2.653,2.653,1.0,2.653,2.653,gpu_provider,H100,on-demand,cudo,2026-05-21 09:41:20.973590,2026-05-21
2.54,2.54,2.54,2.54,9.0,2.54,2.54,gpu_provider,H100,spot,runpod,2026-05-21 09:41:20.973590,2026-05-21
3.5,3.5,3.5,3.5,6.0,3.5,3.5,gpu_provider,H200,on-demand,nebius,2026-05-21 09:41:20.973590,2026-05-21
1.0871718750000001,1.3571374999999999,1.4835812499999999,1.5223284722222221,18.0,0.31565,4.1170625,gpu_provider,A100,spot,aws,2026-05-22 09:24:42.641651,2026-05-22
3.1564675,3.43088125,3.801285,3.5327744761904762,21.0,2.744705,4.7027875,gpu_provider,A100,on-demand,aws,2026-05-22 09:24:42.641651,2026-05-22
2.0047,2.0047,2.0047,2.0047,1.0,2.0047,2.0047,gpu_provider,A100,on-demand,cudo,2026-05-22 09:24:42.641651,2026-05-22
1.99,1.99,2.79,2.2566666666666664,48.0,1.99,2.79,gpu_provider,A100,on-demand,lambdalabs,2026-05-22 09:24:42.641651,2026-05-22
1.689625,1.80385,2.001025,1.907592404017857,112.0,1.40574,2.79473225,gpu_provider,A100,spot,gcp,2026-05-22 09:24:42.641651,2026-05-22
2.49227125,3.6792675,4.04959090625,3.4898916517857144,112.0,2.16346,5.7077325,gpu_provider,A100,on-demand,gcp,2026-05-22 09:24:42.641651,2026-05-22
1.18,1.225,1.27,1.16,6.0,0.79,1.27,gpu_provider,A100,spot,runpod,2026-05-22 09:24:42.641651,2026-05-22
4.121645,4.12165,5.14192,5.157050795454545,11.0,3.78246375,11.92261,gpu_provider,B200,on-demand,vastai,2026-05-22 09:24:42.641651,2026-05-22
0.88242,0.9737775,1.331265,1.1541553863636365,110.0,0.67877,2.38177,gpu_provider,A100,spot,azure,2026-05-22 09:24:42.641651,2026-05-22
4.4075,4.775,5.14225,4.894703663793103,116.0,3.399625,8.1925,gpu_provider,A100,on-demand,azure,2026-05-22 09:24:42.641651,2026-05-22
0.2524,0.4515,0.4515,0.3851291666666667,18.0,0.252375,0.4515,gpu_provider,A100,spot,verda,2026-05-22 09:24:42.641651,2026-05-22
0.721125,1.29,1.29,1.1003708333333333,18.0,0.7211,1.29,gpu_provider,A100,on-demand,verda,2026-05-22 09:24:42.641651,2026-05-22
4.0758,4.0758,4.4834,4.2981333333333325,9.0,4.0758,4.891,gpu_provider,B200,spot,gcp,2026-05-22 09:24:42.641651,2026-05-22
11.277,11.277,11.277,11.277,11.0,11.277,11.277,gpu_provider,B200,on-demand,gcp,2026-05-22 09:24:42.641651,2026-05-22
2.69230875,2.69231,2.76923,3.233100568181818,11.0,2.6923075,8.3333325,gpu_provider,B200,spot,vastai,2026-05-22 09:24:42.641651,2026-05-22
2.8,2.8,2.8,2.8,1.0,2.8,2.8,gpu_provider,A100,on-demand,vultr,2026-05-22 09:24:42.641651,2026-05-22
1.39,1.39,1.49,1.377142857142857,7.0,1.0,1.49,gpu_provider,A100,on-demand,runpod,2026-05-22 09:24:42.641651,2026-05-22
3.05,3.525,4.0,3.525,88.0,3.05,4.0,gpu_provider,A100,on-demand,oci,2026-05-22 09:24:42.641651,2026-05-22
1.109996,1.85145,3.5,2.8388637971913577,4050.0,0.343,25.92,provider,hyperscaler,on-demand,,2026-05-22 09:24:42.641651,2026-05-22
0.23333125,0.33333250000000003,0.43333375,0.33333250000000003,2.0,0.13333,0.533335,gpu_provider,A100,spot,vastai,2026-05-22 09:24:42.641651,2026-05-22
6.765000000000001,6.84,6.915,6.84,64.0,6.69,6.99,gpu_provider,B200,on-demand,lambdalabs,2026-05-22 09:24:42.641651,2026-05-22
,2.112280701754386,,,,,,metric,hyperscaler_premium_h100,on-demand,,2026-05-22 09:24:42.641651,2026-05-22
,3.99,,,,,,metric,neocloud_median_h100,on-demand,,2026-05-22 09:24:42.641651,2026-05-22
,8.428,,,,,,metric,hyperscaler_median_h100,on-demand,,2026-05-22 09:24:42.641651,2026-05-22
2.99,3.99,4.19,3.539663404017858,112.0,1.57361,4.29,provider_h100,neocloud,on-demand,,2026-05-22 09:24:42.641651,2026-05-22
5.7193375,8.428,11.985552625,9.015100218201756,114.0,5.3832685,15.830423875,provider_h100,hyperscaler,on-demand,,2026-05-22 09:24:42.641651,2026-05-22
,0.9796031746031747,,,,,,metric,hyperscaler_premium_all,on-demand,,2026-05-22 09:24:42.641651,2026-05-22
,1.89,,,,,,metric,neocloud_median_all,on-demand,,2026-05-22 09:24:42.641651,2026-05-22
,1.85145,,,,,,metric,hyperscaler_median_all,on-demand,,2026-05-22 09:24:42.641651,2026-05-22
0.67146,1.89,3.99,inf,679.0,0.0272875,inf,provider,neocloud,on-demand,,2026-05-22 09:24:42.641651,2026-05-22
,3.2937267390615452,,,,,,metric,training_inference_ratio,on-demand,,2026-05-22 09:24:42.641651,2026-05-22
0.272895,0.400476,0.557856,0.5571536104791868,2066.0,0.0684,9.1089,aggregate,inference,spot,,2026-05-22 09:24:42.641651,2026-05-22
0.8785000000000001,1.2417545,1.805447,1.6598512283114686,2363.0,0.343,10.98917,aggregate,inference,on-demand,,2026-05-22 09:24:42.641651,2026-05-22
0.413,0.717828,1.345028,1.1454747825129825,4429.0,0.0684,10.98917,aggregate,inference,all,,2026-05-22 09:24:42.641651,2026-05-22
1.27803,1.8909,3.436644,2.8949913922338566,573.0,0.13333,21.2,aggregate,training,spot,,2026-05-22 09:24:42.641651,2026-05-22
3.05,4.09,5.754749375,5.162051902465668,801.0,0.32868,21.2,aggregate,training,on-demand,,2026-05-22 09:24:42.641651,2026-05-22
1.99,3.542522,4.775,4.216618370906114,1374.0,0.13333,21.2,aggregate,training,all,,2026-05-22 09:24:42.641651,2026-05-22
0.52188,0.71508,0.90828,0.71508,2.0,0.32868,1.10148,gpu_provider,A100,on-demand,vastai,2026-05-22 09:24:42.641651,2026-05-22
2.9,2.9,2.9,2.9,4.0,2.9,2.9,gpu_provider,B200,spot,nebius,2026-05-22 09:24:42.641651,2026-05-22
5.5,5.5,5.5,5.5,4.0,5.5,5.5,gpu_provider,B200,on-demand,nebius,2026-05-22 09:24:42.641651,2026-05-22
1.7114375,1.7115,1.711625,1.7115625,12.0,1.71125,1.712,gpu_provider,B200,spot,verda,2026-05-22 09:24:42.641651,2026-05-22
2.95,2.95,2.95,2.95,2.0,2.95,2.95,gpu_provider,H100,on-demand,nebius,2026-05-22 09:24:42.641651,2026-05-22
3.190724,3.6021,4.270636,3.5796103109756094,164.0,1.233702,4.624182375,gpu_provider,H100,spot,gcp,2026-05-22 09:24:42.641651,2026-05-22
5.596119875,10.97905825,12.51612875,9.19199803230337,89.0,5.3832685,15.830423875,gpu_provider,H100,on-demand,gcp,2026-05-22 09:24:42.641651,2026-05-22
0.8015,0.8015,0.8015,0.8015000000000003,15.0,0.8015,0.8015,gpu_provider,H100,spot,verda,2026-05-22 09:24:42.641651,2026-05-22
2.29,2.29,2.29,2.2899999999999996,15.0,2.29,2.29,gpu_provider,H100,on-demand,verda,2026-05-22 09:24:42.641651,2026-05-22
0.929583125,1.48734,1.80385,1.4382268580827067,266.0,0.13333,4.1170625,gpu,A100,spot,,2026-05-22 09:24:42.641651,2026-05-22
2.77848,3.71361975,4.407875000000001,3.591892002415459,414.0,0.32868,8.1925,gpu,A100,on-demand,,2026-05-22 09:24:42.641651,2026-05-22
1.25,1.25,1.25,1.25,2.0,1.25,1.25,gpu_provider,H100,spot,nebius,2026-05-22 09:24:42.641651,2026-05-22
1.544294375,2.5280609375000003,4.0,2.7494288724264706,680.0,0.13333,8.1925,gpu,A100,all,,2026-05-22 09:24:42.641651,2026-05-22
5.7975,6.79,6.99,6.855044693627454,102.0,3.78246375,11.92261,gpu,B200,on-demand,,2026-05-22 09:24:42.641651,2026-05-22
4.121645,6.69,6.89,5.837685615942029,138.0,1.71125,11.92261,gpu,B200,all,,2026-05-22 09:24:42.641651,2026-05-22
1.45,10.6,13.647499999999999,8.111935172413792,58.0,1.1865,21.2,gpu,H200,spot,,2026-05-22 09:24:42.641651,2026-05-22
3.5,10.6,13.515,8.887830508474577,59.0,3.39,21.2,gpu,H200,on-demand,,2026-05-22 09:24:42.641651,2026-05-22
3.39,10.6,13.78,8.503198632478632,117.0,1.1865,21.2,gpu,H200,all,,2026-05-22 09:24:42.641651,2026-05-22
2.54,3.360386,4.225542375,3.2834902687793424,213.0,0.8015,10.142275,gpu,H100,spot,,2026-05-22 09:24:42.641651,2026-05-22
3.99,5.3832685,8.514,6.301609407632744,226.0,1.57361,15.830423875,gpu,H100,on-demand,,2026-05-22 09:24:42.641651,2026-05-22
1.711875,2.7307699999999997,4.0758,2.9551682291666665,36.0,1.71125,8.3333325,gpu,B200,spot,,2026-05-22 09:24:42.641651,2026-05-22
1.57361,1.57361,1.57361125,1.8058602499999998,5.0,1.57361,2.73486,gpu_provider,H100,on-demand,vastai,2026-05-22 09:24:42.641651,2026-05-22
3.190724,4.09,5.4364815,4.837237251423691,439.0,0.8015,15.830423875,gpu,H100,all,,2026-05-22 09:24:42.641651,2026-05-22
6.88,8.256,8.944,8.385344,25.0,6.88,11.5584,gpu_provider,H100,on-demand,aws,2026-05-22 09:24:42.641651,2026-05-22
4.89,4.89,4.89,4.89,12.0,4.89,4.89,gpu_provider,B200,on-demand,verda,2026-05-22 09:24:42.641651,2026-05-22
12.561,13.25,13.835,13.62283870967742,31.0,10.6,21.2,gpu_provider,H200,spot,azure,2026-05-22 09:24:42.641651,2026-05-22
12.561,13.25,13.835,13.62283870967742,31.0,10.6,21.2,gpu_provider,H200,on-demand,azure,2026-05-22 09:24:42.641651,2026-05-22
1.63158,1.9473699999999998,2.26316,1.9473699999999998,2.0,1.31579,2.57895,gpu_provider,H200,spot,vastai,2026-05-22 09:24:42.641651,2026-05-22
1.466665,1.46666625,1.4666675,1.3866672500000001,5.0,1.0666675,1.46667,gpu_provider,H100,spot,vastai,2026-05-22 09:24:42.641651,2026-05-22
3.05,3.05,3.05,3.0500000000000003,7.0,3.05,3.05,gpu_provider,H200,spot,runpod,2026-05-22 09:24:42.641651,2026-05-22
3.99,3.99,3.99,3.9400000000000004,8.0,3.59,3.99,gpu_provider,H200,on-demand,runpod,2026-05-22 09:24:42.641651,2026-05-22
1.45,1.45,1.45,1.45,6.0,1.45,1.45,gpu_provider,H200,spot,nebius,2026-05-22 09:24:42.641651,2026-05-22
4.16014,4.436999999999999,4.7138599999999995,4.436999999999999,2.0,3.88328,4.99072,gpu_provider,H200,on-demand,vastai,2026-05-22 09:24:42.641651,2026-05-22
1.1865,1.1865,1.186625,1.1866250000000003,12.0,1.1865,1.187,gpu_provider,H200,spot,verda,2026-05-22 09:24:42.641651,2026-05-22
3.39,3.39,3.39,3.39,12.0,3.39,3.39,gpu_provider,H200,on-demand,verda,2026-05-22 09:24:42.641651,2026-05-22
3.99,4.09,4.19,3.97,80.0,3.29,4.29,gpu_provider,H100,on-demand,lambdalabs,2026-05-22 09:24:42.641651,2026-05-22
2.653,2.653,2.653,2.653,1.0,2.653,2.653,gpu_provider,H100,on-demand,cudo,2026-05-22 09:24:42.641651,2026-05-22
2.54,2.54,2.54,2.54,9.0,2.54,2.54,gpu_provider,H100,spot,runpod,2026-05-22 09:24:42.641651,2026-05-22
2.99,2.99,2.99,2.99,9.0,2.99,2.99,gpu_provider,H100,on-demand,runpod,2026-05-22 09:24:42.641651,2026-05-22
1.856659375,2.231725,4.08610625,3.7784166666666668,18.0,1.2287125,10.142275,gpu_provider,H100,spot,aws,2026-05-22 09:24:42.641651,2026-05-22
3.5,3.5,3.5,3.5,6.0,3.5,3.5,gpu_provider,H200,on-demand,nebius,2026-05-22 09:24:42.641651,2026-05-22
3.1564675,3.43088125,3.801285,3.5327744761904762,21.0,2.744705,4.7027875,gpu_provider,A100,on-demand,aws,2026-05-23 08:20:37.359821,2026-05-23
2.0047,2.0047,2.0047,2.0047,1.0,2.0047,2.0047,gpu_provider,A100,on-demand,cudo,2026-05-23 08:20:37.359821,2026-05-23
1.99,1.99,2.79,2.2566666666666664,48.0,1.99,2.79,gpu_provider,A100,on-demand,lambdalabs,2026-05-23 08:20:37.359821,2026-05-23
1.689625,1.80385,2.001025,1.907592404017857,112.0,1.40574,2.79473225,gpu_provider,A100,spot,gcp,2026-05-23 08:20:37.359821,2026-05-23
2.49227125,3.6792675,4.04959090625,3.4898916517857144,112.0,2.16346,5.7077325,gpu_provider,A100,on-demand,gcp,2026-05-23 08:20:37.359821,2026-05-23
1.18,1.225,1.27,1.16,6.0,0.79,1.27,gpu_provider,A100,spot,runpod,2026-05-23 08:20:37.359821,2026-05-23
1.39,1.39,1.49,1.377142857142857,7.0,1.0,1.49,gpu_provider,A100,on-demand,runpod,2026-05-23 08:20:37.359821,2026-05-23
6.765000000000001,6.84,6.915,6.84,64.0,6.69,6.99,gpu_provider,B200,on-demand,lambdalabs,2026-05-23 08:20:37.359821,2026-05-23
4.4075,4.775,5.14225,4.894703663793103,116.0,3.399625,8.1925,gpu_provider,A100,on-demand,azure,2026-05-23 08:20:37.359821,2026-05-23
0.2524,0.4515,0.4515,0.3851291666666667,18.0,0.252375,0.4515,gpu_provider,A100,spot,verda,2026-05-23 08:20:37.359821,2026-05-23
0.721125,1.29,1.29,1.1003708333333333,18.0,0.7211,1.29,gpu_provider,A100,on-demand,verda,2026-05-23 08:20:37.359821,2026-05-23
4.0758,4.0758,4.4834,4.2981333333333325,9.0,4.0758,4.891,gpu_provider,B200,spot,gcp,2026-05-23 08:20:37.359821,2026-05-23
11.277,11.277,11.277,11.277,11.0,11.277,11.277,gpu_provider,B200,on-demand,gcp,2026-05-23 08:20:37.359821,2026-05-23
2.69231,2.69231,2.76923,2.874644583333333,9.0,2.6923075,4.102565,gpu_provider,B200,spot,vastai,2026-05-23 08:20:37.359821,2026-05-23
4.121645,4.12165,5.14192,4.51509125,9.0,3.78300625,5.150275,gpu_provider,B200,on-demand,vastai,2026-05-23 08:20:37.359821,2026-05-23
1.0871718750000001,1.3571374999999999,1.4835812499999999,1.5223284722222221,18.0,0.31565,4.1170625,gpu_provider,A100,spot,aws,2026-05-23 08:20:37.359821,2026-05-23
0.88242,0.9737775,1.331265,1.1541553863636365,110.0,0.67877,2.38177,gpu_provider,A100,spot,azure,2026-05-23 08:20:37.359821,2026-05-23
2.8,2.8,2.8,2.8,1.0,2.8,2.8,gpu_provider,A100,on-demand,vultr,2026-05-23 08:20:37.359821,2026-05-23
1.109996,1.85145,3.5,2.8388637971913577,4050.0,0.343,25.92,provider,hyperscaler,on-demand,,2026-05-23 08:20:37.359821,2026-05-23
1.99,3.576881625,4.775,4.225571457999272,1372.0,0.252375,21.2,aggregate,training,all,,2026-05-23 08:20:37.359821,2026-05-23
2.9,2.9,2.9,2.9,4.0,2.9,2.9,gpu_provider,B200,spot,nebius,2026-05-23 08:20:37.359821,2026-05-23
,2.112280701754386,,,,,,metric,hyperscaler_premium_h100,on-demand,,2026-05-23 08:20:37.359821,2026-05-23
,3.99,,,,,,metric,neocloud_median_h100,on-demand,,2026-05-23 08:20:37.359821,2026-05-23
,8.428,,,,,,metric,hyperscaler_median_h100,on-demand,,2026-05-23 08:20:37.359821,2026-05-23
2.99,3.99,4.19,3.5396749553571434,112.0,1.573125,4.29,provider_h100,neocloud,on-demand,,2026-05-23 08:20:37.359821,2026-05-23
5.7193375,8.428,11.985552625,9.015100218201756,114.0,5.3832685,15.830423875,provider_h100,hyperscaler,on-demand,,2026-05-23 08:20:37.359821,2026-05-23
,0.9796031746031747,,,,,,metric,hyperscaler_premium_all,on-demand,,2026-05-23 08:20:37.359821,2026-05-23
3.05,3.525,4.0,3.525,88.0,3.05,4.0,gpu_provider,A100,on-demand,oci,2026-05-23 08:20:37.359821,2026-05-23
,1.89,,,,,,metric,neocloud_median_all,on-demand,,2026-05-23 08:20:37.359821,2026-05-23
0.69,1.89,3.99,inf,677.0,0.02506,inf,provider,neocloud,on-demand,,2026-05-23 08:20:37.359821,2026-05-23
,3.298759940068669,,,,,,metric,training_inference_ratio,on-demand,,2026-05-23 08:20:37.359821,2026-05-23
0.2726,0.400476,0.557856,0.5572805613801454,2065.0,0.0684,9.1089,aggregate,inference,spot,,2026-05-23 08:20:37.359821,2026-05-23
0.879,1.2417545,1.805447,1.660277532811177,2362.0,0.343,10.98917,aggregate,inference,on-demand,,2026-05-23 08:20:37.359821,2026-05-23
0.4134,0.718972,1.345028,1.1457781549017394,4427.0,0.0684,10.98917,aggregate,inference,all,,2026-05-23 08:20:37.359821,2026-05-23
1.27803,1.9187750000000001,3.545884,2.909523444493007,572.0,0.252375,21.2,aggregate,training,spot,,2026-05-23 08:20:37.359821,2026-05-23
3.129850625,4.09625,5.7568041875,5.16654578765625,800.0,0.7211,21.2,aggregate,training,on-demand,,2026-05-23 08:20:37.359821,2026-05-23
,1.85145,,,,,,metric,hyperscaler_median_all,on-demand,,2026-05-23 08:20:37.359821,2026-05-23
5.5,5.5,5.5,5.5,4.0,5.5,5.5,gpu_provider,B200,on-demand,nebius,2026-05-23 08:20:37.359821,2026-05-23
1.7114375,1.7115,1.711625,1.7115625,12.0,1.71125,1.712,gpu_provider,B200,spot,verda,2026-05-23 08:20:37.359821,2026-05-23
4.89,4.89,4.89,4.89,12.0,4.89,4.89,gpu_provider,B200,on-demand,verda,2026-05-23 08:20:37.359821,2026-05-23
3.190724,3.6021,4.270636,3.5796103109756094,164.0,1.233702,4.624182375,gpu_provider,H100,spot,gcp,2026-05-23 08:20:37.359821,2026-05-23
5.596119875,10.97905825,12.51612875,9.19199803230337,89.0,5.3832685,15.830423875,gpu_provider,H100,on-demand,gcp,2026-05-23 08:20:37.359821,2026-05-23
0.8015,0.8015,0.8015,0.8015000000000003,15.0,0.8015,0.8015,gpu_provider,H100,spot,verda,2026-05-23 08:20:37.359821,2026-05-23
2.29,2.29,2.29,2.2899999999999996,15.0,2.29,2.29,gpu_provider,H100,on-demand,verda,2026-05-23 08:20:37.359821,2026-05-23
0.94645175,1.48734,1.80385,1.4465972698863638,264.0,0.252375,4.1170625,gpu,A100,spot,,2026-05-23 08:20:37.359821,2026-05-23
2.77848,3.747972,4.408,3.6058571092233005,412.0,0.7211,8.1925,gpu,A100,on-demand,,2026-05-23 08:20:37.359821,2026-05-23
1.57366,2.528061,4.0,2.7625958701923077,676.0,0.252375,8.1925,gpu,A100,all,,2026-05-23 08:20:37.359821,2026-05-23
1.711625,2.7307699999999997,4.0758,2.843933860294118,34.0,1.71125,4.891,gpu,B200,spot,,2026-05-23 08:20:37.359821,2026-05-23
6.3925,6.79,6.99,6.831228212500003,100.0,3.78300625,11.277,gpu,B200,on-demand,,2026-05-23 08:20:37.359821,2026-05-23
4.1216462499999995,6.69,6.89,5.81952666044776,134.0,1.71125,11.277,gpu,B200,all,,2026-05-23 08:20:37.359821,2026-05-23
1.45,10.6,13.25,7.971615614754098,61.0,1.1865,21.2,gpu,H200,spot,,2026-05-23 08:20:37.359821,2026-05-23
3.5,8.67565,13.25,8.715091290322581,62.0,3.39,21.2,gpu,H200,on-demand,,2026-05-23 08:20:37.359821,2026-05-23
3.39,10.6,13.25,8.346375711382112,123.0,1.1865,21.2,gpu,H200,all,,2026-05-23 08:20:37.359821,2026-05-23
2.54,3.360386,4.225542375,3.283490268779342,213.0,0.8015,10.142275,gpu,H100,spot,,2026-05-23 08:20:37.359821,2026-05-23
3.99,5.3832685,8.514,6.301615132190265,226.0,1.573125,15.830423875,gpu,H100,on-demand,,2026-05-23 08:20:37.359821,2026-05-23
2.95,2.95,2.95,2.95,2.0,2.95,2.95,gpu_provider,H100,on-demand,nebius,2026-05-23 08:20:37.359821,2026-05-23
1.25,1.25,1.25,1.25,2.0,1.25,1.25,gpu_provider,H100,spot,nebius,2026-05-23 08:20:37.359821,2026-05-23
3.190724,4.09,5.4364815,4.837240198462415,439.0,0.8015,15.830423875,gpu,H100,all,,2026-05-23 08:20:37.359821,2026-05-23
1.466665,1.46666625,1.4666675,1.3866672500000001,5.0,1.0666675,1.46667,gpu_provider,H100,spot,vastai,2026-05-23 08:20:37.359821,2026-05-23
1.573125,1.573125,1.57313,1.806119,5.0,1.573125,2.73809,gpu_provider,H100,on-demand,vastai,2026-05-23 08:20:37.359821,2026-05-23
12.561,13.25,13.835,13.62283870967742,31.0,10.6,21.2,gpu_provider,H200,spot,azure,2026-05-23 08:20:37.359821,2026-05-23
12.561,13.25,13.835,13.62283870967742,31.0,10.6,21.2,gpu_provider,H200,on-demand,azure,2026-05-23 08:20:37.359821,2026-05-23
3.68421,3.75,3.81579,3.9342105000000003,5.0,3.68421,4.7368425,gpu_provider,H200,spot,vastai,2026-05-23 08:20:37.359821,2026-05-23
4.3009225,4.37636,5.3033175,4.9655320000000005,5.0,4.09576,6.7513,gpu_provider,H200,on-demand,vastai,2026-05-23 08:20:37.359821,2026-05-23
3.99,3.99,3.99,3.9400000000000004,8.0,3.59,3.99,gpu_provider,H200,on-demand,runpod,2026-05-23 08:20:37.359821,2026-05-23
1.45,1.45,1.45,1.45,6.0,1.45,1.45,gpu_provider,H200,spot,nebius,2026-05-23 08:20:37.359821,2026-05-23
3.5,3.5,3.5,3.5,6.0,3.5,3.5,gpu_provider,H200,on-demand,nebius,2026-05-23 08:20:37.359821,2026-05-23
3.05,3.05,3.05,3.0500000000000003,7.0,3.05,3.05,gpu_provider,H200,spot,runpod,2026-05-23 08:20:37.359821,2026-05-23
3.39,3.39,3.39,3.39,12.0,3.39,3.39,gpu_provider,H200,on-demand,verda,2026-05-23 08:20:37.359821,2026-05-23
3.99,4.09,4.19,3.97,80.0,3.29,4.29,gpu_provider,H100,on-demand,lambdalabs,2026-05-23 08:20:37.359821,2026-05-23
2.653,2.653,2.653,2.653,1.0,2.653,2.653,gpu_provider,H100,on-demand,cudo,2026-05-23 08:20:37.359821,2026-05-23
2.54,2.54,2.54,2.54,9.0,2.54,2.54,gpu_provider,H100,spot,runpod,2026-05-23 08:20:37.359821,2026-05-23
2.99,2.99,2.99,2.99,9.0,2.99,2.99,gpu_provider,H100,on-demand,runpod,2026-05-23 08:20:37.359821,2026-05-23
1.856659375,2.231725,4.08610625,3.7784166666666668,18.0,1.2287125,10.142275,gpu_provider,H100,spot,aws,2026-05-23 08:20:37.359821,2026-05-23
6.88,8.256,8.944,8.385344,25.0,6.88,11.5584,gpu_provider,H100,on-demand,aws,2026-05-23 08:20:37.359821,2026-05-23
1.1865,1.1865,1.186625,1.1866250000000003,12.0,1.1865,1.187,gpu_provider,H200,spot,verda,2026-05-23 08:20:37.359821,2026-05-23
1.18,1.225,1.27,1.16,6.0,0.79,1.27,gpu_provider,A100,spot,runpod,2026-05-24 08:29:33.910578,2026-05-24
3.1564675,3.43088125,3.801285,3.5327744761904762,21.0,2.744705,4.7027875,gpu_provider,A100,on-demand,aws,2026-05-24 08:29:33.910578,2026-05-24
2.0047,2.0047,2.0047,2.0047,1.0,2.0047,2.0047,gpu_provider,A100,on-demand,cudo,2026-05-24 08:29:33.910578,2026-05-24
1.99,1.99,2.79,2.2566666666666664,48.0,1.99,2.79,gpu_provider,A100,on-demand,lambdalabs,2026-05-24 08:29:33.910578,2026-05-24
1.689625,1.80385,2.001025,1.907592404017857,112.0,1.40574,2.79473225,gpu_provider,A100,spot,gcp,2026-05-24 08:29:33.910578,2026-05-24
2.49227125,3.6792675,4.04959090625,3.4898916517857144,112.0,2.16346,5.7077325,gpu_provider,A100,on-demand,gcp,2026-05-24 08:29:33.910578,2026-05-24
1.39,1.39,1.49,1.377142857142857,7.0,1.0,1.49,gpu_provider,A100,on-demand,runpod,2026-05-24 08:29:33.910578,2026-05-24
3.84844375,4.121645,4.7925,4.228732019230769,13.0,3.558125,5.14192,gpu_provider,B200,on-demand,vastai,2026-05-24 08:29:33.910578,2026-05-24
4.4075,4.775,5.14225,4.894703663793103,116.0,3.399625,8.1925,gpu_provider,A100,on-demand,azure,2026-05-24 08:29:33.910578,2026-05-24
0.2524,0.4515,0.4515,0.3851291666666667,18.0,0.252375,0.4515,gpu_provider,A100,spot,verda,2026-05-24 08:29:33.910578,2026-05-24
0.721125,1.29,1.29,1.1003708333333333,18.0,0.7211,1.29,gpu_provider,A100,on-demand,verda,2026-05-24 08:29:33.910578,2026-05-24
4.0758,4.0758,4.4834,4.2981333333333325,9.0,4.0758,4.891,gpu_provider,B200,spot,gcp,2026-05-24 08:29:33.910578,2026-05-24
11.277,11.277,11.277,11.277,11.0,11.277,11.277,gpu_provider,B200,on-demand,gcp,2026-05-24 08:29:33.910578,2026-05-24
2.69231,2.76923,3.0769225,2.7869823076923077,13.0,1.923075,3.846155,gpu_provider,B200,spot,vastai,2026-05-24 08:29:33.910578,2026-05-24
1.0871718750000001,1.3571374999999999,1.4835812499999999,1.5223284722222221,18.0,0.31565,4.1170625,gpu_provider,A100,spot,aws,2026-05-24 08:29:33.910578,2026-05-24
0.88242,0.9737775,1.331265,1.1541553863636365,110.0,0.67877,2.38177,gpu_provider,A100,spot,azure,2026-05-24 08:29:33.910578,2026-05-24
2.8,2.8,2.8,2.8,1.0,2.8,2.8,gpu_provider,A100,on-demand,vultr,2026-05-24 08:29:33.910578,2026-05-24
1.109996,1.85145,3.5,2.8388637971913577,4050.0,0.343,25.92,provider,hyperscaler,on-demand,,2026-05-24 08:29:33.910578,2026-05-24
1.99,3.545884,4.775,4.2104608532885175,1376.0,0.252375,21.2,aggregate,training,all,,2026-05-24 08:29:33.910578,2026-05-24
6.765000000000001,6.84,6.915,6.84,64.0,6.69,6.99,gpu_provider,B200,on-demand,lambdalabs,2026-05-24 08:29:33.910578,2026-05-24
,2.112280701754386,,,,,,metric,hyperscaler_premium_h100,on-demand,,2026-05-24 08:29:33.910578,2026-05-24
,3.99,,,,,,metric,neocloud_median_h100,on-demand,,2026-05-24 08:29:33.910578,2026-05-24
,8.428,,,,,,metric,hyperscaler_median_h100,on-demand,,2026-05-24 08:29:33.910578,2026-05-24
2.99,3.99,4.19,3.5266526548672577,113.0,1.57156,4.29,provider_h100,neocloud,on-demand,,2026-05-24 08:29:33.910578,2026-05-24
5.7193375,8.428,11.985552625,9.015100218201756,114.0,5.3832685,15.830423875,provider_h100,hyperscaler,on-demand,,2026-05-24 08:29:33.910578,2026-05-24
,0.9796031746031747,,,,,,metric,hyperscaler_premium_all,on-demand,,2026-05-24 08:29:33.910578,2026-05-24
3.05,3.525,4.0,3.525,88.0,3.05,4.0,gpu_provider,A100,on-demand,oci,2026-05-24 08:29:33.910578,2026-05-24
,1.89,,,,,,metric,neocloud_median_all,on-demand,,2026-05-24 08:29:33.910578,2026-05-24
0.69,1.89,3.99,inf,678.0,0.02743,inf,provider,neocloud,on-demand,,2026-05-24 08:29:33.910578,2026-05-24
,3.2937267390615452,,,,,,metric,training_inference_ratio,on-demand,,2026-05-24 08:29:33.910578,2026-05-24
0.272895,0.400476,0.557856,0.5572755853097774,2066.0,0.0684,9.1089,aggregate,inference,spot,,2026-05-24 08:29:33.910578,2026-05-24
0.879,1.2417545,1.805447,1.6608763700804063,2363.0,0.343,10.98917,aggregate,inference,on-demand,,2026-05-24 08:29:33.910578,2026-05-24
0.4138,0.718972,1.345028,1.146078623109054,4429.0,0.0684,10.98917,aggregate,inference,all,,2026-05-24 08:29:33.910578,2026-05-24
1.2919968750000002,1.8909,3.4627655625,2.8960515226480834,574.0,0.252375,21.2,aggregate,training,spot,,2026-05-24 08:29:33.910578,2026-05-24
3.05,4.09,5.754749375,5.151197705891521,802.0,0.7211,21.2,aggregate,training,on-demand,,2026-05-24 08:29:33.910578,2026-05-24
,1.85145,,,,,,metric,hyperscaler_median_all,on-demand,,2026-05-24 08:29:33.910578,2026-05-24
5.5,5.5,5.5,5.5,4.0,5.5,5.5,gpu_provider,B200,on-demand,nebius,2026-05-24 08:29:33.910578,2026-05-24
2.9,2.9,2.9,2.9,4.0,2.9,2.9,gpu_provider,B200,spot,nebius,2026-05-24 08:29:33.910578,2026-05-24
4.89,4.89,4.89,4.89,12.0,4.89,4.89,gpu_provider,B200,on-demand,verda,2026-05-24 08:29:33.910578,2026-05-24
3.190724,3.6021,4.270636,3.5796103109756094,164.0,1.233702,4.624182375,gpu_provider,H100,spot,gcp,2026-05-24 08:29:33.910578,2026-05-24
5.596119875,10.97905825,12.51612875,9.19199803230337,89.0,5.3832685,15.830423875,gpu_provider,H100,on-demand,gcp,2026-05-24 08:29:33.910578,2026-05-24
0.8015,0.8015,0.8015,0.8015000000000003,15.0,0.8015,0.8015,gpu_provider,H100,spot,verda,2026-05-24 08:29:33.910578,2026-05-24
2.29,2.29,2.29,2.2899999999999996,15.0,2.29,2.29,gpu_provider,H100,on-demand,verda,2026-05-24 08:29:33.910578,2026-05-24
0.94645175,1.48734,1.80385,1.4465972698863638,264.0,0.252375,4.1170625,gpu,A100,spot,,2026-05-24 08:29:33.910578,2026-05-24
2.77848,3.747972,4.408,3.6058571092233005,412.0,0.7211,8.1925,gpu,A100,on-demand,,2026-05-24 08:29:33.910578,2026-05-24
1.712,2.76923,3.84615375,2.817176842105263,38.0,1.71125,4.891,gpu,B200,spot,,2026-05-24 08:29:33.910578,2026-05-24
2.95,2.95,2.95,2.95,2.0,2.95,2.95,gpu_provider,H100,on-demand,nebius,2026-05-24 08:29:33.910578,2026-05-24
5.5,6.79,6.99,6.706351117788462,104.0,3.558125,11.277,gpu,B200,on-demand,,2026-05-24 08:29:33.910578,2026-05-24
1.45,10.6,13.647499999999999,8.13326,58.0,1.1865,21.2,gpu,H200,spot,,2026-05-24 08:29:33.910578,2026-05-24
3.5,10.6,13.515,8.846673559322035,59.0,2.01872,21.2,gpu,H200,on-demand,,2026-05-24 08:29:33.910578,2026-05-24
3.39,10.6,13.78,8.493015555555555,117.0,1.1865,21.2,gpu,H200,all,,2026-05-24 08:29:33.910578,2026-05-24
2.54,3.360386,4.225542375,3.2787387605140186,214.0,0.8015,10.142275,gpu,H100,spot,,2026-05-24 08:29:33.910578,2026-05-24
3.99,5.3832685,8.428,6.2829655280837,227.0,1.57156,15.830423875,gpu,H100,on-demand,,2026-05-24 08:29:33.910578,2026-05-24
3.190724,4.09,5.430569,4.825132130668934,441.0,0.8015,15.830423875,gpu,H100,all,,2026-05-24 08:29:33.910578,2026-05-24
1.7114375,1.7115,1.711625,1.7115625,12.0,1.71125,1.712,gpu_provider,B200,spot,verda,2026-05-24 08:29:33.910578,2026-05-24
4.0758,6.69,6.89,5.665586170774647,142.0,1.71125,11.277,gpu,B200,all,,2026-05-24 08:29:33.910578,2026-05-24
1.25,1.25,1.25,1.25,2.0,1.25,1.25,gpu_provider,H100,spot,nebius,2026-05-24 08:29:33.910578,2026-05-24
1.57366,2.528061,4.0,2.7625958701923077,676.0,0.252375,8.1925,gpu,A100,all,,2026-05-24 08:29:33.910578,2026-05-24
1.856659375,2.231725,4.08610625,3.7784166666666668,18.0,1.2287125,10.142275,gpu_provider,H100,spot,aws,2026-05-24 08:29:33.910578,2026-05-24
6.88,8.256,8.944,8.385344,25.0,6.88,11.5584,gpu_provider,H100,on-demand,aws,2026-05-24 08:29:33.910578,2026-05-24
12.561,13.25,13.835,13.62283870967742,31.0,10.6,21.2,gpu_provider,H200,spot,azure,2026-05-24 08:29:33.910578,2026-05-24
12.561,13.25,13.835,13.62283870967742,31.0,10.6,21.2,gpu_provider,H200,on-demand,azure,2026-05-24 08:29:33.910578,2026-05-24
2.0723700000000003,2.5657900000000002,3.05921,2.5657900000000002,2.0,1.57895,3.55263,gpu_provider,H200,spot,vastai,2026-05-24 08:29:33.910578,2026-05-24
2.620795,3.22287,3.8249449999999996,3.22287,2.0,2.01872,4.42702,gpu_provider,H200,on-demand,vastai,2026-05-24 08:29:33.910578,2026-05-24
3.05,3.05,3.05,3.0500000000000003,7.0,3.05,3.05,gpu_provider,H200,spot,runpod,2026-05-24 08:29:33.910578,2026-05-24
1.45,1.45,1.45,1.45,6.0,1.45,1.45,gpu_provider,H200,spot,nebius,2026-05-24 08:29:33.910578,2026-05-24
3.5,3.5,3.5,3.5,6.0,3.5,3.5,gpu_provider,H200,on-demand,nebius,2026-05-24 08:29:33.910578,2026-05-24
3.99,3.99,3.99,3.9400000000000004,8.0,3.59,3.99,gpu_provider,H200,on-demand,runpod,2026-05-24 08:29:33.910578,2026-05-24
3.39,3.39,3.39,3.39,12.0,3.39,3.39,gpu_provider,H200,on-demand,verda,2026-05-24 08:29:33.910578,2026-05-24
3.99,4.09,4.19,3.97,80.0,3.29,4.29,gpu_provider,H100,on-demand,lambdalabs,2026-05-24 08:29:33.910578,2026-05-24
2.653,2.653,2.653,2.653,1.0,2.653,2.653,gpu_provider,H100,on-demand,cudo,2026-05-24 08:29:33.910578,2026-05-24
2.54,2.54,2.54,2.54,9.0,2.54,2.54,gpu_provider,H100,spot,runpod,2026-05-24 08:29:33.910578,2026-05-24
2.99,2.99,2.99,2.99,9.0,2.99,2.99,gpu_provider,H100,on-demand,runpod,2026-05-24 08:29:33.910578,2026-05-24
1.4666665625,1.46666875,1.61666625,1.5333339583333334,6.0,1.466665,1.66667,gpu_provider,H100,spot,vastai,2026-05-24 08:29:33.910578,2026-05-24
1.5715625,1.5715637500000001,2.19757875,1.8497916666666665,6.0,1.57156,2.40625,gpu_provider,H100,on-demand,vastai,2026-05-24 08:29:33.910578,2026-05-24
1.1865,1.1865,1.186625,1.1866250000000003,12.0,1.1865,1.187,gpu_provider,H200,spot,verda,2026-05-24 08:29:33.910578,2026-05-24
2.0047,2.0047,2.0047,2.0047,1.0,2.0047,2.0047,gpu_provider,A100,on-demand,cudo,2026-05-25 10:06:49.830134,2026-05-25
0.89607025,0.986515,1.331265,1.1512671136363637,110.0,0.746721,2.13005,gpu_provider,A100,spot,azure,2026-05-25 10:06:49.830134,2026-05-25
1.99,1.99,1.99,2.1233333333333326,108.0,1.99,2.79,gpu_provider,A100,on-demand,lambdalabs,2026-05-25 10:06:49.830134,2026-05-25
1.677078,1.80385,2.001025,1.9244795558035714,112.0,1.476055,2.900657,gpu_provider,A100,spot,gcp,2026-05-25 10:06:49.830134,2026-05-25
2.49227125,3.6792675,4.04959090625,3.4898916517857144,112.0,2.16346,5.7077325,gpu_provider,A100,on-demand,gcp,2026-05-25 10:06:49.830134,2026-05-25
1.415,1.49,1.49,1.4566666666666668,6.0,1.39,1.49,gpu_provider,A100,spot,runpod,2026-05-25 10:06:49.830134,2026-05-25
1.39,1.49,1.49,1.3914285714285715,7.0,1.0,1.49,gpu_provider,A100,on-demand,runpod,2026-05-25 10:06:49.830134,2026-05-25
4.4075,4.775,5.14225,4.894703663793103,116.0,3.399625,8.1925,gpu_provider,A100,on-demand,azure,2026-05-25 10:06:49.830134,2026-05-25
6.765000000000001,6.84,6.915,6.84,72.0,6.69,6.99,gpu_provider,B200,on-demand,lambdalabs,2026-05-25 10:06:49.830134,2026-05-25
0.721125,1.79,1.79,1.4337041666666666,18.0,0.7211,1.79,gpu_provider,A100,on-demand,verda,2026-05-25 10:06:49.830134,2026-05-25
,2.506265664160401,,,,,,metric,hyperscaler_premium_h100,on-demand,,2026-05-25 10:06:49.830134,2026-05-25
4.2592,4.2796,4.6687,4.3953,9.0,3.872,5.1356,gpu_provider,B200,spot,gcp,2026-05-25 10:06:49.830134,2026-05-25
11.277,11.277,11.277,11.277,11.0,11.277,11.277,gpu_provider,B200,on-demand,gcp,2026-05-25 10:06:49.830134,2026-05-25
2.69231,2.8410275,3.9102525000000004,3.2262825,8.0,2.69231,4.102565,gpu_provider,B200,spot,vastai,2026-05-25 10:06:49.830134,2026-05-25
4.10645375,4.92423,5.14542875,4.679190625,8.0,3.918225,5.15602,gpu_provider,B200,on-demand,vastai,2026-05-25 10:06:49.830134,2026-05-25
5.49,5.49,5.49,5.49,2.0,5.49,5.49,gpu_provider,B200,spot,runpod,2026-05-25 10:06:49.830134,2026-05-25
3.1564675,3.43088125,3.801285,3.5327744761904762,21.0,2.744705,4.7027875,gpu_provider,A100,on-demand,aws,2026-05-25 10:06:49.830134,2026-05-25
0.2524,0.6265,0.6265,0.5017958333333332,18.0,0.252375,0.6265,gpu_provider,A100,spot,verda,2026-05-25 10:06:49.830134,2026-05-25
1.18335625,1.33583125,1.8277187499999998,1.6848645833333333,18.0,0.8279,4.1170625,gpu_provider,A100,spot,aws,2026-05-25 10:06:49.830134,2026-05-25
,10.0,,,,,,metric,hyperscaler_median_h100,on-demand,,2026-05-25 10:06:49.830134,2026-05-25
3.05,3.525,4.0,3.525,88.0,3.05,4.0,gpu_provider,A100,on-demand,oci,2026-05-25 10:06:49.830134,2026-05-25
5.89,5.89,5.89,5.89,2.0,5.89,5.89,gpu_provider,B200,on-demand,runpod,2026-05-25 10:06:49.830134,2026-05-25
,3.99,,,,,,metric,neocloud_median_h100,on-demand,,2026-05-25 10:06:49.830134,2026-05-25
3.29,3.99,4.19,3.6956245200000004,125.0,1.58694,4.29,provider_h100,neocloud,on-demand,,2026-05-25 10:06:49.830134,2026-05-25
5.802393875,10.0,10.97905825,9.289376106803799,158.0,5.3832685,15.830423875,provider_h100,hyperscaler,on-demand,,2026-05-25 10:06:49.830134,2026-05-25
,0.9736141959798995,,,,,,metric,hyperscaler_premium_all,on-demand,,2026-05-25 10:06:49.830134,2026-05-25
,1.99,,,,,,metric,neocloud_median_all,on-demand,,2026-05-25 10:06:49.830134,2026-05-25
,1.93749225,,,,,,metric,hyperscaler_median_all,on-demand,,2026-05-25 10:06:49.830134,2026-05-25
0.79,1.99,3.99,inf,780.0,0.03975,inf,provider,neocloud,on-demand,,2026-05-25 10:06:49.830134,2026-05-25
2.8,2.8,2.8,2.8,1.0,2.8,2.8,gpu_provider,A100,on-demand,vultr,2026-05-25 10:06:49.830134,2026-05-25
1.139852,1.93749225,3.95211,3.109825271484375,4160.0,0.343,25.92,provider,hyperscaler,on-demand,,2026-05-25 10:06:49.830134,2026-05-25
0.2743975,0.41934,0.56926,0.5436411852941176,2040.0,0.0684,8.172,aggregate,inference,spot,,2026-05-25 10:06:49.830134,2026-05-25
0.88,1.27066,1.805447,1.6631185888464801,2358.0,0.343,10.98917,aggregate,inference,on-demand,,2026-05-25 10:06:49.830134,2026-05-25
0.422728125,0.72602,1.345028,1.1438521260800365,4398.0,0.0684,10.98917,aggregate,inference,all,,2026-05-25 10:06:49.830134,2026-05-25
1.3575408750000002,2.001025,3.782144,3.017093324782609,575.0,0.252375,21.2,aggregate,training,spot,,2026-05-25 10:06:49.830134,2026-05-25
3.25,4.318350000000001,6.99,5.818554122175835,1018.0,0.338335,21.2,aggregate,training,on-demand,,2026-05-25 10:06:49.830134,2026-05-25
2.001025,3.99,5.7077325,4.807355152620841,1593.0,0.252375,21.2,aggregate,training,all,,2026-05-25 10:06:49.830134,2026-05-25
0.533335,0.533335,0.533335,0.533335,1.0,0.533335,0.533335,gpu_provider,A100,spot,vastai,2026-05-25 10:06:49.830134,2026-05-25
0.338335,0.338335,0.338335,0.338335,1.0,0.338335,0.338335,gpu_provider,A100,on-demand,vastai,2026-05-25 10:06:49.830134,2026-05-25
,3.398509436041113,,,,,,metric,training_inference_ratio,on-demand,,2026-05-25 10:06:49.830134,2026-05-25
2.9,2.9,2.9,2.9,4.0,2.9,2.9,gpu_provider,B200,spot,nebius,2026-05-25 10:06:49.830134,2026-05-25
14.0,14.0,14.0,14.0,44.0,14.0,14.0,gpu_provider,B200,on-demand,oci,2026-05-25 10:06:49.830134,2026-05-25
2.1385,2.138625,2.1388125,2.1386875,12.0,2.1385,2.139,gpu_provider,B200,spot,verda,2026-05-25 10:06:49.830134,2026-05-25
2.95,2.95,2.95,2.95,2.0,2.95,2.95,gpu_provider,H100,on-demand,nebius,2026-05-25 10:06:49.830134,2026-05-25
3.3953375,3.782144,4.484198,3.7659187360248443,161.0,1.172092,4.85527575,gpu_provider,H100,spot,gcp,2026-05-25 10:06:49.830134,2026-05-25
5.596119875,10.97905825,12.51612875,9.19199803230337,89.0,5.3832685,15.830423875,gpu_provider,H100,on-demand,gcp,2026-05-25 10:06:49.830134,2026-05-25
1.1375,1.1375,1.138,1.1376999999999997,15.0,1.1375,1.138,gpu_provider,H100,spot,verda,2026-05-25 10:06:49.830134,2026-05-25
3.25,3.25,3.25,3.25,15.0,3.25,3.25,gpu_provider,H100,on-demand,verda,2026-05-25 10:06:49.830134,2026-05-25
0.970758,1.523925,1.80385,1.4747710009433963,265.0,0.252375,4.1170625,gpu,A100,spot,,2026-05-25 10:06:49.830134,2026-05-25
2.16346,3.220091,4.09625,3.410256794926004,473.0,0.338335,8.1925,gpu,A100,on-demand,,2026-05-25 10:06:49.830134,2026-05-25
1.689625,2.353126,4.0,2.7152652835365854,738.0,0.252375,8.1925,gpu,A100,all,,2026-05-25 10:06:49.830134,2026-05-25
2.1388749999999996,2.9,4.1808825,3.246063142857143,35.0,2.1385,5.49,gpu,B200,spot,,2026-05-25 10:06:49.830134,2026-05-25
6.69,6.89,14.0,9.000395588235293,153.0,3.918225,14.0,gpu,B200,on-demand,,2026-05-25 10:06:49.830134,2026-05-25
5.7924999999999995,6.79,11.277,7.929110292553192,188.0,2.1385,14.0,gpu,B200,all,,2026-05-25 10:06:49.830134,2026-05-25
1.45,7.295,13.25,7.926631552419355,62.0,1.4,21.2,gpu,H200,spot,,2026-05-25 10:06:49.830134,2026-05-25
4.39,10.0,11.66,9.206436857798165,109.0,3.5,21.2,gpu,H200,on-demand,,2026-05-25 10:06:49.830134,2026-05-25
4.0,10.0,12.72,8.74241388157895,171.0,1.4,21.2,gpu,H200,all,,2026-05-25 10:06:49.830134,2026-05-25
2.99,3.558382,4.484198,3.4692534284037557,213.0,0.846775,9.712525,gpu,H100,spot,,2026-05-25 10:06:49.830134,2026-05-25
4.04,5.532619375,10.0,6.818637773409895,283.0,1.58694,15.830423875,gpu,H100,on-demand,,2026-05-25 10:06:49.830134,2026-05-25
3.350132,4.19,5.762968625,5.380293286542338,496.0,0.846775,15.830423875,gpu,H100,all,,2026-05-25 10:06:49.830134,2026-05-25
1.25,1.25,1.25,1.25,2.0,1.25,1.25,gpu_provider,H100,spot,nebius,2026-05-25 10:06:49.830134,2026-05-25
6.88,8.256,8.944,8.385344,25.0,6.88,11.5584,gpu_provider,H100,on-demand,aws,2026-05-25 10:06:49.830134,2026-05-25
5.5,5.5,5.5,5.5,4.0,5.5,5.5,gpu_provider,B200,on-demand,nebius,2026-05-25 10:06:49.830134,2026-05-25
1.586945,1.586945,2.3513450000000002,1.9266775,6.0,1.58694,2.606145,gpu_provider,H100,on-demand,vastai,2026-05-25 10:06:49.830134,2026-05-25
1.549315625,2.60718125,5.030025,4.043475694444444,18.0,0.846775,9.712525,gpu_provider,H100,spot,aws,2026-05-25 10:06:49.830134,2026-05-25
12.561,13.25,13.835,13.62283870967742,31.0,10.6,21.2,gpu_provider,H200,spot,azure,2026-05-25 10:06:49.830134,2026-05-25
12.561,13.25,13.835,13.62283870967742,31.0,10.6,21.2,gpu_provider,H200,on-demand,azure,2026-05-25 10:06:49.830134,2026-05-25
10.0,10.0,10.0,10.0,44.0,10.0,10.0,gpu_provider,H200,on-demand,oci,2026-05-25 10:06:49.830134,2026-05-25
2.0108575,2.23684,3.3223675000000004,2.618859375,6.0,1.93552625,3.68421,gpu_provider,H200,spot,vastai,2026-05-25 10:06:49.830134,2026-05-25
4.3467,4.5383825,4.83921625,4.556269583333333,6.0,4.1629475,4.875605,gpu_provider,H200,on-demand,vastai,2026-05-25 10:06:49.830134,2026-05-25
3.99,3.99,3.99,3.990000000000001,7.0,3.99,3.99,gpu_provider,H200,spot,runpod,2026-05-25 10:06:49.830134,2026-05-25
4.39,4.39,4.39,4.4856,10.0,3.59,5.268,gpu_provider,H200,on-demand,runpod,2026-05-25 10:06:49.830134,2026-05-25
1.45,1.45,1.45,1.45,6.0,1.45,1.45,gpu_provider,H200,spot,nebius,2026-05-25 10:06:49.830134,2026-05-25
6.11,6.11,6.11,6.11,12.0,6.11,6.11,gpu_provider,B200,on-demand,verda,2026-05-25 10:06:49.830134,2026-05-25
1.4,1.4,1.4,1.4000000000000001,12.0,1.4,1.4,gpu_provider,H200,spot,verda,2026-05-25 10:06:49.830134,2026-05-25
4.0,4.0,4.0,4.0,12.0,4.0,4.0,gpu_provider,H200,on-demand,verda,2026-05-25 10:06:49.830134,2026-05-25
10.0,10.0,10.0,10.0,44.0,10.0,10.0,gpu_provider,H100,on-demand,oci,2026-05-25 10:06:49.830134,2026-05-25
3.99,4.09,4.19,3.9700000000000006,90.0,3.29,4.29,gpu_provider,H100,on-demand,lambdalabs,2026-05-25 10:06:49.830134,2026-05-25
2.653,2.653,2.653,2.653,1.0,2.653,2.653,gpu_provider,H100,on-demand,cudo,2026-05-25 10:06:49.830134,2026-05-25
2.99,2.99,2.99,2.935454545454546,11.0,2.39,2.99,gpu_provider,H100,spot,runpod,2026-05-25 10:06:49.830134,2026-05-25
3.29,3.29,3.29,3.2536363636363634,11.0,2.89,3.29,gpu_provider,H100,on-demand,runpod,2026-05-25 10:06:49.830134,2026-05-25
1.1666668750000002,1.466665625,1.4666671875000001,1.3333335416666667,6.0,1.066665,1.46667,gpu_provider,H100,spot,vastai,2026-05-25 10:06:49.830134,2026-05-25
3.5,3.5,3.5,3.5,6.0,3.5,3.5,gpu_provider,H200,on-demand,nebius,2026-05-25 10:06:49.830134,2026-05-25
4.4075,4.775,5.14225,4.894703663793103,116.0,3.399625,8.1925,gpu_provider,A100,on-demand,azure,2026-05-26 09:57:18.618463,2026-05-26
0.89607025,0.986515,1.331265,1.1512671136363637,110.0,0.746721,2.13005,gpu_provider,A100,spot,azure,2026-05-26 09:57:18.618463,2026-05-26
1.74505,1.80385,2.001025,1.9364922689732142,112.0,1.476055,3.010957,gpu_provider,A100,spot,gcp,2026-05-26 09:57:18.618463,2026-05-26
1.39,1.49,1.49,1.4525000000000001,8.0,1.39,1.49,gpu_provider,A100,spot,runpod,2026-05-26 09:57:18.618463,2026-05-26
2.49227125,3.6792675,4.04959090625,3.4898916517857144,112.0,2.16346,5.7077325,gpu_provider,A100,on-demand,gcp,2026-05-26 09:57:18.618463,2026-05-26
1.99,1.99,1.99,2.1233333333333326,108.0,1.99,2.79,gpu_provider,A100,on-demand,lambdalabs,2026-05-26 09:57:18.618463,2026-05-26
1.39,1.49,1.49,1.402222222222222,9.0,1.0,1.49,gpu_provider,A100,on-demand,runpod,2026-05-26 09:57:18.618463,2026-05-26
0.4515,0.6265,0.6265,0.5681666666666666,18.0,0.4515,0.6265,gpu_provider,A100,spot,verda,2026-05-26 09:57:18.618463,2026-05-26
11.277,11.277,11.277,11.277,11.0,11.277,11.277,gpu_provider,B200,on-demand,gcp,2026-05-26 09:57:18.618463,2026-05-26
4.2592,4.2796,4.6687,4.3953,9.0,3.872,5.1356,gpu_provider,B200,spot,gcp,2026-05-26 09:57:18.618463,2026-05-26
2.69231,2.7307699999999997,3.1025634374999997,3.064103020833333,12.0,2.6923075,4.102565,gpu_provider,B200,spot,vastai,2026-05-26 09:57:18.618463,2026-05-26
3.91273,4.106454375,5.14399375,4.455468541666666,12.0,3.78734625,5.15602,gpu_provider,B200,on-demand,vastai,2026-05-26 09:57:18.618463,2026-05-26
6.765000000000001,6.84,6.915,6.84,72.0,6.69,6.99,gpu_provider,B200,on-demand,lambdalabs,2026-05-26 09:57:18.618463,2026-05-26
5.49,5.49,5.49,5.49,2.0,5.49,5.49,gpu_provider,B200,spot,runpod,2026-05-26 09:57:18.618463,2026-05-26
5.89,5.89,5.89,5.89,2.0,5.89,5.89,gpu_provider,B200,on-demand,runpod,2026-05-26 09:57:18.618463,2026-05-26
2.0047,2.0047,2.0047,2.0047,1.0,2.0047,2.0047,gpu_provider,A100,on-demand,cudo,2026-05-26 09:57:18.618463,2026-05-26
1.29,1.79,1.79,1.6233333333333333,18.0,1.29,1.79,gpu_provider,A100,on-demand,verda,2026-05-26 09:57:18.618463,2026-05-26
3.1564675,3.43088125,3.801285,3.5327744761904762,21.0,2.744705,4.7027875,gpu_provider,A100,on-demand,aws,2026-05-26 09:57:18.618463,2026-05-26
,3.3786178381571172,,,,,,metric,training_inference_ratio,on-demand,,2026-05-26 09:57:18.618463,2026-05-26
2.8,2.8,2.8,2.8,1.0,2.8,2.8,gpu_provider,A100,on-demand,vultr,2026-05-26 09:57:18.618463,2026-05-26
,2.506265664160401,,,,,,metric,hyperscaler_premium_h100,on-demand,,2026-05-26 09:57:18.618463,2026-05-26
,3.99,,,,,,metric,neocloud_median_h100,on-demand,,2026-05-26 09:57:18.618463,2026-05-26
,10.0,,,,,,metric,hyperscaler_median_h100,on-demand,,2026-05-26 09:57:18.618463,2026-05-26
3.29,3.99,4.19,3.7182493595041324,121.0,1.59465,4.29,provider_h100,neocloud,on-demand,,2026-05-26 09:57:18.618463,2026-05-26
5.802393875,10.0,10.97905825,9.289376106803799,158.0,5.3832685,15.830423875,provider_h100,hyperscaler,on-demand,,2026-05-26 09:57:18.618463,2026-05-26
,0.9736141959798995,,,,,,metric,hyperscaler_premium_all,on-demand,,2026-05-26 09:57:18.618463,2026-05-26
,1.99,,,,,,metric,neocloud_median_all,on-demand,,2026-05-26 09:57:18.618463,2026-05-26
,1.93749225,,,,,,metric,hyperscaler_median_all,on-demand,,2026-05-26 09:57:18.618463,2026-05-26
1.200275,1.3732,1.91199375,1.7122597222222222,18.0,0.811825,4.1170625,gpu_provider,A100,spot,aws,2026-05-26 09:57:18.618463,2026-05-26
0.9924999999999999,1.99,3.99,inf,770.0,0.026175,inf,provider,neocloud,on-demand,,2026-05-26 09:57:18.618463,2026-05-26
2.9,2.9,2.9,2.9,4.0,2.9,2.9,gpu_provider,B200,spot,nebius,2026-05-26 09:57:18.618463,2026-05-26
0.273545,0.42385312500000005,0.56415,0.5450210852941176,2040.0,0.0684,8.172,aggregate,inference,spot,,2026-05-26 09:57:18.618463,2026-05-26
0.87925,1.2697500000000002,1.8053029999999999,1.6622844327820185,2358.0,0.343,10.98917,aggregate,inference,on-demand,,2026-05-26 09:57:18.618463,2026-05-26
0.431368,0.7242500000000001,1.345028,1.1440449537289676,4398.0,0.0684,10.98917,aggregate,inference,all,,2026-05-26 09:57:18.618463,2026-05-26
1.3642888750000002,2.0740825000000003,3.85437,3.0721347907229966,574.0,0.4515,21.2,aggregate,training,spot,,2026-05-26 09:57:18.618463,2026-05-26
3.25,4.29,6.99,5.827487671305418,1015.0,1.0,21.2,aggregate,training,on-demand,,2026-05-26 09:57:18.618463,2026-05-26
2.001025,3.99,5.7193375,4.832161961139081,1589.0,0.4515,21.2,aggregate,training,all,,2026-05-26 09:57:18.618463,2026-05-26
3.05,3.525,4.0,3.525,88.0,3.05,4.0,gpu_provider,A100,on-demand,oci,2026-05-26 09:57:18.618463,2026-05-26
1.139852,1.93749225,3.95211,3.109825271484375,4160.0,0.343,25.92,provider,hyperscaler,on-demand,,2026-05-26 09:57:18.618463,2026-05-26
5.5,5.5,5.5,5.5,4.0,5.5,5.5,gpu_provider,B200,on-demand,nebius,2026-05-26 09:57:18.618463,2026-05-26
14.0,14.0,14.0,14.0,44.0,14.0,14.0,gpu_provider,B200,on-demand,oci,2026-05-26 09:57:18.618463,2026-05-26
6.11,6.11,6.11,6.11,12.0,6.11,6.11,gpu_provider,B200,on-demand,verda,2026-05-26 09:57:18.618463,2026-05-26
2.95,2.95,2.95,2.95,2.0,2.95,2.95,gpu_provider,H100,on-demand,nebius,2026-05-26 09:57:18.618463,2026-05-26
3.5629335,3.90934,4.708348,3.9218671940993786,161.0,1.172092,5.09620175,gpu_provider,H100,spot,gcp,2026-05-26 09:57:18.618463,2026-05-26
5.596119875,10.97905825,12.51612875,9.19199803230337,89.0,5.3832685,15.830423875,gpu_provider,H100,on-demand,gcp,2026-05-26 09:57:18.618463,2026-05-26
1.1375,1.1375,1.138,1.1376999999999997,15.0,1.1375,1.138,gpu_provider,H100,spot,verda,2026-05-26 09:57:18.618463,2026-05-26
3.25,3.25,3.25,3.25,15.0,3.25,3.25,gpu_provider,H100,on-demand,verda,2026-05-26 09:57:18.618463,2026-05-26
0.9723175,1.5234537499999998,1.80385,1.4894518482142858,266.0,0.4515,4.1170625,gpu,A100,spot,,2026-05-26 09:57:18.618463,2026-05-26
2.16346,3.220091,4.09625,3.4156254303797464,474.0,1.0,8.1925,gpu,A100,on-demand,,2026-05-26 09:57:18.618463,2026-05-26
1.74505,2.353126,4.0,2.723244115709459,740.0,0.4515,8.1925,gpu,A100,all,,2026-05-26 09:57:18.618463,2026-05-26
2.139,2.76923,4.102565,3.1941329807692305,39.0,2.1385,5.49,gpu,B200,spot,,2026-05-26 09:57:18.618463,2026-05-26
6.69,6.89,14.0,8.873201417197452,157.0,3.78734625,14.0,gpu,B200,on-demand,,2026-05-26 09:57:18.618463,2026-05-26
5.406505,6.79,11.277,7.743182697704082,196.0,2.1385,14.0,gpu,B200,all,,2026-05-26 09:57:18.618463,2026-05-26
1.45,10.6,13.3825,8.118321875000001,60.0,1.4,21.2,gpu,H200,spot,,2026-05-26 09:57:18.618463,2026-05-26
4.43058,10.0,11.66,9.382583928571428,105.0,3.0717525,21.2,gpu,H200,on-demand,,2026-05-26 09:57:18.618463,2026-05-26
4.0,10.0,13.25,8.922852272727273,165.0,1.4,21.2,gpu,H200,all,,2026-05-26 09:57:18.618463,2026-05-26
2.99,3.704866,4.708348,3.615027174641148,209.0,0.847375,9.6989625,gpu,H100,spot,,2026-05-26 09:57:18.618463,2026-05-26
4.09,5.532804875,10.0,6.873224363351255,279.0,1.59465,15.830423875,gpu,H100,on-demand,,2026-05-26 09:57:18.618463,2026-05-26
3.517728,4.28233,5.802393875,5.477807944415984,488.0,0.847375,15.830423875,gpu,H100,all,,2026-05-26 09:57:18.618463,2026-05-26
1.25,1.25,1.25,1.25,2.0,1.25,1.25,gpu_provider,H100,spot,nebius,2026-05-26 09:57:18.618463,2026-05-26
6.88,8.256,8.944,8.385344,25.0,6.88,11.5584,gpu_provider,H100,on-demand,aws,2026-05-26 09:57:18.618463,2026-05-26
2.1385,2.138625,2.1388125,2.1386875,12.0,2.1385,2.139,gpu_provider,B200,spot,verda,2026-05-26 09:57:18.618463,2026-05-26
2.653,2.653,2.653,2.653,1.0,2.653,2.653,gpu_provider,H100,on-demand,cudo,2026-05-26 09:57:18.618463,2026-05-26
12.561,13.25,13.835,13.62283870967742,31.0,10.6,21.2,gpu_provider,H200,spot,azure,2026-05-26 09:57:18.618463,2026-05-26
12.561,13.25,13.835,13.62283870967742,31.0,10.6,21.2,gpu_provider,H200,on-demand,azure,2026-05-26 09:57:18.618463,2026-05-26
10.0,10.0,10.0,10.0,44.0,10.0,10.0,gpu_provider,H200,on-demand,oci,2026-05-26 09:57:18.618463,2026-05-26
2.2368425,3.55263,3.68421,3.0702625,5.0,2.19342,3.68421,gpu_provider,H200,spot,vastai,2026-05-26 09:57:18.618463,2026-05-26
4.43058,4.714695,4.722545,4.7866625,5.0,3.0717525,6.99374,gpu_provider,H200,on-demand,vastai,2026-05-26 09:57:18.618463,2026-05-26
1.572675,2.62866875,5.2457875000000005,4.0945124999999996,18.0,0.847375,9.6989625,gpu_provider,H100,spot,aws,2026-05-26 09:57:18.618463,2026-05-26
4.39,4.39,4.39,4.275714285714286,7.0,3.59,4.39,gpu_provider,H200,on-demand,runpod,2026-05-26 09:57:18.618463,2026-05-26
1.45,1.45,1.45,1.45,6.0,1.45,1.45,gpu_provider,H200,spot,nebius,2026-05-26 09:57:18.618463,2026-05-26
3.99,3.99,3.99,3.9900000000000007,6.0,3.99,3.99,gpu_provider,H200,spot,runpod,2026-05-26 09:57:18.618463,2026-05-26
1.4,1.4,1.4,1.4000000000000001,12.0,1.4,1.4,gpu_provider,H200,spot,verda,2026-05-26 09:57:18.618463,2026-05-26
4.0,4.0,4.0,4.0,12.0,4.0,4.0,gpu_provider,H200,on-demand,verda,2026-05-26 09:57:18.618463,2026-05-26
10.0,10.0,10.0,10.0,44.0,10.0,10.0,gpu_provider,H100,on-demand,oci,2026-05-26 09:57:18.618463,2026-05-26
3.99,4.09,4.19,3.9700000000000006,90.0,3.29,4.29,gpu_provider,H100,on-demand,lambdalabs,2026-05-26 09:57:18.618463,2026-05-26
2.99,2.99,2.99,2.99,8.0,2.99,2.99,gpu_provider,H100,spot,runpod,2026-05-26 09:57:18.618463,2026-05-26
3.29,3.29,3.29,3.29,8.0,3.29,3.29,gpu_provider,H100,on-demand,runpod,2026-05-26 09:57:18.618463,2026-05-26
1.466665,1.46666625,1.4666675,1.3866672500000001,5.0,1.0666675,1.46667,gpu_provider,H100,spot,vastai,2026-05-26 09:57:18.618463,2026-05-26
1.5946525,1.5946525,1.594655,1.7970345,5.0,1.59465,2.6065625,gpu_provider,H100,on-demand,vastai,2026-05-26 09:57:18.618463,2026-05-26
3.5,3.5,3.5,3.5,6.0,3.5,3.5,gpu_provider,H200,on-demand,nebius,2026-05-26 09:57:18.618463,2026-05-26
1.74505,1.80385,2.001025,1.9364922689732142,112.0,1.476055,3.010957,gpu_provider,A100,spot,gcp,2026-05-27 09:50:51.181267,2026-05-27
2.49227125,3.6792675,4.04959090625,3.4898916517857144,112.0,2.16346,5.7077325,gpu_provider,A100,on-demand,gcp,2026-05-27 09:50:51.181267,2026-05-27
1.44,1.49,1.49,1.4614285714285715,7.0,1.39,1.49,gpu_provider,A100,spot,runpod,2026-05-27 09:50:51.181267,2026-05-27
1.39,1.49,1.49,1.40375,8.0,1.0,1.49,gpu_provider,A100,on-demand,runpod,2026-05-27 09:50:51.181267,2026-05-27
0.89607025,0.986515,1.331265,1.1512671136363637,110.0,0.746721,2.13005,gpu_provider,A100,spot,azure,2026-05-27 09:50:51.181267,2026-05-27
4.4075,4.775,5.14225,4.894703663793103,116.0,3.399625,8.1925,gpu_provider,A100,on-demand,azure,2026-05-27 09:50:51.181267,2026-05-27
0.4515,0.6265,0.6265,0.5681666666666666,18.0,0.4515,0.6265,gpu_provider,A100,spot,verda,2026-05-27 09:50:51.181267,2026-05-27
5.89,5.89,5.89,5.89,2.0,5.89,5.89,gpu_provider,B200,on-demand,runpod,2026-05-27 09:50:51.181267,2026-05-27
14.0,14.0,14.0,14.0,44.0,14.0,14.0,gpu_provider,B200,on-demand,oci,2026-05-27 09:50:51.181267,2026-05-27
4.2592,4.2796,4.6687,4.3953,9.0,3.872,5.1356,gpu_provider,B200,spot,gcp,2026-05-27 09:50:51.181267,2026-05-27
11.277,11.277,11.277,11.277,11.0,11.277,11.277,gpu_provider,B200,on-demand,gcp,2026-05-27 09:50:51.181267,2026-05-27
6.765000000000001,6.84,6.915,6.84,72.0,6.69,6.99,gpu_provider,B200,on-demand,lambdalabs,2026-05-27 09:50:51.181267,2026-05-27
2.69231,2.7641025,3.4230759375,3.53974375,12.0,2.6923075,7.3076925,gpu_provider,B200,spot,vastai,2026-05-27 09:50:51.181267,2026-05-27
4.07481625,4.924178749999999,5.1419,4.948318958333334,12.0,3.912015,7.3921375,gpu_provider,B200,on-demand,vastai,2026-05-27 09:50:51.181267,2026-05-27
5.49,5.49,5.49,5.49,2.0,5.49,5.49,gpu_provider,B200,spot,runpod,2026-05-27 09:50:51.181267,2026-05-27
1.99,1.99,1.99,2.1233333333333326,108.0,1.99,2.79,gpu_provider,A100,on-demand,lambdalabs,2026-05-27 09:50:51.181267,2026-05-27
1.29,1.79,1.79,1.6233333333333333,18.0,1.29,1.79,gpu_provider,A100,on-demand,verda,2026-05-27 09:50:51.181267,2026-05-27
2.0047,2.0047,2.0047,2.0047,1.0,2.0047,2.0047,gpu_provider,A100,on-demand,cudo,2026-05-27 09:50:51.181267,2026-05-27
,3.451936308236682,,,,,,metric,training_inference_ratio,on-demand,,2026-05-27 09:50:51.181267,2026-05-27
1.211925,1.3902875,1.951515625,1.7207847222222221,18.0,0.78795,4.1170625,gpu_provider,A100,spot,aws,2026-05-27 09:50:51.181267,2026-05-27
2.9,2.9,2.9,2.9,4.0,2.9,2.9,gpu_provider,B200,spot,nebius,2026-05-27 09:50:51.181267,2026-05-27
,3.99,,,,,,metric,neocloud_median_h100,on-demand,,2026-05-27 09:50:51.181267,2026-05-27
,10.0,,,,,,metric,hyperscaler_median_h100,on-demand,,2026-05-27 09:50:51.181267,2026-05-27
3.29,3.99,4.19,3.707597022357724,123.0,1.5992,4.29,provider_h100,neocloud,on-demand,,2026-05-27 09:50:51.181267,2026-05-27
5.802393875,10.0,10.97905825,9.289376106803799,158.0,5.3832685,15.830423875,provider_h100,hyperscaler,on-demand,,2026-05-27 09:50:51.181267,2026-05-27
,0.9736141959798995,,,,,,metric,hyperscaler_premium_all,on-demand,,2026-05-27 09:50:51.181267,2026-05-27
,1.99,,,,,,metric,neocloud_median_all,on-demand,,2026-05-27 09:50:51.181267,2026-05-27
,1.93749225,,,,,,metric,hyperscaler_median_all,on-demand,,2026-05-27 09:50:51.181267,2026-05-27
0.79,1.99,3.99,inf,793.0,0.02428,inf,provider,neocloud,on-demand,,2026-05-27 09:50:51.181267,2026-05-27
1.139852,1.93749225,3.95211,3.109825271484375,4160.0,0.343,25.92,provider,hyperscaler,on-demand,,2026-05-27 09:50:51.181267,2026-05-27
0.273545,0.4256,0.56415,0.5502111388753056,2045.0,0.0684,8.172,aggregate,inference,spot,,2026-05-27 09:50:51.181267,2026-05-27
0.88,1.27175,1.8214869999999999,1.6666695395850974,2362.0,0.343,10.98917,aggregate,inference,on-demand,,2026-05-27 09:50:51.181267,2026-05-27
0.431368,0.729998,1.352027,1.148594334354436,4407.0,0.0684,10.98917,aggregate,inference,all,,2026-05-27 09:50:51.181267,2026-05-27
1.385899375,2.07999,3.852315,3.087884420513937,574.0,0.4515,21.2,aggregate,training,spot,,2026-05-27 09:50:51.181267,2026-05-27
3.25,4.39,6.99,5.838340655235988,1017.0,1.0,21.2,aggregate,training,on-demand,,2026-05-27 09:50:51.181267,2026-05-27
2.001025,3.99,5.754749375,4.846032749057197,1591.0,0.4515,21.2,aggregate,training,all,,2026-05-27 09:50:51.181267,2026-05-27
3.05,3.525,4.0,3.525,88.0,3.05,4.0,gpu_provider,A100,on-demand,oci,2026-05-27 09:50:51.181267,2026-05-27
3.1564675,3.43088125,3.801285,3.5327744761904762,21.0,2.744705,4.7027875,gpu_provider,A100,on-demand,aws,2026-05-27 09:50:51.181267,2026-05-27
,2.506265664160401,,,,,,metric,hyperscaler_premium_h100,on-demand,,2026-05-27 09:50:51.181267,2026-05-27
5.5,5.5,5.5,5.5,4.0,5.5,5.5,gpu_provider,B200,on-demand,nebius,2026-05-27 09:50:51.181267,2026-05-27
6.11,6.11,6.11,6.11,12.0,6.11,6.11,gpu_provider,B200,on-demand,verda,2026-05-27 09:50:51.181267,2026-05-27
2.95,2.95,2.95,2.95,2.0,2.95,2.95,gpu_provider,H100,on-demand,nebius,2026-05-27 09:50:51.181267,2026-05-27
3.5629335,3.90934,4.708348,3.9218671940993786,161.0,1.172092,5.09620175,gpu_provider,H100,spot,gcp,2026-05-27 09:50:51.181267,2026-05-27
5.596119875,10.97905825,12.51612875,9.19199803230337,89.0,5.3832685,15.830423875,gpu_provider,H100,on-demand,gcp,2026-05-27 09:50:51.181267,2026-05-27
1.1375,1.1375,1.138,1.1376999999999997,15.0,1.1375,1.138,gpu_provider,H100,spot,verda,2026-05-27 09:50:51.181267,2026-05-27
3.25,3.25,3.25,3.25,15.0,3.25,3.25,gpu_provider,H100,on-demand,verda,2026-05-27 09:50:51.181267,2026-05-27
0.9723175,1.523925,1.80385,1.4904061948113208,265.0,0.4515,4.1170625,gpu,A100,spot,,2026-05-27 09:50:51.181267,2026-05-27
2.16346,3.220091,4.101451875,3.4212213008474572,472.0,1.0,8.1925,gpu,A100,on-demand,,2026-05-27 09:50:51.181267,2026-05-27
1.74505,2.353126,4.0,2.726966208446404,737.0,0.4515,8.1925,gpu,A100,all,,2026-05-27 09:50:51.181267,2026-05-27
2.139,2.76923,4.2694,3.3404839743589743,39.0,2.1385,7.3076925,gpu,B200,spot,,2026-05-27 09:50:51.181267,2026-05-27
6.69,6.89,14.0,8.910871512738852,157.0,3.912015,14.0,gpu,B200,on-demand,,2026-05-27 09:50:51.181267,2026-05-27
5.5,6.79,11.277,7.802478073979591,196.0,2.1385,14.0,gpu,B200,all,,2026-05-27 09:50:51.181267,2026-05-27
1.45,10.6,13.515,8.210684173728813,59.0,1.4,21.2,gpu,H200,spot,,2026-05-27 09:50:51.181267,2026-05-27
4.9954025,10.0,11.66,9.34591875,107.0,3.5,21.2,gpu,H200,on-demand,,2026-05-27 09:50:51.181267,2026-05-27
4.0,10.0,13.1175,8.942431762048194,166.0,1.4,21.2,gpu,H200,all,,2026-05-27 09:50:51.181267,2026-05-27
2.99,3.704866,4.708348,3.615065281990521,211.0,0.8553,9.679825,gpu,H100,spot,,2026-05-27 09:50:51.181267,2026-05-27
4.09,5.532619375,10.0,6.846106258451958,281.0,1.5992,15.830423875,gpu,H100,on-demand,,2026-05-27 09:50:51.181267,2026-05-27
3.517728,4.28233,5.762968625,5.460436246189025,492.0,0.8553,15.830423875,gpu,H100,all,,2026-05-27 09:50:51.181267,2026-05-27
1.25,1.25,1.25,1.25,2.0,1.25,1.25,gpu_provider,H100,spot,nebius,2026-05-27 09:50:51.181267,2026-05-27
6.88,8.256,8.944,8.385344,25.0,6.88,11.5584,gpu_provider,H100,on-demand,aws,2026-05-27 09:50:51.181267,2026-05-27
2.1385,2.138625,2.1388125,2.1386875,12.0,2.1385,2.139,gpu_provider,B200,spot,verda,2026-05-27 09:50:51.181267,2026-05-27
3.29,3.29,3.29,3.25,10.0,2.89,3.29,gpu_provider,H100,on-demand,runpod,2026-05-27 09:50:51.181267,2026-05-27
1.60630625,2.6184000000000003,5.491303125,4.123665972222223,18.0,0.8553,9.679825,gpu_provider,H100,spot,aws,2026-05-27 09:50:51.181267,2026-05-27
12.561,13.25,13.835,13.62283870967742,31.0,10.6,21.2,gpu_provider,H200,spot,azure,2026-05-27 09:50:51.181267,2026-05-27
12.561,13.25,13.835,13.62283870967742,31.0,10.6,21.2,gpu_provider,H200,on-demand,azure,2026-05-27 09:50:51.181267,2026-05-27
10.0,10.0,10.0,10.0,44.0,10.0,10.0,gpu_provider,H200,on-demand,oci,2026-05-27 09:50:51.181267,2026-05-27
3.68421,3.68421,3.68421,3.33447325,5.0,1.93552625,3.68421,gpu_provider,H200,spot,vastai,2026-05-27 09:50:51.181267,2026-05-27
3.99,3.99,3.99,3.9900000000000007,5.0,3.99,3.99,gpu_provider,H200,spot,runpod,2026-05-27 09:50:51.181267,2026-05-27
4.39,4.39,5.268,4.5937777777777775,9.0,3.59,5.268,gpu_provider,H200,on-demand,runpod,2026-05-27 09:50:51.181267,2026-05-27
1.45,1.45,1.45,1.45,6.0,1.45,1.45,gpu_provider,H200,spot,nebius,2026-05-27 09:50:51.181267,2026-05-27
4.41149625,4.722805,7.04565,5.47226125,5.0,4.1357,7.045655,gpu_provider,H200,on-demand,vastai,2026-05-27 09:50:51.181267,2026-05-27
1.4,1.4,1.4,1.4000000000000001,12.0,1.4,1.4,gpu_provider,H200,spot,verda,2026-05-27 09:50:51.181267,2026-05-27
4.0,4.0,4.0,4.0,12.0,4.0,4.0,gpu_provider,H200,on-demand,verda,2026-05-27 09:50:51.181267,2026-05-27
10.0,10.0,10.0,10.0,44.0,10.0,10.0,gpu_provider,H100,on-demand,oci,2026-05-27 09:50:51.181267,2026-05-27
2.99,2.99,2.99,2.9300000000000006,10.0,2.39,2.99,gpu_provider,H100,spot,runpod,2026-05-27 09:50:51.181267,2026-05-27
3.99,4.09,4.19,3.9700000000000006,90.0,3.29,4.29,gpu_provider,H100,on-demand,lambdalabs,2026-05-27 09:50:51.181267,2026-05-27
2.653,2.653,2.653,2.653,1.0,2.653,2.653,gpu_provider,H100,on-demand,cudo,2026-05-27 09:50:51.181267,2026-05-27
1.46666625,1.4666675,1.46667,1.6533337500000003,5.0,1.466665,2.4,gpu_provider,H100,spot,vastai,2026-05-27 09:50:51.181267,2026-05-27
1.5992,1.59920125,1.5992025,1.78628675,5.0,1.5992,2.53463,gpu_provider,H100,on-demand,vastai,2026-05-27 09:50:51.181267,2026-05-27
3.5,3.5,3.5,3.5,6.0,3.5,3.5,gpu_provider,H200,on-demand,nebius,2026-05-27 09:50:51.181267,2026-05-27
1.39,1.39,1.39,1.39,1.0,1.39,1.39,gpu_provider,A100,on-demand,runpod,2026-05-28 10:01:52.203979,2026-05-28
1.39,1.39,1.39,1.39,1.0,1.39,1.39,gpu_provider,A100,spot,runpod,2026-05-28 10:01:52.203979,2026-05-28
2.0047,2.0047,2.0047,2.0047,1.0,2.0047,2.0047,gpu_provider,A100,on-demand,cudo,2026-05-28 10:01:52.203979,2026-05-28
1.74505,1.80385,2.001025,1.9364922689732142,112.0,1.476055,3.010957,gpu_provider,A100,spot,gcp,2026-05-28 10:01:52.203979,2026-05-28
1.99,1.99,1.99,2.1233333333333326,108.0,1.99,2.79,gpu_provider,A100,on-demand,lambdalabs,2026-05-28 10:01:52.203979,2026-05-28
0.89607025,0.986515,1.331265,1.1512671136363637,110.0,0.746721,2.13005,gpu_provider,A100,spot,azure,2026-05-28 10:01:52.203979,2026-05-28
2.49227125,3.6792675,4.04959090625,3.4898916517857144,112.0,2.16346,5.7077325,gpu_provider,A100,on-demand,gcp,2026-05-28 10:01:52.203979,2026-05-28
4.4075,4.775,5.14225,4.894703663793103,116.0,3.399625,8.1925,gpu_provider,A100,on-demand,azure,2026-05-28 10:01:52.203979,2026-05-28
5.49,5.49,5.49,5.489999999999999,3.0,5.49,5.49,gpu_provider,B200,spot,runpod,2026-05-28 10:01:52.203979,2026-05-28
1.29,1.79,1.79,1.6233333333333333,18.0,1.29,1.79,gpu_provider,A100,on-demand,verda,2026-05-28 10:01:52.203979,2026-05-28
14.0,14.0,14.0,14.0,44.0,14.0,14.0,gpu_provider,B200,on-demand,oci,2026-05-28 10:01:52.203979,2026-05-28
4.2592,4.2796,4.6687,4.3953,9.0,3.872,5.1356,gpu_provider,B200,spot,gcp,2026-05-28 10:01:52.203979,2026-05-28
11.277,11.277,11.277,11.277,11.0,11.277,11.277,gpu_provider,B200,on-demand,gcp,2026-05-28 10:01:52.203979,2026-05-28
6.2499987500000005,7.69230625,8.3333328125,6.8910253125,4.0,3.846155,8.33333375,gpu_provider,B200,spot,vastai,2026-05-28 10:01:52.203979,2026-05-28
6.7045425000000005,7.859229375,8.3859290625,7.2312421874999995,4.0,4.82058,8.38593,gpu_provider,B200,on-demand,vastai,2026-05-28 10:01:52.203979,2026-05-28
6.765000000000001,6.84,6.915,6.84,72.0,6.69,6.99,gpu_provider,B200,on-demand,lambdalabs,2026-05-28 10:01:52.203979,2026-05-28
3.1564675,3.43088125,3.801285,3.5327744761904762,21.0,2.744705,4.7027875,gpu_provider,A100,on-demand,aws,2026-05-28 10:01:52.203979,2026-05-28
0.4515,0.6265,0.6265,0.5681666666666666,18.0,0.4515,0.6265,gpu_provider,A100,spot,verda,2026-05-28 10:01:52.203979,2026-05-28
1.216028125,1.4723875,2.030090625,1.7339069444444446,18.0,0.75575,4.1170625,gpu_provider,A100,spot,aws,2026-05-28 10:01:52.203979,2026-05-28
0.273545,0.424923,0.56415,0.5439983025540275,2036.0,0.0684,8.172,aggregate,inference,spot,,2026-05-28 10:01:52.203979,2026-05-28
3.05,3.525,4.0,3.525,88.0,3.05,4.0,gpu_provider,A100,on-demand,oci,2026-05-28 10:01:52.203979,2026-05-28
,2.506265664160401,,,,,,metric,hyperscaler_premium_h100,on-demand,,2026-05-28 10:01:52.203979,2026-05-28
5.89,5.89,5.89,5.89,3.0,5.89,5.89,gpu_provider,B200,on-demand,runpod,2026-05-28 10:01:52.203979,2026-05-28
,10.0,,,,,,metric,hyperscaler_median_h100,on-demand,,2026-05-28 10:01:52.203979,2026-05-28
3.29,3.99,4.19,3.7078406147540988,122.0,1.60399,4.29,provider_h100,neocloud,on-demand,,2026-05-28 10:01:52.203979,2026-05-28
5.802393875,10.0,10.97905825,9.289376106803799,158.0,5.3832685,15.830423875,provider_h100,hyperscaler,on-demand,,2026-05-28 10:01:52.203979,2026-05-28
,0.9742713567839196,,,,,,metric,hyperscaler_premium_all,on-demand,,2026-05-28 10:01:52.203979,2026-05-28
,1.99,,,,,,metric,neocloud_median_all,on-demand,,2026-05-28 10:01:52.203979,2026-05-28
,1.9388,,,,,,metric,hyperscaler_median_all,on-demand,,2026-05-28 10:01:52.203979,2026-05-28
2.8,2.8,2.8,2.8,1.0,2.8,2.8,gpu_provider,A100,on-demand,vultr,2026-05-28 10:01:52.203979,2026-05-28
1.04,1.99,4.0,inf,756.0,0.02687,inf,provider,neocloud,on-demand,,2026-05-28 10:01:52.203979,2026-05-28
,3.453783033192507,,,,,,metric,training_inference_ratio,on-demand,,2026-05-28 10:01:52.203979,2026-05-28
0.88,1.27107,1.805447,1.6640271833829152,2353.0,0.343,10.98917,aggregate,inference,on-demand,,2026-05-28 10:01:52.203979,2026-05-28
0.432035,0.727708,1.345028,1.144460356915015,4389.0,0.0684,10.98917,aggregate,inference,all,,2026-05-28 10:01:52.203979,2026-05-28
1.36441875,2.1295,3.90299475,3.115203519517544,570.0,0.13333,21.2,aggregate,training,spot,,2026-05-28 10:01:52.203979,2026-05-28
3.25,4.39,6.99,5.858950760993083,1012.0,1.11722,21.2,aggregate,training,on-demand,,2026-05-28 10:01:52.203979,2026-05-28
2.0019437499999997,3.99,5.754749375,4.870369264380531,1582.0,0.13333,21.2,aggregate,training,all,,2026-05-28 10:01:52.203979,2026-05-28
0.136665,0.14,0.5700000000000001,0.42444333333333334,3.0,0.13333,1.0,gpu_provider,A100,spot,vastai,2026-05-28 10:01:52.203979,2026-05-28
1.13708,1.15694,1.678013125,1.4910820833333336,3.0,1.11722,2.19908625,gpu_provider,A100,on-demand,vastai,2026-05-28 10:01:52.203979,2026-05-28
1.139852,1.9388,3.95211,3.1103655754325885,4161.0,0.343,25.92,provider,hyperscaler,on-demand,,2026-05-28 10:01:52.203979,2026-05-28
,3.99,,,,,,metric,neocloud_median_h100,on-demand,,2026-05-28 10:01:52.203979,2026-05-28
2.9,2.9,2.9,2.9,4.0,2.9,2.9,gpu_provider,B200,spot,nebius,2026-05-28 10:01:52.203979,2026-05-28
2.1385,2.138625,2.1388125,2.1386875,12.0,2.1385,2.139,gpu_provider,B200,spot,verda,2026-05-28 10:01:52.203979,2026-05-28
2.95,2.95,2.95,2.95,2.0,2.95,2.95,gpu_provider,H100,on-demand,nebius,2026-05-28 10:01:52.203979,2026-05-28
3.5629335,3.90934,4.708348,3.9218671940993786,161.0,1.172092,5.09620175,gpu_provider,H100,spot,gcp,2026-05-28 10:01:52.203979,2026-05-28
5.596119875,10.97905825,12.51612875,9.19199803230337,89.0,5.3832685,15.830423875,gpu_provider,H100,on-demand,gcp,2026-05-28 10:01:52.203979,2026-05-28
1.1375,1.1375,1.138,1.1376999999999997,15.0,1.1375,1.138,gpu_provider,H100,spot,verda,2026-05-28 10:01:52.203979,2026-05-28
3.25,3.25,3.25,3.25,15.0,3.25,3.25,gpu_provider,H100,on-demand,verda,2026-05-28 10:01:52.203979,2026-05-28
0.9707575,1.54961625,1.80385,1.4794930214694657,262.0,0.13333,4.1170625,gpu,A100,spot,,2026-05-28 10:01:52.203979,2026-05-28
1.759828,2.353126,4.0,2.735809674247606,731.0,0.13333,8.1925,gpu,A100,all,,2026-05-28 10:01:52.203979,2026-05-28
2.13875,3.3730775,4.678425000000001,3.7767516015625002,32.0,2.1385,8.33333375,gpu,B200,spot,,2026-05-28 10:01:52.203979,2026-05-28
6.715,6.99,14.0,9.162946458333334,150.0,4.82058,14.0,gpu,B200,on-demand,,2026-05-28 10:01:52.203979,2026-05-28
6.11,6.89,11.277,8.215923186813187,182.0,2.1385,14.0,gpu,B200,all,,2026-05-28 10:01:52.203979,2026-05-28
1.45,3.99,13.25,7.6952679356060605,66.0,1.4,21.2,gpu,H200,spot,,2026-05-28 10:01:52.203979,2026-05-28
4.39,10.0,10.6,9.048570984513274,113.0,3.5,21.2,gpu,H200,on-demand,,2026-05-28 10:01:52.203979,2026-05-28
4.0,10.0,12.72,8.54958773743017,179.0,1.4,21.2,gpu,H200,all,,2026-05-28 10:01:52.203979,2026-05-28
2.99,3.704866,4.708348,3.6156909500000003,210.0,0.8702625,9.6664375,gpu,H100,spot,,2026-05-28 10:01:52.203979,2026-05-28
4.09,5.532712125,10.0,6.857421356696428,280.0,1.60399,15.830423875,gpu,H100,on-demand,,2026-05-28 10:01:52.203979,2026-05-28
3.517728,4.28233,5.762968625,5.468108325255102,490.0,0.8702625,15.830423875,gpu,H100,all,,2026-05-28 10:01:52.203979,2026-05-28
5.5,5.5,5.5,5.5,4.0,5.5,5.5,gpu_provider,B200,on-demand,nebius,2026-05-28 10:01:52.203979,2026-05-28
1.25,1.25,1.25,1.25,2.0,1.25,1.25,gpu_provider,H100,spot,nebius,2026-05-28 10:01:52.203979,2026-05-28
6.88,8.256,8.944,8.385344,25.0,6.88,11.5584,gpu_provider,H100,on-demand,aws,2026-05-28 10:01:52.203979,2026-05-28
2.353126,3.29305,4.1170575,3.4376326231343284,469.0,1.11722,8.1925,gpu,A100,on-demand,,2026-05-28 10:01:52.203979,2026-05-28
1.6039925,1.6039937499999999,2.20991625,1.9055924999999998,6.0,1.60399,2.605695,gpu_provider,H100,on-demand,vastai,2026-05-28 10:01:52.203979,2026-05-28
1.564803125,2.625175,5.54681875,4.137628472222222,18.0,0.8702625,9.6664375,gpu_provider,H100,spot,aws,2026-05-28 10:01:52.203979,2026-05-28
12.561,13.25,13.835,13.62283870967742,31.0,10.6,21.2,gpu_provider,H200,spot,azure,2026-05-28 10:01:52.203979,2026-05-28
12.561,13.25,13.835,13.62283870967742,31.0,10.6,21.2,gpu_provider,H200,on-demand,azure,2026-05-28 10:01:52.203979,2026-05-28
10.0,10.0,10.0,10.0,44.0,10.0,10.0,gpu_provider,H200,on-demand,oci,2026-05-28 10:01:52.203979,2026-05-28
2.77,3.227105,3.68421,3.2149683749999993,10.0,2.658,3.7355275,gpu_provider,H200,spot,vastai,2026-05-28 10:01:52.203979,2026-05-28
4.3895856250000005,4.6426099999999995,4.71878,4.632452125,10.0,4.13679,5.23797,gpu_provider,H200,on-demand,vastai,2026-05-28 10:01:52.203979,2026-05-28
3.99,3.99,3.99,3.990000000000001,7.0,3.99,3.99,gpu_provider,H200,spot,runpod,2026-05-28 10:01:52.203979,2026-05-28
4.39,4.39,4.39,4.4856,10.0,3.59,5.268,gpu_provider,H200,on-demand,runpod,2026-05-28 10:01:52.203979,2026-05-28
1.45,1.45,1.45,1.45,6.0,1.45,1.45,gpu_provider,H200,spot,nebius,2026-05-28 10:01:52.203979,2026-05-28
6.11,6.11,6.11,6.11,12.0,6.11,6.11,gpu_provider,B200,on-demand,verda,2026-05-28 10:01:52.203979,2026-05-28
1.4,1.4,1.4,1.4000000000000001,12.0,1.4,1.4,gpu_provider,H200,spot,verda,2026-05-28 10:01:52.203979,2026-05-28
3.5,3.5,3.5,3.5,6.0,3.5,3.5,gpu_provider,H200,on-demand,nebius,2026-05-28 10:01:52.203979,2026-05-28
2.653,2.653,2.653,2.653,1.0,2.653,2.653,gpu_provider,H100,on-demand,cudo,2026-05-28 10:01:52.203979,2026-05-28
3.29,3.29,3.29,3.29,8.0,3.29,3.29,gpu_provider,H100,on-demand,runpod,2026-05-28 10:01:52.203979,2026-05-28
2.99,2.99,2.99,2.99,8.0,2.99,2.99,gpu_provider,H100,spot,runpod,2026-05-28 10:01:52.203979,2026-05-28
1.4666665625,1.46666875,1.7541675,1.6519447916666667,6.0,1.466665,2.195,gpu_provider,H100,spot,vastai,2026-05-28 10:01:52.203979,2026-05-28
10.0,10.0,10.0,10.0,44.0,10.0,10.0,gpu_provider,H100,on-demand,oci,2026-05-28 10:01:52.203979,2026-05-28
4.0,4.0,4.0,4.0,12.0,4.0,4.0,gpu_provider,H200,on-demand,verda,2026-05-28 10:01:52.203979,2026-05-28
3.99,4.09,4.19,3.9700000000000006,90.0,3.29,4.29,gpu_provider,H100,on-demand,lambdalabs,2026-05-28 10:01:52.203979,2026-05-28
0.89607025,0.986515,1.331265,1.1512671136363637,110.0,0.746721,2.13005,gpu_provider,A100,spot,azure,2026-05-29 09:54:59.974580,2026-05-29
1.99,1.99,1.99,2.1233333333333326,108.0,1.99,2.79,gpu_provider,A100,on-demand,lambdalabs,2026-05-29 09:54:59.974580,2026-05-29
1.74505,1.80385,2.001025,1.9364922689732142,112.0,1.476055,3.010957,gpu_provider,A100,spot,gcp,2026-05-29 09:54:59.974580,2026-05-29
2.49227125,3.6792675,4.04959090625,3.4898916517857144,112.0,2.16346,5.7077325,gpu_provider,A100,on-demand,gcp,2026-05-29 09:54:59.974580,2026-05-29
1.44,1.49,1.49,1.4566666666666668,3.0,1.39,1.49,gpu_provider,A100,spot,runpod,2026-05-29 09:54:59.974580,2026-05-29
2.0047,2.0047,2.0047,2.0047,1.0,2.0047,2.0047,gpu_provider,A100,on-demand,cudo,2026-05-29 09:54:59.974580,2026-05-29
1.4649999999999999,1.49,1.5645,1.5395,4.0,1.39,1.788,gpu_provider,A100,on-demand,runpod,2026-05-29 09:54:59.974580,2026-05-29
4.4075,4.775,5.14225,4.894703663793103,116.0,3.399625,8.1925,gpu_provider,A100,on-demand,azure,2026-05-29 09:54:59.974580,2026-05-29
5.1830925,8.5298,8.5298025,7.191118499999999,5.0,5.1830925,8.529805,gpu_provider,B200,on-demand,vastai,2026-05-29 09:54:59.974580,2026-05-29
1.29,1.79,1.79,1.6233333333333333,18.0,1.29,1.79,gpu_provider,A100,on-demand,verda,2026-05-29 09:54:59.974580,2026-05-29
14.0,14.0,14.0,14.0,44.0,14.0,14.0,gpu_provider,B200,on-demand,oci,2026-05-29 09:54:59.974580,2026-05-29
4.102565,8.33333,8.3333325,6.64102525,5.0,4.10256375,8.333335,gpu_provider,B200,spot,vastai,2026-05-29 09:54:59.974580,2026-05-29
4.2592,4.2796,4.6687,4.3953,9.0,3.872,5.1356,gpu_provider,B200,spot,gcp,2026-05-29 09:54:59.974580,2026-05-29
11.277,11.277,11.277,11.277,11.0,11.277,11.277,gpu_provider,B200,on-demand,gcp,2026-05-29 09:54:59.974580,2026-05-29
6.765000000000001,6.84,6.915,6.84,72.0,6.69,6.99,gpu_provider,B200,on-demand,lambdalabs,2026-05-29 09:54:59.974580,2026-05-29
5.49,5.49,5.49,5.49,2.0,5.49,5.49,gpu_provider,B200,spot,runpod,2026-05-29 09:54:59.974580,2026-05-29
3.1564675,3.43088125,3.801285,3.5327744761904762,21.0,2.744705,4.7027875,gpu_provider,A100,on-demand,aws,2026-05-29 09:54:59.974580,2026-05-29
0.4515,0.6265,0.6265,0.5681666666666666,18.0,0.4515,0.6265,gpu_provider,A100,spot,verda,2026-05-29 09:54:59.974580,2026-05-29
1.215303125,1.4987875,1.9843468750000002,1.7341298611111111,18.0,0.7328625,4.1170625,gpu_provider,A100,spot,aws,2026-05-29 09:54:59.974580,2026-05-29
5.89,5.89,5.89,5.89,2.0,5.89,5.89,gpu_provider,B200,on-demand,runpod,2026-05-29 09:54:59.974580,2026-05-29
1.1144425,1.114445,1.15426,1.1270321428571428,7.0,1.073855,1.16352,gpu_provider,A100,on-demand,vastai,2026-05-29 09:54:59.974580,2026-05-29
,3.99,,,,,,metric,neocloud_median_h100,on-demand,,2026-05-29 09:54:59.974580,2026-05-29
,10.0,,,,,,metric,hyperscaler_median_h100,on-demand,,2026-05-29 09:54:59.974580,2026-05-29
3.29,3.99,4.19,3.7275005737704925,122.0,1.60781,4.98903,provider_h100,neocloud,on-demand,,2026-05-29 09:54:59.974580,2026-05-29
5.802393875,10.0,10.97905825,9.289376106803799,158.0,5.3832685,15.830423875,provider_h100,hyperscaler,on-demand,,2026-05-29 09:54:59.974580,2026-05-29
,0.9742713567839196,,,,,,metric,hyperscaler_premium_all,on-demand,,2026-05-29 09:54:59.974580,2026-05-29
,1.99,,,,,,metric,neocloud_median_all,on-demand,,2026-05-29 09:54:59.974580,2026-05-29
,1.9388,,,,,,metric,hyperscaler_median_all,on-demand,,2026-05-29 09:54:59.974580,2026-05-29
1.04,1.99,4.0,inf,755.0,0.059,inf,provider,neocloud,on-demand,,2026-05-29 09:54:59.974580,2026-05-29
3.05,3.525,4.0,3.525,88.0,3.05,4.0,gpu_provider,A100,on-demand,oci,2026-05-29 09:54:59.974580,2026-05-29
1.139852,1.9388,3.95211,3.110365575432588,4161.0,0.343,25.92,provider,hyperscaler,on-demand,,2026-05-29 09:54:59.974580,2026-05-29
0.273545,0.425904,0.56415,0.5468744247549019,2040.0,0.0684,8.172,aggregate,inference,spot,,2026-05-29 09:54:59.974580,2026-05-29
0.88,1.27175,1.805447,1.6651767172252865,2357.0,0.343,10.98917,aggregate,inference,on-demand,,2026-05-29 09:54:59.974580,2026-05-29
,2.506265664160401,,,,,,metric,hyperscaler_premium_h100,on-demand,,2026-05-29 09:54:59.974580,2026-05-29
0.4333325,0.7273,1.3508,1.146337354787355,4397.0,0.0684,10.98917,aggregate,inference,all,,2026-05-29 09:54:59.974580,2026-05-29
1.35754075,2.001025,3.90934,3.1051961516143107,573.0,0.13333,21.2,aggregate,training,spot,,2026-05-29 09:54:59.974580,2026-05-29
3.25,4.39,6.99,5.846161405448718,1014.0,1.073855,21.2,aggregate,training,on-demand,,2026-05-29 09:54:59.974580,2026-05-29
1.99,3.99,5.762968625,4.856512325141777,1587.0,0.13333,21.2,aggregate,training,all,,2026-05-29 09:54:59.974580,2026-05-29
0.13333125,0.1333325,0.133335,0.2552375,7.0,0.13333,0.9866675,gpu_provider,A100,spot,vastai,2026-05-29 09:54:59.974580,2026-05-29
,3.451936308236682,,,,,,metric,training_inference_ratio,on-demand,,2026-05-29 09:54:59.974580,2026-05-29
2.9,2.9,2.9,2.9,4.0,2.9,2.9,gpu_provider,B200,spot,nebius,2026-05-29 09:54:59.974580,2026-05-29
3.25,3.25,3.25,3.25,15.0,3.25,3.25,gpu_provider,H100,on-demand,verda,2026-05-29 09:54:59.974580,2026-05-29
2.1385,2.138625,2.1388125,2.1386875,12.0,2.1385,2.139,gpu_provider,B200,spot,verda,2026-05-29 09:54:59.974580,2026-05-29
1.25,1.25,1.25,1.25,2.0,1.25,1.25,gpu_provider,H100,spot,nebius,2026-05-29 09:54:59.974580,2026-05-29
2.95,2.95,2.95,2.95,2.0,2.95,2.95,gpu_provider,H100,on-demand,nebius,2026-05-29 09:54:59.974580,2026-05-29
3.5629335,3.90934,4.708348,3.9218671940993786,161.0,1.172092,5.09620175,gpu_provider,H100,spot,gcp,2026-05-29 09:54:59.974580,2026-05-29
5.596119875,10.97905825,12.51612875,9.19199803230337,89.0,5.3832685,15.830423875,gpu_provider,H100,on-demand,gcp,2026-05-29 09:54:59.974580,2026-05-29
1.1375,1.1375,1.138,1.1376999999999997,15.0,1.1375,1.138,gpu_provider,H100,spot,verda,2026-05-29 09:54:59.974580,2026-05-29
0.970639,1.530275,1.80385,1.459419838152985,268.0,0.13333,4.1170625,gpu,A100,spot,,2026-05-29 09:54:59.974580,2026-05-29
1.99735,3.220091,4.09625,3.405544587368421,475.0,1.073855,8.1925,gpu,A100,on-demand,,2026-05-29 09:54:59.974580,2026-05-29
2.13875,3.386,4.376875,3.7814711328125004,32.0,2.1385,8.333335,gpu,B200,spot,,2026-05-29 09:54:59.974580,2026-05-29
6.715,6.99,14.0,9.170550616666667,150.0,5.1830925,14.0,gpu,B200,on-demand,,2026-05-29 09:54:59.974580,2026-05-29
6.11,6.89,11.277,8.223020157967031,182.0,2.1385,14.0,gpu,B200,all,,2026-05-29 09:54:59.974580,2026-05-29
1.45,4.6381575,13.25,7.989262301587303,63.0,1.4,21.2,gpu,H200,spot,,2026-05-29 09:54:59.974580,2026-05-29
4.74011,10.0,11.66,9.287292649082568,109.0,3.5,21.2,gpu,H200,on-demand,,2026-05-29 09:54:59.974580,2026-05-29
4.0,10.0,12.72,8.811851300872094,172.0,1.4,21.2,gpu,H200,all,,2026-05-29 09:54:59.974580,2026-05-29
2.99,3.704866,4.708348,3.637248938095238,210.0,0.8866375,9.6496,gpu,H100,spot,,2026-05-29 09:54:59.974580,2026-05-29
4.09,5.532712125,10.0,6.865987481696429,280.0,1.60781,15.830423875,gpu,H100,on-demand,,2026-05-29 09:54:59.974580,2026-05-29
3.517728,4.28233,5.8812443750000005,5.482242391581633,490.0,0.8866375,15.830423875,gpu,H100,all,,2026-05-29 09:54:59.974580,2026-05-29
5.5,5.5,5.5,5.5,4.0,5.5,5.5,gpu_provider,B200,on-demand,nebius,2026-05-29 09:54:59.974580,2026-05-29
6.88,8.256,8.944,8.385344,25.0,6.88,11.5584,gpu_provider,H100,on-demand,aws,2026-05-29 09:54:59.974580,2026-05-29
1.62133125,2.60306875,5.6050281250000005,4.1508972222222225,18.0,0.8866375,9.6496,gpu_provider,H100,spot,aws,2026-05-29 09:54:59.974580,2026-05-29
1.74505,2.30024275,4.0,2.703577652254374,743.0,0.13333,8.1925,gpu,A100,all,,2026-05-29 09:54:59.974580,2026-05-29
3.29,3.29,3.29,3.29,8.0,3.29,3.29,gpu_provider,H100,on-demand,runpod,2026-05-29 09:54:59.974580,2026-05-29
2.653,2.653,2.653,2.653,1.0,2.653,2.653,gpu_provider,H100,on-demand,cudo,2026-05-29 09:54:59.974580,2026-05-29
12.561,13.25,13.835,13.62283870967742,31.0,10.6,21.2,gpu_provider,H200,spot,azure,2026-05-29 09:54:59.974580,2026-05-29
12.561,13.25,13.835,13.62283870967742,31.0,10.6,21.2,gpu_provider,H200,on-demand,azure,2026-05-29 09:54:59.974580,2026-05-29
10.0,10.0,10.0,10.0,44.0,10.0,10.0,gpu_provider,H200,on-demand,oci,2026-05-29 09:54:59.974580,2026-05-29
3.68421,3.68421,4.10526375,3.940789285714285,7.0,3.68421,4.6381575,gpu_provider,H200,spot,vastai,2026-05-29 09:54:59.974580,2026-05-29
4.74011,5.216495,6.651724375000001,5.6772712499999995,7.0,4.38902,7.351715,gpu_provider,H200,on-demand,vastai,2026-05-29 09:54:59.974580,2026-05-29
3.99,3.99,3.99,3.990000000000001,7.0,3.99,3.99,gpu_provider,H200,spot,runpod,2026-05-29 09:54:59.974580,2026-05-29
4.39,4.39,4.39,4.585111111111111,9.0,4.39,5.268,gpu_provider,H200,on-demand,runpod,2026-05-29 09:54:59.974580,2026-05-29
1.45,1.45,1.45,1.45,6.0,1.45,1.45,gpu_provider,H200,spot,nebius,2026-05-29 09:54:59.974580,2026-05-29
6.11,6.11,6.11,6.11,12.0,6.11,6.11,gpu_provider,B200,on-demand,verda,2026-05-29 09:54:59.974580,2026-05-29
1.4,1.4,1.4,1.4000000000000001,12.0,1.4,1.4,gpu_provider,H200,spot,verda,2026-05-29 09:54:59.974580,2026-05-29
4.0,4.0,4.0,4.0,12.0,4.0,4.0,gpu_provider,H200,on-demand,verda,2026-05-29 09:54:59.974580,2026-05-29
10.0,10.0,10.0,10.0,44.0,10.0,10.0,gpu_provider,H100,on-demand,oci,2026-05-29 09:54:59.974580,2026-05-29
1.4666665625,1.46666875,1.61667,2.366668125,6.0,1.466665,6.66667,gpu_provider,H100,spot,vastai,2026-05-29 09:54:59.974580,2026-05-29
1.6078125,1.60781375,2.21079625,2.305345,6.0,1.60781,4.98903,gpu_provider,H100,on-demand,vastai,2026-05-29 09:54:59.974580,2026-05-29
3.99,4.09,4.19,3.9700000000000006,90.0,3.29,4.29,gpu_provider,H100,on-demand,lambdalabs,2026-05-29 09:54:59.974580,2026-05-29
2.99,2.99,2.99,2.99,8.0,2.99,2.99,gpu_provider,H100,spot,runpod,2026-05-29 09:54:59.974580,2026-05-29
3.5,3.5,3.5,3.5,6.0,3.5,3.5,gpu_provider,H200,on-demand,nebius,2026-05-29 09:54:59.974580,2026-05-29
1.1843249999999999,1.5283687499999998,1.91344375,1.7224416666666664,18.0,0.7104875,4.1170625,gpu_provider,A100,spot,aws,2026-05-30 08:28:25.035102,2026-05-30
1.49,1.49,1.49,1.49,3.0,1.49,1.49,gpu_provider,A100,spot,runpod,2026-05-30 08:28:25.035102,2026-05-30
2.49227125,3.6792675,4.04959090625,3.4898916517857144,112.0,2.16346,5.7077325,gpu_provider,A100,on-demand,gcp,2026-05-30 08:28:25.035102,2026-05-30
3.1564675,3.43088125,3.801285,3.5327744761904762,21.0,2.744705,4.7027875,gpu_provider,A100,on-demand,aws,2026-05-30 08:28:25.035102,2026-05-30
1.99,1.99,1.99,2.1233333333333326,108.0,1.99,2.79,gpu_provider,A100,on-demand,lambdalabs,2026-05-30 08:28:25.035102,2026-05-30
2.0047,2.0047,2.0047,2.0047,1.0,2.0047,2.0047,gpu_provider,A100,on-demand,cudo,2026-05-30 08:28:25.035102,2026-05-30
1.49,1.49,1.5645,1.5645,4.0,1.49,1.788,gpu_provider,A100,on-demand,runpod,2026-05-30 08:28:25.035102,2026-05-30
1.74505,1.80385,2.001025,1.9364922689732142,112.0,1.476055,3.010957,gpu_provider,A100,spot,gcp,2026-05-30 08:28:25.035102,2026-05-30
0.89607025,0.986515,1.331265,1.1512671136363637,110.0,0.746721,2.13005,gpu_provider,A100,spot,azure,2026-05-30 08:28:25.035102,2026-05-30
14.0,14.0,14.0,14.0,44.0,14.0,14.0,gpu_provider,B200,on-demand,oci,2026-05-30 08:28:25.035102,2026-05-30
0.4515,0.6265,0.6265,0.5681666666666666,18.0,0.4515,0.6265,gpu_provider,A100,spot,verda,2026-05-30 08:28:25.035102,2026-05-30
1.29,1.79,1.79,1.6233333333333333,18.0,1.29,1.79,gpu_provider,A100,on-demand,verda,2026-05-30 08:28:25.035102,2026-05-30
4.2643,4.2796,4.697875,4.42653,10.0,3.872,5.1356,gpu_provider,B200,spot,gcp,2026-05-30 08:28:25.035102,2026-05-30
11.277,11.277,11.277,11.277,12.0,11.277,11.277,gpu_provider,B200,on-demand,gcp,2026-05-30 08:28:25.035102,2026-05-30
4.80769,4.8076925,6.02564,5.106836527777777,9.0,3.84615,6.02564125,gpu_provider,B200,spot,vastai,2026-05-30 08:28:25.035102,2026-05-30
6.10029125,7.38619,7.45891,6.738818472222222,9.0,4.95663,7.615285,gpu_provider,B200,on-demand,vastai,2026-05-30 08:28:25.035102,2026-05-30
6.765000000000001,6.84,6.915,6.84,72.0,6.69,6.99,gpu_provider,B200,on-demand,lambdalabs,2026-05-30 08:28:25.035102,2026-05-30
4.4075,4.775,5.14225,4.894703663793103,116.0,3.399625,8.1925,gpu_provider,A100,on-demand,azure,2026-05-30 08:28:25.035102,2026-05-30
2.8,2.8,2.8,2.8,1.0,2.8,2.8,gpu_provider,A100,on-demand,vultr,2026-05-30 08:28:25.035102,2026-05-30
,2.506265664160401,,,,,,metric,hyperscaler_premium_h100,on-demand,,2026-05-30 08:28:25.035102,2026-05-30
1.112408125,1.133705,1.155,1.3057902083333333,6.0,1.112405,2.18751875,gpu_provider,A100,on-demand,vastai,2026-05-30 08:28:25.035102,2026-05-30
5.49,5.49,5.49,5.49,2.0,5.49,5.49,gpu_provider,B200,spot,runpod,2026-05-30 08:28:25.035102,2026-05-30
,3.99,,,,,,metric,neocloud_median_h100,on-demand,,2026-05-30 08:28:25.035102,2026-05-30
,10.0,,,,,,metric,hyperscaler_median_h100,on-demand,,2026-05-30 08:28:25.035102,2026-05-30
3.29,3.99,4.19,3.717622510245902,122.0,1.611735,4.29,provider_h100,neocloud,on-demand,,2026-05-30 08:28:25.035102,2026-05-30
5.802393875,10.0,10.97905825,9.289376106803799,158.0,5.3832685,15.830423875,provider_h100,hyperscaler,on-demand,,2026-05-30 08:28:25.035102,2026-05-30
,0.9745979899497487,,,,,,metric,hyperscaler_premium_all,on-demand,,2026-05-30 08:28:25.035102,2026-05-30
,1.99,,,,,,metric,neocloud_median_all,on-demand,,2026-05-30 08:28:25.035102,2026-05-30
,1.93945,,,,,,metric,hyperscaler_median_all,on-demand,,2026-05-30 08:28:25.035102,2026-05-30
3.05,3.525,4.0,3.525,88.0,3.05,4.0,gpu_provider,A100,on-demand,oci,2026-05-30 08:28:25.035102,2026-05-30
1.04,1.99,4.0,inf,763.0,0.03532,inf,provider,neocloud,on-demand,,2026-05-30 08:28:25.035102,2026-05-30
,3.4560125959456793,,,,,,metric,training_inference_ratio,on-demand,,2026-05-30 08:28:25.035102,2026-05-30
0.273545,0.42394175,0.561704,0.5446760387254902,2040.0,0.0684,8.172,aggregate,inference,spot,,2026-05-30 08:28:25.035102,2026-05-30
0.88,1.27025,1.805447,1.6631152450148494,2357.0,0.343,10.98917,aggregate,inference,on-demand,,2026-05-30 08:28:25.035102,2026-05-30
0.431368,0.724975,1.345028,1.1442123610416193,4397.0,0.0684,10.98917,aggregate,inference,all,,2026-05-30 08:28:25.035102,2026-05-30
1.357541,2.07999,3.9264285625,3.1034615997826087,575.0,0.13333,21.2,aggregate,training,spot,,2026-05-30 08:28:25.035102,2026-05-30
3.25,4.39,6.99,5.850448460054081,1017.0,1.112405,21.2,aggregate,training,on-demand,,2026-05-30 08:28:25.035102,2026-05-30
2.001025,3.99,5.762968625,4.858289261149498,1592.0,0.13333,21.2,aggregate,training,all,,2026-05-30 08:28:25.035102,2026-05-30
0.133330625,0.13333375,0.133335,0.27777708333333334,6.0,0.13333,1.0,gpu_provider,A100,spot,vastai,2026-05-30 08:28:25.035102,2026-05-30
1.13995775,1.93945,3.964614375,3.112327765347189,4162.0,0.343,25.92,provider,hyperscaler,on-demand,,2026-05-30 08:28:25.035102,2026-05-30
5.89,5.89,5.89,5.89,2.0,5.89,5.89,gpu_provider,B200,on-demand,runpod,2026-05-30 08:28:25.035102,2026-05-30
2.9,2.9,2.9,2.9,4.0,2.9,2.9,gpu_provider,B200,spot,nebius,2026-05-30 08:28:25.035102,2026-05-30
5.5,5.5,5.5,5.5,4.0,5.5,5.5,gpu_provider,B200,on-demand,nebius,2026-05-30 08:28:25.035102,2026-05-30
1.25,1.25,1.25,1.25,2.0,1.25,1.25,gpu_provider,H100,spot,nebius,2026-05-30 08:28:25.035102,2026-05-30
2.95,2.95,2.95,2.95,2.0,2.95,2.95,gpu_provider,H100,on-demand,nebius,2026-05-30 08:28:25.035102,2026-05-30
3.5629335,3.90934,4.708348,3.9218671940993786,161.0,1.172092,5.09620175,gpu_provider,H100,spot,gcp,2026-05-30 08:28:25.035102,2026-05-30
5.596119875,10.97905825,12.51612875,9.19199803230337,89.0,5.3832685,15.830423875,gpu_provider,H100,on-demand,gcp,2026-05-30 08:28:25.035102,2026-05-30
1.1375,1.1375,1.138,1.1376999999999997,15.0,1.1375,1.138,gpu_provider,H100,spot,verda,2026-05-30 08:28:25.035102,2026-05-30
3.25,3.25,3.25,3.25,15.0,3.25,3.25,gpu_provider,H100,on-demand,verda,2026-05-30 08:28:25.035102,2026-05-30
0.970662,1.54427,1.80385,1.4640229555243447,267.0,0.13333,4.1170625,gpu,A100,spot,,2026-05-30 08:28:25.035102,2026-05-30
2.16346,3.220091,4.09625,3.4115351478947358,475.0,1.112405,8.1925,gpu,A100,on-demand,,2026-05-30 08:28:25.035102,2026-05-30
1.74505,2.300242875,4.0,2.7107457201819405,742.0,0.13333,8.1925,gpu,A100,all,,2026-05-30 08:28:25.035102,2026-05-30
2.139,4.0758,4.80769,3.742461587837838,37.0,2.1385,6.02564125,gpu,B200,spot,,2026-05-30 08:28:25.035102,2026-05-30
6.69,6.99,14.0,9.106795911290323,155.0,4.95663,14.0,gpu,B200,on-demand,,2026-05-30 08:28:25.035102,2026-05-30
6.11,6.89,11.277,8.073043984375,192.0,2.1385,14.0,gpu,B200,all,,2026-05-30 08:28:25.035102,2026-05-30
1.45,10.6,13.25,8.097776229508197,61.0,1.4,21.2,gpu,H200,spot,,2026-05-30 08:28:25.035102,2026-05-30
4.78135,10.0,11.66,9.31403879672897,107.0,3.5,21.2,gpu,H200,on-demand,,2026-05-30 08:28:25.035102,2026-05-30
4.0,10.0,12.852500000000001,8.87241965029762,168.0,1.4,21.2,gpu,H200,all,,2026-05-30 08:28:25.035102,2026-05-30
2.99,3.704866,4.708348,3.624575533333333,210.0,0.91235,9.65355,gpu,H100,spot,,2026-05-30 08:28:25.035102,2026-05-30
4.09,5.532712125,10.0,6.861683468303572,280.0,1.611735,15.830423875,gpu,H100,on-demand,,2026-05-30 08:28:25.035102,2026-05-30
6.88,8.256,8.944,8.385344,25.0,6.88,11.5584,gpu_provider,H100,on-demand,aws,2026-05-30 08:28:25.035102,2026-05-30
1.64854375,2.5820999999999996,5.67979375,4.167115277777778,18.0,0.91235,9.65355,gpu_provider,H100,spot,aws,2026-05-30 08:28:25.035102,2026-05-30
3.517728,4.28233,5.762968625,5.47435149617347,490.0,0.91235,15.830423875,gpu,H100,all,,2026-05-30 08:28:25.035102,2026-05-30
2.99,2.99,2.99,2.9300000000000006,10.0,2.39,2.99,gpu_provider,H100,spot,runpod,2026-05-30 08:28:25.035102,2026-05-30
3.29,3.29,3.29,3.25,10.0,2.89,3.29,gpu_provider,H100,on-demand,runpod,2026-05-30 08:28:25.035102,2026-05-30
2.1385,2.138625,2.1388125,2.1386875,12.0,2.1385,2.139,gpu_provider,B200,spot,verda,2026-05-30 08:28:25.035102,2026-05-30
6.11,6.11,6.11,6.11,12.0,6.11,6.11,gpu_provider,B200,on-demand,verda,2026-05-30 08:28:25.035102,2026-05-30
12.561,13.25,13.835,13.62283870967742,31.0,10.6,21.2,gpu_provider,H200,spot,azure,2026-05-30 08:28:25.035102,2026-05-30
12.561,13.25,13.835,13.62283870967742,31.0,10.6,21.2,gpu_provider,H200,on-demand,azure,2026-05-30 08:28:25.035102,2026-05-30
10.0,10.0,10.0,10.0,44.0,10.0,10.0,gpu_provider,H200,on-demand,oci,2026-05-30 08:28:25.035102,2026-05-30
4.78135,4.78135,4.78135125,4.80563025,5.0,4.12481,5.55929,gpu_provider,H200,on-demand,vastai,2026-05-30 08:28:25.035102,2026-05-30
3.99,3.99,3.99,3.990000000000001,7.0,3.99,3.99,gpu_provider,H200,spot,runpod,2026-05-30 08:28:25.035102,2026-05-30
4.39,4.39,4.39,4.585111111111111,9.0,4.39,5.268,gpu_provider,H200,on-demand,runpod,2026-05-30 08:28:25.035102,2026-05-30
3.68421,3.68421,3.68421,3.64527,5.0,3.22632,3.9474,gpu_provider,H200,spot,vastai,2026-05-30 08:28:25.035102,2026-05-30
3.5,3.5,3.5,3.5,6.0,3.5,3.5,gpu_provider,H200,on-demand,nebius,2026-05-30 08:28:25.035102,2026-05-30
1.4,1.4,1.4,1.4000000000000001,12.0,1.4,1.4,gpu_provider,H200,spot,verda,2026-05-30 08:28:25.035102,2026-05-30
1.611735,1.6117356250000001,1.6117371875000002,1.6117365625,4.0,1.611735,1.61174,gpu_provider,H100,on-demand,vastai,2026-05-30 08:28:25.035102,2026-05-30
4.0,4.0,4.0,4.0,12.0,4.0,4.0,gpu_provider,H200,on-demand,verda,2026-05-30 08:28:25.035102,2026-05-30
10.0,10.0,10.0,10.0,44.0,10.0,10.0,gpu_provider,H100,on-demand,oci,2026-05-30 08:28:25.035102,2026-05-30
3.99,4.09,4.19,3.9700000000000006,90.0,3.29,4.29,gpu_provider,H100,on-demand,lambdalabs,2026-05-30 08:28:25.035102,2026-05-30
2.653,2.653,2.653,2.653,1.0,2.653,2.653,gpu_provider,H100,on-demand,cudo,2026-05-30 08:28:25.035102,2026-05-30
1.4666659375000002,1.466666875,1.466668125,1.4666671875000001,4.0,1.466665,1.46667,gpu_provider,H100,spot,vastai,2026-05-30 08:28:25.035102,2026-05-30
1.45,1.45,1.45,1.45,6.0,1.45,1.45,gpu_provider,H200,spot,nebius,2026-05-30 08:28:25.035102,2026-05-30
1.49,1.49,1.49,1.49,2.0,1.49,1.49,gpu_provider,A100,spot,runpod,2026-05-31 08:45:21.279005,2026-05-31
2.49227125,3.6792675,4.04959090625,3.4898916517857144,112.0,2.16346,5.7077325,gpu_provider,A100,on-demand,gcp,2026-05-31 08:45:21.279005,2026-05-31
3.1564675,3.43088125,3.801285,3.5327744761904762,21.0,2.744705,4.7027875,gpu_provider,A100,on-demand,aws,2026-05-31 08:45:21.279005,2026-05-31
1.99,1.99,1.99,2.1233333333333326,108.0,1.99,2.79,gpu_provider,A100,on-demand,lambdalabs,2026-05-31 08:45:21.279005,2026-05-31
2.0047,2.0047,2.0047,2.0047,1.0,2.0047,2.0047,gpu_provider,A100,on-demand,cudo,2026-05-31 08:45:21.279005,2026-05-31
1.245,1.49,1.49,1.3266666666666669,3.0,1.0,1.49,gpu_provider,A100,on-demand,runpod,2026-05-31 08:45:21.279005,2026-05-31
1.74505,1.80385,2.001025,1.9364922689732142,112.0,1.476055,3.010957,gpu_provider,A100,spot,gcp,2026-05-31 08:45:21.279005,2026-05-31
0.89607025,0.986515,1.331265,1.1512671136363637,110.0,0.746721,2.13005,gpu_provider,A100,spot,azure,2026-05-31 08:45:21.279005,2026-05-31
6.765000000000001,6.84,6.915,6.84,72.0,6.69,6.99,gpu_provider,B200,on-demand,lambdalabs,2026-05-31 08:45:21.279005,2026-05-31
0.4515,0.6265,0.6265,0.5681666666666666,18.0,0.4515,0.6265,gpu_provider,A100,spot,verda,2026-05-31 08:45:21.279005,2026-05-31
1.29,1.79,1.79,1.6233333333333333,18.0,1.29,1.79,gpu_provider,A100,on-demand,verda,2026-05-31 08:45:21.279005,2026-05-31
14.0,14.0,14.0,14.0,44.0,14.0,14.0,gpu_provider,B200,on-demand,oci,2026-05-31 08:45:21.279005,2026-05-31
4.2643,4.2796,4.697875,4.42653,10.0,3.872,5.1356,gpu_provider,B200,spot,gcp,2026-05-31 08:45:21.279005,2026-05-31
11.277,11.277,11.277,11.277,12.0,11.277,11.277,gpu_provider,B200,on-demand,gcp,2026-05-31 08:45:21.279005,2026-05-31
4.80769,4.8076925,4.8076925,4.8706284090909095,11.0,4.03846,6.26923,gpu_provider,B200,spot,vastai,2026-05-31 08:45:21.279005,2026-05-31
6.519195,6.6254225,6.6357075000000005,6.440823977272728,11.0,5.0612,6.660915,gpu_provider,B200,on-demand,vastai,2026-05-31 08:45:21.279005,2026-05-31
1.192671875,1.5295062499999998,1.875209375,1.7095895833333334,18.0,0.6825,4.1170625,gpu_provider,A100,spot,aws,2026-05-31 08:45:21.279005,2026-05-31
4.4075,4.775,5.14225,4.894703663793103,116.0,3.399625,8.1925,gpu_provider,A100,on-demand,azure,2026-05-31 08:45:21.279005,2026-05-31
2.8,2.8,2.8,2.8,1.0,2.8,2.8,gpu_provider,A100,on-demand,vultr,2026-05-31 08:45:21.279005,2026-05-31
,3.4666236697839405,,,,,,metric,training_inference_ratio,on-demand,,2026-05-31 08:45:21.279005,2026-05-31
1.11713,1.1313900000000001,1.14565,1.1313900000000001,4.0,1.11713,1.14565,gpu_provider,A100,on-demand,vastai,2026-05-31 08:45:21.279005,2026-05-31
5.49,5.49,5.49,5.489999999999999,3.0,5.49,5.49,gpu_provider,B200,spot,runpod,2026-05-31 08:45:21.279005,2026-05-31
,2.506265664160401,,,,,,metric,hyperscaler_premium_h100,on-demand,,2026-05-31 08:45:21.279005,2026-05-31
,3.99,,,,,,metric,neocloud_median_h100,on-demand,,2026-05-31 08:45:21.279005,2026-05-31
,10.0,,,,,,metric,hyperscaler_median_h100,on-demand,,2026-05-31 08:45:21.279005,2026-05-31
3.29,3.99,4.19,3.717608852459017,122.0,1.61132,4.29,provider_h100,neocloud,on-demand,,2026-05-31 08:45:21.279005,2026-05-31
5.802393875,10.0,10.97905825,9.289376106803799,158.0,5.3832685,15.830423875,provider_h100,hyperscaler,on-demand,,2026-05-31 08:45:21.279005,2026-05-31
,0.9745979899497487,,,,,,metric,hyperscaler_premium_all,on-demand,,2026-05-31 08:45:21.279005,2026-05-31
,1.99,,,,,,metric,neocloud_median_all,on-demand,,2026-05-31 08:45:21.279005,2026-05-31
3.05,3.525,4.0,3.525,88.0,3.05,4.0,gpu_provider,A100,on-demand,oci,2026-05-31 08:45:21.279005,2026-05-31
,1.93945,,,,,,metric,hyperscaler_median_all,on-demand,,2026-05-31 08:45:21.279005,2026-05-31
1.13995775,1.93945,3.964614375,3.112327765347189,4162.0,0.343,25.92,provider,hyperscaler,on-demand,,2026-05-31 08:45:21.279005,2026-05-31
0.273545,0.4246,0.56415,0.547489454968184,2043.0,0.0684,8.172,aggregate,inference,spot,,2026-05-31 08:45:21.279005,2026-05-31
0.88,1.27141,1.80838525,1.6669531811440679,2360.0,0.343,10.98917,aggregate,inference,on-demand,,2026-05-31 08:45:21.279005,2026-05-31
0.43176749999999997,0.72930175,1.3530135,1.147519978196684,4403.0,0.0684,10.98917,aggregate,inference,all,,2026-05-31 08:45:21.279005,2026-05-31
1.357541,2.07999,3.971176,3.1152045525741707,573.0,0.13333,21.2,aggregate,training,spot,,2026-05-31 08:45:21.279005,2026-05-31
3.25,4.4075,6.99,5.859186414823009,1017.0,1.0,21.2,aggregate,training,on-demand,,2026-05-31 08:45:21.279005,2026-05-31
2.001025,4.0,5.857625,4.870317479559748,1590.0,0.13333,21.2,aggregate,training,all,,2026-05-31 08:45:21.279005,2026-05-31
0.13333,0.13333250000000002,0.133335,0.13333250000000002,4.0,0.13333,0.133335,gpu_provider,A100,spot,vastai,2026-05-31 08:45:21.279005,2026-05-31
1.04,1.99,4.0,inf,774.0,0.059,inf,provider,neocloud,on-demand,,2026-05-31 08:45:21.279005,2026-05-31
5.89,5.89,5.89,5.89,3.0,5.89,5.89,gpu_provider,B200,on-demand,runpod,2026-05-31 08:45:21.279005,2026-05-31
2.1385,2.138625,2.1388125,2.1386875,12.0,2.1385,2.139,gpu_provider,B200,spot,verda,2026-05-31 08:45:21.279005,2026-05-31
5.5,5.5,5.5,5.5,4.0,5.5,5.5,gpu_provider,B200,on-demand,nebius,2026-05-31 08:45:21.279005,2026-05-31
1.25,1.25,1.25,1.25,2.0,1.25,1.25,gpu_provider,H100,spot,nebius,2026-05-31 08:45:21.279005,2026-05-31
2.95,2.95,2.95,2.95,2.0,2.95,2.95,gpu_provider,H100,on-demand,nebius,2026-05-31 08:45:21.279005,2026-05-31
3.5629335,3.90934,4.708348,3.9218671940993786,161.0,1.172092,5.09620175,gpu_provider,H100,spot,gcp,2026-05-31 08:45:21.279005,2026-05-31
5.596119875,10.97905825,12.51612875,9.19199803230337,89.0,5.3832685,15.830423875,gpu_provider,H100,on-demand,gcp,2026-05-31 08:45:21.279005,2026-05-31
1.1375,1.1375,1.138,1.1376999999999997,15.0,1.1375,1.138,gpu_provider,H100,spot,verda,2026-05-31 08:45:21.279005,2026-05-31
3.25,3.25,3.25,3.25,15.0,3.25,3.25,gpu_provider,H100,on-demand,verda,2026-05-31 08:45:21.279005,2026-05-31
0.970662,1.54961625,1.80385,1.4698464360795456,264.0,0.13333,4.1170625,gpu,A100,spot,,2026-05-31 08:45:21.279005,2026-05-31
2.16346,3.220091,4.101451875,3.42138138559322,472.0,1.0,8.1925,gpu,A100,on-demand,,2026-05-31 08:45:21.279005,2026-05-31
1.7561335,2.353126,4.0,2.7213742841372284,736.0,0.13333,8.1925,gpu,A100,all,,2026-05-31 08:45:21.279005,2026-05-31
2.139,4.2694,4.807690625,3.7894115624999998,40.0,2.1385,6.26923,gpu,B200,spot,,2026-05-31 08:45:21.279005,2026-05-31
6.69,6.89,14.0,9.03571559335443,158.0,5.0612,14.0,gpu,B200,on-demand,,2026-05-31 08:45:21.279005,2026-05-31
6.11,6.79,11.277,7.9758561931818175,198.0,2.1385,14.0,gpu,B200,all,,2026-05-31 08:45:21.279005,2026-05-31
1.45,10.6,13.515,8.195401483050848,59.0,1.4,21.2,gpu,H200,spot,,2026-05-31 08:45:21.279005,2026-05-31
4.48645125,10.0,11.66,9.298951413551402,107.0,3.5,21.2,gpu,H200,on-demand,,2026-05-31 08:45:21.279005,2026-05-31
4.0,10.0,13.1175,8.906725835843373,166.0,1.4,21.2,gpu,H200,all,,2026-05-31 08:45:21.279005,2026-05-31
2.99,3.704866,4.708348,3.6279409499999997,210.0,0.9514125,9.6788,gpu,H100,spot,,2026-05-31 08:45:21.279005,2026-05-31
3.517728,4.28233,5.8812443750000005,5.475790417091837,490.0,0.9514125,15.830423875,gpu,H100,all,,2026-05-31 08:45:21.279005,2026-05-31
6.88,8.256,8.944,8.385344,25.0,6.88,11.5584,gpu_provider,H100,on-demand,aws,2026-05-31 08:45:21.279005,2026-05-31
1.673,2.5539875,5.966759375,4.206378472222223,18.0,0.9514125,9.6788,gpu_provider,H100,spot,aws,2026-05-31 08:45:21.279005,2026-05-31
4.09,5.532712125,10.0,6.8616775174107145,280.0,1.61132,15.830423875,gpu,H100,on-demand,,2026-05-31 08:45:21.279005,2026-05-31
2.99,2.99,2.99,2.9300000000000006,10.0,2.39,2.99,gpu_provider,H100,spot,runpod,2026-05-31 08:45:21.279005,2026-05-31
3.29,3.29,3.29,3.25,10.0,2.89,3.29,gpu_provider,H100,on-demand,runpod,2026-05-31 08:45:21.279005,2026-05-31
6.11,6.11,6.11,6.11,12.0,6.11,6.11,gpu_provider,B200,on-demand,verda,2026-05-31 08:45:21.279005,2026-05-31
12.561,13.25,13.835,13.62283870967742,31.0,10.6,21.2,gpu_provider,H200,spot,azure,2026-05-31 08:45:21.279005,2026-05-31
12.561,13.25,13.835,13.62283870967742,31.0,10.6,21.2,gpu_provider,H200,on-demand,azure,2026-05-31 08:45:21.279005,2026-05-31
10.0,10.0,10.0,10.0,44.0,10.0,10.0,gpu_provider,H200,on-demand,oci,2026-05-31 08:45:21.279005,2026-05-31
2.045381875,2.98179,3.88158,2.9451718749999998,4.0,1.9355275,3.88158,gpu_provider,H200,spot,vastai,2026-05-31 08:45:21.279005,2026-05-31
4.43760875,4.48645125,4.5352928125,4.486450312500001,4.0,4.437605,4.53529375,gpu_provider,H200,on-demand,vastai,2026-05-31 08:45:21.279005,2026-05-31
3.99,3.99,3.99,3.9900000000000007,6.0,3.99,3.99,gpu_provider,H200,spot,runpod,2026-05-31 08:45:21.279005,2026-05-31
4.39,4.39,5.0485,4.5733999999999995,10.0,3.59,5.268,gpu_provider,H200,on-demand,runpod,2026-05-31 08:45:21.279005,2026-05-31
2.9,2.9,2.9,2.9,4.0,2.9,2.9,gpu_provider,B200,spot,nebius,2026-05-31 08:45:21.279005,2026-05-31
3.5,3.5,3.5,3.5,6.0,3.5,3.5,gpu_provider,H200,on-demand,nebius,2026-05-31 08:45:21.279005,2026-05-31
1.4,1.4,1.4,1.4000000000000001,12.0,1.4,1.4,gpu_provider,H200,spot,verda,2026-05-31 08:45:21.279005,2026-05-31
4.0,4.0,4.0,4.0,12.0,4.0,4.0,gpu_provider,H200,on-demand,verda,2026-05-31 08:45:21.279005,2026-05-31
10.0,10.0,10.0,10.0,44.0,10.0,10.0,gpu_provider,H100,on-demand,oci,2026-05-31 08:45:21.279005,2026-05-31
3.99,4.09,4.19,3.9700000000000006,90.0,3.29,4.29,gpu_provider,H100,on-demand,lambdalabs,2026-05-31 08:45:21.279005,2026-05-31
2.653,2.653,2.653,2.653,1.0,2.653,2.653,gpu_provider,H100,on-demand,cudo,2026-05-31 08:45:21.279005,2026-05-31
1.4666659375000002,1.466666875,1.466668125,1.4666671875000001,4.0,1.466665,1.46667,gpu_provider,H100,spot,vastai,2026-05-31 08:45:21.279005,2026-05-31
1.45,1.45,1.45,1.45,6.0,1.45,1.45,gpu_provider,H200,spot,nebius,2026-05-31 08:45:21.279005,2026-05-31
1.61132,1.61132,1.61132,1.61132,4.0,1.61132,1.61132,gpu_provider,H100,on-demand,vastai,2026-05-31 08:45:21.279005,2026-05-31
1.99,1.99,1.99,2.1233333333333326,108.0,1.99,2.79,gpu_provider,A100,on-demand,lambdalabs,2026-06-01 11:34:52.455110,2026-06-01
1.74505,1.80385,2.001025,1.9364922689732142,112.0,1.476055,3.010957,gpu_provider,A100,spot,gcp,2026-06-01 11:34:52.455110,2026-06-01
2.49227125,3.6792675,4.04959090625,3.4898916517857144,112.0,2.16346,5.7077325,gpu_provider,A100,on-demand,gcp,2026-06-01 11:34:52.455110,2026-06-01
1.49,1.49,1.49,1.4733333333333334,6.0,1.39,1.49,gpu_provider,A100,spot,runpod,2026-06-01 11:34:52.455110,2026-06-01
1.49,1.49,1.49,1.4733333333333334,6.0,1.39,1.49,gpu_provider,A100,on-demand,runpod,2026-06-01 11:34:52.455110,2026-06-01
0.88242,0.9723175,1.331265,1.1161597958715597,109.0,0.746721,2.13005,gpu_provider,A100,spot,azure,2026-06-01 11:34:52.455110,2026-06-01
4.4075,4.775,5.14225,4.894703663793103,116.0,3.399625,8.1925,gpu_provider,A100,on-demand,azure,2026-06-01 11:34:52.455110,2026-06-01
14.0,14.0,14.0,14.0,44.0,14.0,14.0,gpu_provider,B200,on-demand,oci,2026-06-01 11:34:52.455110,2026-06-01
1.29,1.79,1.79,1.6233333333333333,18.0,1.29,1.79,gpu_provider,A100,on-demand,verda,2026-06-01 11:34:52.455110,2026-06-01
2.0047,2.0047,2.0047,2.0047,1.0,2.0047,2.0047,gpu_provider,A100,on-demand,cudo,2026-06-01 11:34:52.455110,2026-06-01
4.80769,4.80769,4.935897499999999,4.848484090909092,11.0,4.48718,5.064105,gpu_provider,B200,spot,vastai,2026-06-01 11:34:52.455110,2026-06-01
5.608833125,6.51373,6.6149775,6.139220681818182,11.0,5.139355,6.660915,gpu_provider,B200,on-demand,vastai,2026-06-01 11:34:52.455110,2026-06-01
4.2643,4.2796,4.697875,4.42653,10.0,3.872,5.1356,gpu_provider,B200,spot,gcp,2026-06-01 11:34:52.455110,2026-06-01
11.277,11.277,11.277,11.277,12.0,11.277,11.277,gpu_provider,B200,on-demand,gcp,2026-06-01 11:34:52.455110,2026-06-01
6.765000000000001,6.84,6.915,6.84,72.0,6.69,6.99,gpu_provider,B200,on-demand,lambdalabs,2026-06-01 11:34:52.455110,2026-06-01
5.49,5.49,5.49,5.489999999999999,3.0,5.49,5.49,gpu_provider,B200,spot,runpod,2026-06-01 11:34:52.455110,2026-06-01
0.4515,0.6265,0.6265,0.5681666666666666,18.0,0.4515,0.6265,gpu_provider,A100,spot,verda,2026-06-01 11:34:52.455110,2026-06-01
3.1564675,3.43088125,3.801285,3.5327744761904762,21.0,2.744705,4.7027875,gpu_provider,A100,on-demand,aws,2026-06-01 11:34:52.455110,2026-06-01
3.2800000000000002,4.413812500000001,6.99,5.888462861835629,1016.0,1.29,21.2,aggregate,training,on-demand,,2026-06-01 11:34:52.455110,2026-06-01
2.8,2.8,2.8,2.8,2.0,2.8,2.8,gpu_provider,A100,on-demand,vultr,2026-06-01 11:34:52.455110,2026-06-01
5.89,5.89,5.89,5.89,3.0,5.89,5.89,gpu_provider,B200,on-demand,runpod,2026-06-01 11:34:52.455110,2026-06-01
,2.506265664160401,,,,,,metric,hyperscaler_premium_h100,on-demand,,2026-06-01 11:34:52.455110,2026-06-01
,3.99,,,,,,metric,neocloud_median_h100,on-demand,,2026-06-01 11:34:52.455110,2026-06-01
,10.0,,,,,,metric,hyperscaler_median_h100,on-demand,,2026-06-01 11:34:52.455110,2026-06-01
3.29,3.99,4.19,3.8131293103448285,116.0,2.653,4.29,provider_h100,neocloud,on-demand,,2026-06-01 11:34:52.455110,2026-06-01
5.802393875,10.0,10.97905825,9.289376106803799,158.0,5.3832685,15.830423875,provider_h100,hyperscaler,on-demand,,2026-06-01 11:34:52.455110,2026-06-01
,0.9749246231155778,,,,,,metric,hyperscaler_premium_all,on-demand,,2026-06-01 11:34:52.455110,2026-06-01
,1.99,,,,,,metric,neocloud_median_all,on-demand,,2026-06-01 11:34:52.455110,2026-06-01
,1.9401,,,,,,metric,hyperscaler_median_all,on-demand,,2026-06-01 11:34:52.455110,2026-06-01
1.04,1.99,4.09,inf,785.0,0.03284,inf,provider,neocloud,on-demand,,2026-06-01 11:34:52.455110,2026-06-01
1.14016925,1.9401,3.9687828125,3.1132584517728366,4160.0,0.343,25.92,provider,hyperscaler,on-demand,,2026-06-01 11:34:52.455110,2026-06-01
0.273545,0.4239415,0.561704,0.5338535597746203,2041.0,0.0684,8.172,aggregate,inference,spot,,2026-06-01 11:34:52.455110,2026-06-01
0.88,1.27141,1.81426175,1.6656318840118745,2358.0,0.343,10.98917,aggregate,inference,on-demand,,2026-06-01 11:34:52.455110,2026-06-01
0.431368,0.719619,1.3508,1.1405217317572174,4399.0,0.0684,10.98917,aggregate,inference,all,,2026-06-01 11:34:52.455110,2026-06-01
1.4,2.138625,3.971176,3.1431004045017477,572.0,0.4515,21.2,aggregate,training,spot,,2026-06-01 11:34:52.455110,2026-06-01
2.1385,4.0,5.861212500000001,4.899579155541561,1588.0,0.4515,21.2,aggregate,training,all,,2026-06-01 11:34:52.455110,2026-06-01
3.05,3.525,4.0,3.525,88.0,3.05,4.0,gpu_provider,A100,on-demand,oci,2026-06-01 11:34:52.455110,2026-06-01
1.20284375,1.4918375,1.83384375,1.6886118055555555,18.0,0.653925,4.1170625,gpu_provider,A100,spot,aws,2026-06-01 11:34:52.455110,2026-06-01
,3.4715886299462806,,,,,,metric,training_inference_ratio,on-demand,,2026-06-01 11:34:52.455110,2026-06-01
3.95,3.95,3.95,3.95,4.0,3.95,3.95,gpu_provider,B200,spot,nebius,2026-06-01 11:34:52.455110,2026-06-01
2.1385,2.138625,2.1388125,2.1386875,12.0,2.1385,2.139,gpu_provider,B200,spot,verda,2026-06-01 11:34:52.455110,2026-06-01
3.5629335,3.90934,4.708348,3.9218671940993786,161.0,1.172092,5.09620175,gpu_provider,H100,spot,gcp,2026-06-01 11:34:52.455110,2026-06-01
5.596119875,10.97905825,12.51612875,9.19199803230337,89.0,5.3832685,15.830423875,gpu_provider,H100,on-demand,gcp,2026-06-01 11:34:52.455110,2026-06-01
1.1375,1.1375,1.138,1.1376999999999997,15.0,1.1375,1.138,gpu_provider,H100,spot,verda,2026-06-01 11:34:52.455110,2026-06-01
3.25,3.25,3.25,3.25,15.0,3.25,3.25,gpu_provider,H100,on-demand,verda,2026-06-01 11:34:52.455110,2026-06-01
0.9361305,1.54665,1.80385,1.4753253398288972,263.0,0.4515,4.1170625,gpu,A100,spot,,2026-06-01 11:34:52.455110,2026-06-01
2.16346,3.220091,4.101451875,3.4280221483050846,472.0,1.29,8.1925,gpu,A100,on-demand,,2026-06-01 11:34:52.455110,2026-06-01
2.139,4.2796,4.80769,3.888321875,40.0,2.1385,5.49,gpu,B200,spot,,2026-06-01 11:34:52.455110,2026-06-01
6.88,8.256,8.944,8.385344,25.0,6.88,11.5584,gpu_provider,H100,on-demand,aws,2026-06-01 11:34:52.455110,2026-06-01
6.69,6.89,14.0,9.056490047468353,158.0,5.139355,14.0,gpu,B200,on-demand,,2026-06-01 11:34:52.455110,2026-06-01
1.97368375,3.99,13.25,7.7215409423076915,65.0,1.4,21.2,gpu,H200,spot,,2026-06-01 11:34:52.455110,2026-06-01
4.5289706249999995,10.0,10.865,9.140017511160714,112.0,3.59,21.2,gpu,H200,on-demand,,2026-06-01 11:34:52.455110,2026-06-01
4.0,10.0,12.72,8.619108036723164,177.0,1.4,21.2,gpu,H200,all,,2026-06-01 11:34:52.455110,2026-06-01
2.99,3.7206365625,4.708348,3.688283484068628,204.0,0.992625,9.6821,gpu,H100,spot,,2026-06-01 11:34:52.455110,2026-06-01
4.09,5.585011875,10.0,6.970965054288321,274.0,2.653,15.830423875,gpu,H100,on-demand,,2026-06-01 11:34:52.455110,2026-06-01
3.5629335,4.29,6.13755525,5.569987982479081,478.0,0.992625,15.830423875,gpu,H100,all,,2026-06-01 11:34:52.455110,2026-06-01
7.15,7.15,7.15,7.15,4.0,7.15,7.15,gpu_provider,B200,on-demand,nebius,2026-06-01 11:34:52.455110,2026-06-01
6.11,6.79,11.277,8.012415669191919,198.0,2.1385,14.0,gpu,B200,all,,2026-06-01 11:34:52.455110,2026-06-01
1.705534375,2.5431,6.1175500000000005,4.239095138888889,18.0,0.992625,9.6821,gpu_provider,H100,spot,aws,2026-06-01 11:34:52.455110,2026-06-01
1.75799525,2.353126,4.0,2.7293020658163263,735.0,0.4515,8.1925,gpu,A100,all,,2026-06-01 11:34:52.455110,2026-06-01
2.15,2.15,2.15,2.15,2.0,2.15,2.15,gpu_provider,H100,spot,nebius,2026-06-01 11:34:52.455110,2026-06-01
6.11,6.11,6.11,6.11,12.0,6.11,6.11,gpu_provider,B200,on-demand,verda,2026-06-01 11:34:52.455110,2026-06-01
3.85,3.85,3.85,3.85,2.0,3.85,3.85,gpu_provider,H100,on-demand,nebius,2026-06-01 11:34:52.455110,2026-06-01
12.561,13.25,13.835,13.62283870967742,31.0,10.6,21.2,gpu_provider,H200,spot,azure,2026-06-01 11:34:52.455110,2026-06-01
12.561,13.25,13.835,13.62283870967742,31.0,10.6,21.2,gpu_provider,H200,on-demand,azure,2026-06-01 11:34:52.455110,2026-06-01
10.0,10.0,10.0,10.0,44.0,10.0,10.0,gpu_provider,H200,on-demand,oci,2026-06-01 11:34:52.455110,2026-06-01
1.935525,1.97368375,2.9131575,2.240240138888889,9.0,1.449,2.91316,gpu_provider,H200,spot,vastai,2026-06-01 11:34:52.455110,2026-06-01
3.99,3.99,3.99,3.990000000000001,7.0,3.99,3.99,gpu_provider,H200,spot,runpod,2026-06-01 11:34:52.455110,2026-06-01
4.39,4.39,4.39,4.4856,10.0,3.59,5.268,gpu_provider,H200,on-demand,runpod,2026-06-01 11:34:52.455110,2026-06-01
2.45,2.45,2.45,2.4499999999999997,6.0,2.45,2.45,gpu_provider,H200,spot,nebius,2026-06-01 11:34:52.455110,2026-06-01
4.5386275,4.66341,4.66341,4.613106805555556,9.0,4.49055,4.73127,gpu_provider,H200,on-demand,vastai,2026-06-01 11:34:52.455110,2026-06-01
1.4,1.4,1.4,1.4000000000000001,12.0,1.4,1.4,gpu_provider,H200,spot,verda,2026-06-01 11:34:52.455110,2026-06-01
4.0,4.0,4.0,4.0,12.0,4.0,4.0,gpu_provider,H200,on-demand,verda,2026-06-01 11:34:52.455110,2026-06-01
10.0,10.0,10.0,10.0,44.0,10.0,10.0,gpu_provider,H100,on-demand,oci,2026-06-01 11:34:52.455110,2026-06-01
3.99,4.09,4.19,3.9700000000000006,90.0,3.29,4.29,gpu_provider,H100,on-demand,lambdalabs,2026-06-01 11:34:52.455110,2026-06-01
2.653,2.653,2.653,2.653,1.0,2.653,2.653,gpu_provider,H100,on-demand,cudo,2026-06-01 11:34:52.455110,2026-06-01
2.99,2.99,2.99,2.915,8.0,2.39,2.99,gpu_provider,H100,spot,runpod,2026-06-01 11:34:52.455110,2026-06-01
3.29,3.29,3.29,3.24,8.0,2.89,3.29,gpu_provider,H100,on-demand,runpod,2026-06-01 11:34:52.455110,2026-06-01
4.5,4.5,4.5,4.5,6.0,4.5,4.5,gpu_provider,H200,on-demand,nebius,2026-06-01 11:34:52.455110,2026-06-01
3.1564675,3.43088125,3.801285,3.5327744761904762,21.0,2.744705,4.7027875,gpu_provider,A100,on-demand,aws,2026-06-02 10:24:04.672041,2026-06-02
1.39,1.49,1.49,1.4409999999999998,8.0,1.0,1.788,gpu_provider,A100,on-demand,runpod,2026-06-02 10:24:04.672041,2026-06-02
2.0047,2.0047,2.0047,2.0047,1.0,2.0047,2.0047,gpu_provider,A100,on-demand,cudo,2026-06-02 10:24:04.672041,2026-06-02
1.99,1.99,1.99,2.1233333333333326,108.0,1.99,2.79,gpu_provider,A100,on-demand,lambdalabs,2026-06-02 10:24:04.672041,2026-06-02
1.74505,1.80385,2.001025,1.9364922689732142,112.0,1.476055,3.010957,gpu_provider,A100,spot,gcp,2026-06-02 10:24:04.672041,2026-06-02
2.49227125,3.6792675,4.04959090625,3.4898916517857144,112.0,2.16346,5.7077325,gpu_provider,A100,on-demand,gcp,2026-06-02 10:24:04.672041,2026-06-02
1.415,1.49,1.49,1.4566666666666668,6.0,1.39,1.49,gpu_provider,A100,spot,runpod,2026-06-02 10:24:04.672041,2026-06-02
0.88242,0.9714897499999999,1.331265,1.1264843500000001,110.0,0.7479175,2.28818,gpu_provider,A100,spot,azure,2026-06-02 10:24:04.672041,2026-06-02
6.765000000000001,6.84,6.915,6.84,72.0,6.69,6.99,gpu_provider,B200,on-demand,lambdalabs,2026-06-02 10:24:04.672041,2026-06-02
0.4515,0.6265,0.6265,0.5681666666666666,18.0,0.4515,0.6265,gpu_provider,A100,spot,verda,2026-06-02 10:24:04.672041,2026-06-02
1.29,1.79,1.79,1.6233333333333333,18.0,1.29,1.79,gpu_provider,A100,on-demand,verda,2026-06-02 10:24:04.672041,2026-06-02
14.0,14.0,14.0,14.0,44.0,14.0,14.0,gpu_provider,B200,on-demand,oci,2026-06-02 10:24:04.672041,2026-06-02
4.2643,4.2796,4.697875,4.42653,10.0,3.872,5.1356,gpu_provider,B200,spot,gcp,2026-06-02 10:24:04.672041,2026-06-02
11.277,11.277,11.277,11.277,12.0,11.277,11.277,gpu_provider,B200,on-demand,gcp,2026-06-02 10:24:04.672041,2026-06-02
4.80769,4.8076912499999995,5.0,4.7649566666666665,6.0,4.03846,5.064105,gpu_provider,B200,spot,vastai,2026-06-02 10:24:04.672041,2026-06-02
6.462233125,6.5873225,8.4405140625,7.125580208333335,6.0,5.06634,9.033715,gpu_provider,B200,on-demand,vastai,2026-06-02 10:24:04.672041,2026-06-02
1.178646875,1.469875,1.8382749999999999,1.66961875,18.0,0.594025,4.1170625,gpu_provider,A100,spot,aws,2026-06-02 10:24:04.672041,2026-06-02
4.4075,4.775,5.14225,4.894703663793103,116.0,3.399625,8.1925,gpu_provider,A100,on-demand,azure,2026-06-02 10:24:04.672041,2026-06-02
2.8,2.8,2.8,2.8,2.0,2.8,2.8,gpu_provider,A100,on-demand,vultr,2026-06-02 10:24:04.672041,2026-06-02
,2.506265664160401,,,,,,metric,hyperscaler_premium_h100,on-demand,,2026-06-02 10:24:04.672041,2026-06-02
1.13551,1.15639,1.24558,1.20193,3.0,1.11463,1.33477,gpu_provider,A100,on-demand,vastai,2026-06-02 10:24:04.672041,2026-06-02
5.49,5.49,5.49,5.49,1.0,5.49,5.49,gpu_provider,B200,spot,runpod,2026-06-02 10:24:04.672041,2026-06-02
,3.99,,,,,,metric,neocloud_median_h100,on-demand,,2026-06-02 10:24:04.672041,2026-06-02
,10.0,,,,,,metric,hyperscaler_median_h100,on-demand,,2026-06-02 10:24:04.672041,2026-06-02
3.29,3.99,4.19,3.7899295208333332,120.0,2.5985425,4.29,provider_h100,neocloud,on-demand,,2026-06-02 10:24:04.672041,2026-06-02
5.802393875,10.0,10.97905825,9.289376106803799,158.0,5.3832685,15.830423875,provider_h100,hyperscaler,on-demand,,2026-06-02 10:24:04.672041,2026-06-02
,0.9782512562814071,,,,,,metric,hyperscaler_premium_all,on-demand,,2026-06-02 10:24:04.672041,2026-06-02
,1.99,,,,,,metric,neocloud_median_all,on-demand,,2026-06-02 10:24:04.672041,2026-06-02
,1.94672,,,,,,metric,hyperscaler_median_all,on-demand,,2026-06-02 10:24:04.672041,2026-06-02
3.05,3.525,4.0,3.525,88.0,3.05,4.0,gpu_provider,A100,on-demand,oci,2026-06-02 10:24:04.672041,2026-06-02
1.04,1.99,4.0,inf,783.0,0.059,inf,provider,neocloud,on-demand,,2026-06-02 10:24:04.672041,2026-06-02
,3.4588165913111855,,,,,,metric,training_inference_ratio,on-demand,,2026-06-02 10:24:04.672041,2026-06-02
0.273545,0.423942,0.5621875000000001,0.5365594049779304,2039.0,0.0684,8.172,aggregate,inference,spot,,2026-06-02 10:24:04.672041,2026-06-02
0.8821990000000001,1.27175,1.80838525,1.6698742794991512,2356.0,0.343,10.98917,aggregate,inference,on-demand,,2026-06-02 10:24:04.672041,2026-06-02
0.432366125,0.72144,1.3508,1.1440883798065984,4395.0,0.0684,10.98917,aggregate,inference,all,,2026-06-02 10:24:04.672041,2026-06-02
1.3845325,2.139,3.95,3.1198525364310647,573.0,0.13333,21.2,aggregate,training,spot,,2026-06-02 10:24:04.672041,2026-06-02
3.25,4.39875,6.99,5.859227132258859,1016.0,1.0,21.2,aggregate,training,on-demand,,2026-06-02 10:24:04.672041,2026-06-02
2.1385,3.99,5.762968625,4.871397274858402,1589.0,0.13333,21.2,aggregate,training,all,,2026-06-02 10:24:04.672041,2026-06-02
0.201665,0.27,0.645,0.47444333333333333,3.0,0.13333,1.02,gpu_provider,A100,spot,vastai,2026-06-02 10:24:04.672041,2026-06-02
1.14027525,1.94672,3.9935,3.1172894846333574,4173.0,0.343,25.92,provider,hyperscaler,on-demand,,2026-06-02 10:24:04.672041,2026-06-02
5.89,5.89,5.89,5.89,1.0,5.89,5.89,gpu_provider,B200,on-demand,runpod,2026-06-02 10:24:04.672041,2026-06-02
4.09,5.532804875,10.0,6.915514271133094,278.0,2.5985425,15.830423875,gpu,H100,on-demand,,2026-06-02 10:24:04.672041,2026-06-02
7.15,7.15,7.15,7.15,4.0,7.15,7.15,gpu_provider,B200,on-demand,nebius,2026-06-02 10:24:04.672041,2026-06-02
1.681171875,2.5114312500000002,6.42120625,4.256299305555555,18.0,0.9953375,9.6737,gpu_provider,H100,spot,aws,2026-06-02 10:24:04.672041,2026-06-02
6.88,8.256,8.944,8.385344,25.0,6.88,11.5584,gpu_provider,H100,on-demand,aws,2026-06-02 10:24:04.672041,2026-06-02
3.5629335,3.90934,4.708348,3.9218671940993786,161.0,1.172092,5.09620175,gpu_provider,H100,spot,gcp,2026-06-02 10:24:04.672041,2026-06-02
5.596119875,10.97905825,12.51612875,9.19199803230337,89.0,5.3832685,15.830423875,gpu_provider,H100,on-demand,gcp,2026-06-02 10:24:04.672041,2026-06-02
1.1375,1.1375,1.138,1.1376999999999997,15.0,1.1375,1.138,gpu_provider,H100,spot,verda,2026-06-02 10:24:04.672041,2026-06-02
3.25,3.25,3.25,3.25,15.0,3.25,3.25,gpu_provider,H100,on-demand,verda,2026-06-02 10:24:04.672041,2026-06-02
0.9361815,1.523925,1.80385,1.465332884363296,267.0,0.13333,4.1170625,gpu,A100,spot,,2026-06-02 10:24:04.672041,2026-06-02
2.0047,3.220091,4.09625,3.405283530398323,477.0,1.0,8.1925,gpu,A100,on-demand,,2026-06-02 10:24:04.672041,2026-06-02
1.74505,2.300242875,4.0,2.70909156468414,744.0,0.13333,8.1925,gpu,A100,all,,2026-06-02 10:24:04.672041,2026-06-02
2.13875,3.95,4.7076,3.6305845454545453,33.0,2.1385,5.49,gpu,B200,spot,,2026-06-02 10:24:04.672041,2026-06-02
6.79,6.99,14.0,9.23422173013245,151.0,5.06634,14.0,gpu,B200,on-demand,,2026-06-02 10:24:04.672041,2026-06-02
6.11,6.89,11.277,8.229221582880434,184.0,2.1385,14.0,gpu,B200,all,,2026-06-02 10:24:04.672041,2026-06-02
2.45,4.0,13.25,7.905633230769231,65.0,1.4,21.2,gpu,H200,spot,,2026-06-02 10:24:04.672041,2026-06-02
4.5,10.0,11.395,9.197946125,110.0,3.59,21.2,gpu,H200,on-demand,,2026-06-02 10:24:04.672041,2026-06-02
4.0,10.0,12.72,8.717944192857145,175.0,1.4,21.2,gpu,H200,all,,2026-06-02 10:24:04.672041,2026-06-02
2.99,3.704866,4.708348,3.667096986778846,208.0,0.9953375,9.6737,gpu,H100,spot,,2026-06-02 10:24:04.672041,2026-06-02
3.95,3.95,3.95,3.95,4.0,3.95,3.95,gpu_provider,B200,spot,nebius,2026-06-02 10:24:04.672041,2026-06-02
3.85,3.85,3.85,3.85,2.0,3.85,3.85,gpu_provider,H100,on-demand,nebius,2026-06-02 10:24:04.672041,2026-06-02
2.15,2.15,2.15,2.15,2.0,2.15,2.15,gpu_provider,H100,spot,nebius,2026-06-02 10:24:04.672041,2026-06-02
3.517728,4.28233,6.05969471875,5.525245145318931,486.0,0.9953375,15.830423875,gpu,H100,all,,2026-06-02 10:24:04.672041,2026-06-02
2.99,2.99,2.99,2.935454545454546,11.0,2.39,2.99,gpu_provider,H100,spot,runpod,2026-06-02 10:24:04.672041,2026-06-02
3.29,3.29,3.29,3.2536363636363634,11.0,2.89,3.29,gpu_provider,H100,on-demand,runpod,2026-06-02 10:24:04.672041,2026-06-02
2.1385,2.138625,2.1388125,2.1386875,12.0,2.1385,2.139,gpu_provider,B200,spot,verda,2026-06-02 10:24:04.672041,2026-06-02
6.11,6.11,6.11,6.11,12.0,6.11,6.11,gpu_provider,B200,on-demand,verda,2026-06-02 10:24:04.672041,2026-06-02
12.561,13.25,13.835,13.62283870967742,31.0,10.6,21.2,gpu_provider,H200,spot,azure,2026-06-02 10:24:04.672041,2026-06-02
12.561,13.25,13.835,13.62283870967742,31.0,10.6,21.2,gpu_provider,H200,on-demand,azure,2026-06-02 10:24:04.672041,2026-06-02
10.0,10.0,10.0,10.0,44.0,10.0,10.0,gpu_provider,H200,on-demand,oci,2026-06-02 10:24:04.672041,2026-06-02
4.385680000000001,4.55925,4.638055,4.46950921875,8.0,4.03316875,4.704435,gpu_provider,H200,on-demand,vastai,2026-06-02 10:24:04.672041,2026-06-02
3.99,3.99,3.99,3.99,8.0,3.99,3.99,gpu_provider,H200,spot,runpod,2026-06-02 10:24:04.672041,2026-06-02
4.39,4.39,4.39,4.30111111111111,9.0,3.59,4.39,gpu_provider,H200,on-demand,runpod,2026-06-02 10:24:04.672041,2026-06-02
3.55263125,3.61315875,3.70987,3.51727,8.0,2.19342,4.0,gpu_provider,H200,spot,vastai,2026-06-02 10:24:04.672041,2026-06-02
4.5,4.5,4.5,4.5,6.0,4.5,4.5,gpu_provider,H200,on-demand,nebius,2026-06-02 10:24:04.672041,2026-06-02
1.4,1.4,1.4,1.4000000000000001,12.0,1.4,1.4,gpu_provider,H200,spot,verda,2026-06-02 10:24:04.672041,2026-06-02
2.653,2.653,2.653,2.653,1.0,2.653,2.653,gpu_provider,H100,on-demand,cudo,2026-06-02 10:24:04.672041,2026-06-02
4.0,4.0,4.0,4.0,12.0,4.0,4.0,gpu_provider,H200,on-demand,verda,2026-06-02 10:24:04.672041,2026-06-02
10.0,10.0,10.0,10.0,44.0,10.0,10.0,gpu_provider,H100,on-demand,oci,2026-06-02 10:24:04.672041,2026-06-02
1.0666675,1.0666675,1.0666675,1.0666675,1.0,1.0666675,1.0666675,gpu_provider,H100,spot,vastai,2026-06-02 10:24:04.672041,2026-06-02
2.5985425,2.5985425,2.5985425,2.5985425,1.0,2.5985425,2.5985425,gpu_provider,H100,on-demand,vastai,2026-06-02 10:24:04.672041,2026-06-02
3.99,4.09,4.19,3.9700000000000006,90.0,3.29,4.29,gpu_provider,H100,on-demand,lambdalabs,2026-06-02 10:24:04.672041,2026-06-02
2.45,2.45,2.45,2.4499999999999997,6.0,2.45,2.45,gpu_provider,H200,spot,nebius,2026-06-02 10:24:04.672041,2026-06-02
1.4649999999999999,1.49,1.5645,1.5395,4.0,1.39,1.788,gpu_provider,A100,on-demand,runpod,2026-06-03 10:59:38.985616,2026-06-03
1.44,1.49,1.49,1.4566666666666668,3.0,1.39,1.49,gpu_provider,A100,spot,runpod,2026-06-03 10:59:38.985616,2026-06-03
2.0047,2.0047,2.0047,2.0047,1.0,2.0047,2.0047,gpu_provider,A100,on-demand,cudo,2026-06-03 10:59:38.985616,2026-06-03
1.74505,1.80385,2.001025,1.9364922689732142,112.0,1.476055,3.010957,gpu_provider,A100,spot,gcp,2026-06-03 10:59:38.985616,2026-06-03
1.99,1.99,1.99,2.1233333333333326,108.0,1.99,2.79,gpu_provider,A100,on-demand,lambdalabs,2026-06-03 10:59:38.985616,2026-06-03
0.88242,0.9714897499999999,1.331265,1.1264843500000001,110.0,0.7479175,2.28818,gpu_provider,A100,spot,azure,2026-06-03 10:59:38.985616,2026-06-03
2.49227125,3.6792675,4.04959090625,3.4898916517857144,112.0,2.16346,5.7077325,gpu_provider,A100,on-demand,gcp,2026-06-03 10:59:38.985616,2026-06-03
4.4075,4.775,5.14225,4.894703663793103,116.0,3.399625,8.1925,gpu_provider,A100,on-demand,azure,2026-06-03 10:59:38.985616,2026-06-03
5.49,5.49,5.49,5.49,1.0,5.49,5.49,gpu_provider,B200,spot,runpod,2026-06-03 10:59:38.985616,2026-06-03
1.29,1.79,1.79,1.6233333333333333,18.0,1.29,1.79,gpu_provider,A100,on-demand,verda,2026-06-03 10:59:38.985616,2026-06-03
14.0,14.0,14.0,14.0,44.0,14.0,14.0,gpu_provider,B200,on-demand,oci,2026-06-03 10:59:38.985616,2026-06-03
4.2643,4.2796,4.697875,4.42653,10.0,3.872,5.1356,gpu_provider,B200,spot,gcp,2026-06-03 10:59:38.985616,2026-06-03
11.277,11.277,11.277,11.277,12.0,11.277,11.277,gpu_provider,B200,on-demand,gcp,2026-06-03 10:59:38.985616,2026-06-03
4.6875,4.6875,4.75,4.75,8.0,4.6875,4.9375,gpu_provider,B200,spot,vastai,2026-06-03 10:59:38.985616,2026-06-03
6.3191837500000005,6.4012843749999995,7.047587500000001,6.9654896875,8.0,6.28880375,8.77059,gpu_provider,B200,on-demand,vastai,2026-06-03 10:59:38.985616,2026-06-03
6.765000000000001,6.84,6.915,6.84,72.0,6.69,6.99,gpu_provider,B200,on-demand,lambdalabs,2026-06-03 10:59:38.985616,2026-06-03
3.1564675,3.43088125,3.801285,3.5327744761904762,21.0,2.744705,4.7027875,gpu_provider,A100,on-demand,aws,2026-06-03 10:59:38.985616,2026-06-03
0.4515,0.6265,0.6265,0.5681666666666666,18.0,0.4515,0.6265,gpu_provider,A100,spot,verda,2026-06-03 10:59:38.985616,2026-06-03
1.1663281250000002,1.4549625000000002,1.8402531249999998,1.6525083333333335,18.0,0.5780125,4.1170625,gpu_provider,A100,spot,aws,2026-06-03 10:59:38.985616,2026-06-03
0.273545,0.42376475,0.5616785,0.5325638699656189,2036.0,0.0684,8.172,aggregate,inference,spot,,2026-06-03 10:59:38.985616,2026-06-03
3.05,3.525,4.0,3.525,88.0,3.05,4.0,gpu_provider,A100,on-demand,oci,2026-06-03 10:59:38.985616,2026-06-03
5.89,5.89,5.89,5.89,1.0,5.89,5.89,gpu_provider,B200,on-demand,runpod,2026-06-03 10:59:38.985616,2026-06-03
,3.99,,,,,,metric,neocloud_median_h100,on-demand,,2026-06-03 10:59:38.985616,2026-06-03
,10.0,,,,,,metric,hyperscaler_median_h100,on-demand,,2026-06-03 10:59:38.985616,2026-06-03
3.29,3.99,4.19,3.7974919537815137,119.0,2.5985425,4.29,provider_h100,neocloud,on-demand,,2026-06-03 10:59:38.985616,2026-06-03
5.802393875,10.0,10.97905825,9.289376106803799,158.0,5.3832685,15.830423875,provider_h100,hyperscaler,on-demand,,2026-06-03 10:59:38.985616,2026-06-03
,0.9782512562814071,,,,,,metric,hyperscaler_premium_all,on-demand,,2026-06-03 10:59:38.985616,2026-06-03
,1.99,,,,,,metric,neocloud_median_all,on-demand,,2026-06-03 10:59:38.985616,2026-06-03
,1.94672,,,,,,metric,hyperscaler_median_all,on-demand,,2026-06-03 10:59:38.985616,2026-06-03
2.8,2.8,2.8,2.8,2.0,2.8,2.8,gpu_provider,A100,on-demand,vultr,2026-06-03 10:59:38.985616,2026-06-03
1.0285475000000002,1.99,4.045,inf,775.0,0.03145,inf,provider,neocloud,on-demand,,2026-06-03 10:59:38.985616,2026-06-03
,3.4675509610013613,,,,,,metric,training_inference_ratio,on-demand,,2026-06-03 10:59:38.985616,2026-06-03
0.88,1.27107,1.805447,1.6635606002974925,2353.0,0.343,10.98917,aggregate,inference,on-demand,,2026-06-03 10:59:38.985616,2026-06-03
0.431368,0.719619,1.345028,1.138905931134655,4389.0,0.0684,10.98917,aggregate,inference,all,,2026-06-03 10:59:38.985616,2026-06-03
1.3845325,2.139,3.95,3.1329630485500877,569.0,0.12995,21.2,aggregate,training,spot,,2026-06-03 10:59:38.985616,2026-06-03
3.26,4.4075,6.99,5.8891224162968445,1014.0,1.155555,21.2,aggregate,training,on-demand,,2026-06-03 10:59:38.985616,2026-06-03
2.13875,4.0,5.87695,4.898437210833859,1583.0,0.12995,21.2,aggregate,training,all,,2026-06-03 10:59:38.985616,2026-06-03
0.13796250000000002,0.14597500000000002,0.1539875,0.14597500000000002,2.0,0.12995,0.162,gpu_provider,A100,spot,vastai,2026-06-03 10:59:38.985616,2026-06-03
1.17244875,1.1893425,1.2062362500000001,1.1893425,2.0,1.155555,1.22313,gpu_provider,A100,on-demand,vastai,2026-06-03 10:59:38.985616,2026-06-03
1.14027525,1.94672,3.9935,3.1172894846333574,4173.0,0.343,25.92,provider,hyperscaler,on-demand,,2026-06-03 10:59:38.985616,2026-06-03
3.95,3.95,3.95,3.95,4.0,3.95,3.95,gpu_provider,B200,spot,nebius,2026-06-03 10:59:38.985616,2026-06-03
,2.506265664160401,,,,,,metric,hyperscaler_premium_h100,on-demand,,2026-06-03 10:59:38.985616,2026-06-03
2.1385,2.138625,2.1388125,2.1386875,12.0,2.1385,2.139,gpu_provider,B200,spot,verda,2026-06-03 10:59:38.985616,2026-06-03
6.88,8.256,8.944,8.385344,25.0,6.88,11.5584,gpu_provider,H100,on-demand,aws,2026-06-03 10:59:38.985616,2026-06-03
3.5629335,3.90934,4.708348,3.9218671940993786,161.0,1.172092,5.09620175,gpu_provider,H100,spot,gcp,2026-06-03 10:59:38.985616,2026-06-03
5.596119875,10.97905825,12.51612875,9.19199803230337,89.0,5.3832685,15.830423875,gpu_provider,H100,on-demand,gcp,2026-06-03 10:59:38.985616,2026-06-03
1.1375,1.1375,1.138,1.1376999999999997,15.0,1.1375,1.138,gpu_provider,H100,spot,verda,2026-06-03 10:59:38.985616,2026-06-03
3.25,3.25,3.25,3.25,15.0,3.25,3.25,gpu_provider,H100,on-demand,verda,2026-06-03 10:59:38.985616,2026-06-03
0.9361305,1.5443025,1.80385,1.465530466254753,263.0,0.12995,4.1170625,gpu,A100,spot,,2026-06-03 10:59:38.985616,2026-06-03
2.16346,3.220091,4.101451875,3.4273795317796605,472.0,1.155555,8.1925,gpu,A100,on-demand,,2026-06-03 10:59:38.985616,2026-06-03
1.759828,2.353126,4.0,2.7253845600340134,735.0,0.12995,8.1925,gpu,A100,all,,2026-06-03 10:59:38.985616,2026-06-03
2.1388749999999996,4.0758,4.6875,3.6919871428571427,35.0,2.1385,5.49,gpu,B200,spot,,2026-06-03 10:59:38.985616,2026-06-03
6.79,6.99,14.0,9.19828704248366,153.0,5.89,14.0,gpu,B200,on-demand,,2026-06-03 10:59:38.985616,2026-06-03
6.11,6.89,11.277,8.17317801861702,188.0,2.1385,14.0,gpu,B200,all,,2026-06-03 10:59:38.985616,2026-06-03
2.45,3.99,13.25,7.92396962890625,64.0,1.4,21.2,gpu,H200,spot,,2026-06-03 10:59:38.985616,2026-06-03
4.5,10.0,10.865,9.168625948660715,112.0,3.59,21.2,gpu,H200,on-demand,,2026-06-03 10:59:38.985616,2026-06-03
4.0,10.0,12.72,8.716023650568182,176.0,1.4,21.2,gpu,H200,all,,2026-06-03 10:59:38.985616,2026-06-03
2.99,3.704866,4.708348,3.675690124396135,207.0,0.9444625,9.67275,gpu,H100,spot,,2026-06-03 10:59:38.985616,2026-06-03
4.09,5.532804875,10.0,6.930046813628159,277.0,2.5985425,15.830423875,gpu,H100,on-demand,,2026-06-03 10:59:38.985616,2026-06-03
3.517728,4.28233,6.13755525,5.5382041800103305,484.0,0.9444625,15.830423875,gpu,H100,all,,2026-06-03 10:59:38.985616,2026-06-03
1.66451875,2.6076187500000003,6.7071625,4.281207638888889,18.0,0.9444625,9.67275,gpu_provider,H100,spot,aws,2026-06-03 10:59:38.985616,2026-06-03
3.85,3.85,3.85,3.85,2.0,3.85,3.85,gpu_provider,H100,on-demand,nebius,2026-06-03 10:59:38.985616,2026-06-03
7.15,7.15,7.15,7.15,4.0,7.15,7.15,gpu_provider,B200,on-demand,nebius,2026-06-03 10:59:38.985616,2026-06-03
2.653,2.653,2.653,2.653,1.0,2.653,2.653,gpu_provider,H100,on-demand,cudo,2026-06-03 10:59:38.985616,2026-06-03
2.15,2.15,2.15,2.15,2.0,2.15,2.15,gpu_provider,H100,spot,nebius,2026-06-03 10:59:38.985616,2026-06-03
6.11,6.11,6.11,6.11,12.0,6.11,6.11,gpu_provider,B200,on-demand,verda,2026-06-03 10:59:38.985616,2026-06-03
12.561,13.25,13.835,13.62283870967742,31.0,10.6,21.2,gpu_provider,H200,spot,azure,2026-06-03 10:59:38.985616,2026-06-03
12.561,13.25,13.835,13.62283870967742,31.0,10.6,21.2,gpu_provider,H200,on-demand,azure,2026-06-03 10:59:38.985616,2026-06-03
10.0,10.0,10.0,10.0,44.0,10.0,10.0,gpu_provider,H200,on-demand,oci,2026-06-03 10:59:38.985616,2026-06-03
2.995723125,3.582894375,3.61316,3.17450703125,8.0,1.93421,3.61316,gpu_provider,H200,spot,vastai,2026-06-03 10:59:38.985616,2026-06-03
3.99,3.99,3.99,3.990000000000001,7.0,3.99,3.99,gpu_provider,H200,spot,runpod,2026-06-03 10:59:38.985616,2026-06-03
4.39,4.39,4.829,4.556727272727272,11.0,3.59,5.268,gpu_provider,H200,on-demand,runpod,2026-06-03 10:59:38.985616,2026-06-03
2.45,2.45,2.45,2.4499999999999997,6.0,2.45,2.45,gpu_provider,H200,spot,nebius,2026-06-03 10:59:38.985616,2026-06-03
4.3383659375,4.7208275,4.938910625,4.931763281249999,8.0,4.11872,7.11708,gpu_provider,H200,on-demand,vastai,2026-06-03 10:59:38.985616,2026-06-03
1.4,1.4,1.4,1.4000000000000001,12.0,1.4,1.4,gpu_provider,H200,spot,verda,2026-06-03 10:59:38.985616,2026-06-03
4.0,4.0,4.0,4.0,12.0,4.0,4.0,gpu_provider,H200,on-demand,verda,2026-06-03 10:59:38.985616,2026-06-03
3.29,3.29,3.29,3.29,10.0,3.29,3.29,gpu_provider,H100,on-demand,runpod,2026-06-03 10:59:38.985616,2026-06-03
10.0,10.0,10.0,10.0,44.0,10.0,10.0,gpu_provider,H100,on-demand,oci,2026-06-03 10:59:38.985616,2026-06-03
1.12,1.12,1.12,1.12,1.0,1.12,1.12,gpu_provider,H100,spot,vastai,2026-06-03 10:59:38.985616,2026-06-03
2.5985425,2.5985425,2.5985425,2.5985425,1.0,2.5985425,2.5985425,gpu_provider,H100,on-demand,vastai,2026-06-03 10:59:38.985616,2026-06-03
3.99,4.09,4.19,3.9700000000000006,90.0,3.29,4.29,gpu_provider,H100,on-demand,lambdalabs,2026-06-03 10:59:38.985616,2026-06-03
2.99,2.99,2.99,2.9900000000000007,10.0,2.99,2.99,gpu_provider,H100,spot,runpod,2026-06-03 10:59:38.985616,2026-06-03
4.5,4.5,4.5,4.5,6.0,4.5,4.5,gpu_provider,H200,on-demand,nebius,2026-06-03 10:59:38.985616,2026-06-03
1.39,1.49,1.49,1.45,5.0,1.39,1.49,gpu_provider,A100,on-demand,runpod,2026-06-04 09:56:23.983059,2026-06-04
1.39,1.49,1.49,1.45,5.0,1.39,1.49,gpu_provider,A100,spot,runpod,2026-06-04 09:56:23.983059,2026-06-04
2.0047,2.0047,2.0047,2.0047,1.0,2.0047,2.0047,gpu_provider,A100,on-demand,cudo,2026-06-04 09:56:23.983059,2026-06-04
1.74505,1.80385,2.001025,1.9364922689732142,112.0,1.476055,3.010957,gpu_provider,A100,spot,gcp,2026-06-04 09:56:23.983059,2026-06-04
1.99,1.99,1.99,2.1233333333333326,108.0,1.99,2.79,gpu_provider,A100,on-demand,lambdalabs,2026-06-04 09:56:23.983059,2026-06-04
0.88242,0.9714897499999999,1.331265,1.1264843500000001,110.0,0.7479175,2.28818,gpu_provider,A100,spot,azure,2026-06-04 09:56:23.983059,2026-06-04
2.49227125,3.6792675,4.04959090625,3.4898916517857144,112.0,2.16346,5.7077325,gpu_provider,A100,on-demand,gcp,2026-06-04 09:56:23.983059,2026-06-04
4.4075,4.775,5.14225,4.894703663793103,116.0,3.399625,8.1925,gpu_provider,A100,on-demand,azure,2026-06-04 09:56:23.983059,2026-06-04
5.49,5.49,5.49,5.49,2.0,5.49,5.49,gpu_provider,B200,spot,runpod,2026-06-04 09:56:23.983059,2026-06-04
1.29,1.79,1.79,1.6233333333333333,18.0,1.29,1.79,gpu_provider,A100,on-demand,verda,2026-06-04 09:56:23.983059,2026-06-04
14.0,14.0,14.0,14.0,44.0,14.0,14.0,gpu_provider,B200,on-demand,oci,2026-06-04 09:56:23.983059,2026-06-04
4.2643,4.2796,4.697875,4.42653,10.0,3.872,5.1356,gpu_provider,B200,spot,gcp,2026-06-04 09:56:23.983059,2026-06-04
11.277,11.277,11.277,11.277,12.0,11.277,11.277,gpu_provider,B200,on-demand,gcp,2026-06-04 09:56:23.983059,2026-06-04
4.6875,4.6875,4.8125,4.758928571428571,7.0,4.6875,4.9375,gpu_provider,B200,spot,vastai,2026-06-04 09:56:23.983059,2026-06-04
6.329313750000001,6.37928,7.4071325,6.931799642857143,7.0,6.32931,8.341115,gpu_provider,B200,on-demand,vastai,2026-06-04 09:56:23.983059,2026-06-04
6.765000000000001,6.84,6.915,6.84,72.0,6.69,6.99,gpu_provider,B200,on-demand,lambdalabs,2026-06-04 09:56:23.983059,2026-06-04
3.1564675,3.43088125,3.801285,3.5327744761904762,21.0,2.744705,4.7027875,gpu_provider,A100,on-demand,aws,2026-06-04 09:56:23.983059,2026-06-04
0.4515,0.6265,0.6265,0.5681666666666666,18.0,0.4515,0.6265,gpu_provider,A100,spot,verda,2026-06-04 09:56:23.983059,2026-06-04
1.161015625,1.4041812500000002,1.7720562499999999,1.625536111111111,18.0,0.562975,4.1170625,gpu_provider,A100,spot,aws,2026-06-04 09:56:23.983059,2026-06-04
0.273545,0.42376475,0.561687,0.5364200595937346,2043.0,0.0684,8.172,aggregate,inference,spot,,2026-06-04 09:56:23.983059,2026-06-04
3.05,3.525,4.0,3.525,88.0,3.05,4.0,gpu_provider,A100,on-demand,oci,2026-06-04 09:56:23.983059,2026-06-04
5.89,5.89,5.89,5.89,2.0,5.89,5.89,gpu_provider,B200,on-demand,runpod,2026-06-04 09:56:23.983059,2026-06-04
,3.99,,,,,,metric,neocloud_median_h100,on-demand,,2026-06-04 09:56:23.983059,2026-06-04
,10.0,,,,,,metric,hyperscaler_median_h100,on-demand,,2026-06-04 09:56:23.983059,2026-06-04
3.29,3.99,4.19,3.8017918432203395,118.0,2.5984375,4.29,provider_h100,neocloud,on-demand,,2026-06-04 09:56:23.983059,2026-06-04
5.802393875,10.0,10.97905825,9.289376106803799,158.0,5.3832685,15.830423875,provider_h100,hyperscaler,on-demand,,2026-06-04 09:56:23.983059,2026-06-04
,0.9782512562814071,,,,,,metric,hyperscaler_premium_all,on-demand,,2026-06-04 09:56:23.983059,2026-06-04
,1.99,,,,,,metric,neocloud_median_all,on-demand,,2026-06-04 09:56:23.983059,2026-06-04
,1.94672,,,,,,metric,hyperscaler_median_all,on-demand,,2026-06-04 09:56:23.983059,2026-06-04
2.8,2.8,2.8,2.8,2.0,2.8,2.8,gpu_provider,A100,on-demand,vultr,2026-06-04 09:56:23.983059,2026-06-04
0.79,1.99,4.0,inf,798.0,0.059,inf,provider,neocloud,on-demand,,2026-06-04 09:56:23.983059,2026-06-04
,3.4686698251302475,,,,,,metric,training_inference_ratio,on-demand,,2026-06-04 09:56:23.983059,2026-06-04
0.87975,1.27066,1.805447,1.6646827891949152,2360.0,0.343,10.98917,aggregate,inference,on-demand,,2026-06-04 09:56:23.983059,2026-06-04
0.431368,0.719619,1.3508,1.1411668326709064,4403.0,0.0684,10.98917,aggregate,inference,all,,2026-06-04 09:56:23.983059,2026-06-04
1.357541,2.1385,3.95,3.1111636900263617,569.0,0.12995,21.2,aggregate,training,spot,,2026-06-04 09:56:23.983059,2026-06-04
3.25,4.4075,6.99,5.88452453121915,1013.0,1.22313,21.2,aggregate,training,on-demand,,2026-06-04 09:56:23.983059,2026-06-04
2.1385,4.0,5.8828125,4.887026226137801,1582.0,0.12995,21.2,aggregate,training,all,,2026-06-04 09:56:23.983059,2026-06-04
0.264975,0.4,0.494105,0.37272,3.0,0.12995,0.58821,gpu_provider,A100,spot,vastai,2026-06-04 09:56:23.983059,2026-06-04
1.424555,1.62598,2.92674,2.35887,3.0,1.22313,4.2275,gpu_provider,A100,on-demand,vastai,2026-06-04 09:56:23.983059,2026-06-04
1.14027525,1.94672,3.9935,3.1172894846333574,4173.0,0.343,25.92,provider,hyperscaler,on-demand,,2026-06-04 09:56:23.983059,2026-06-04
,2.506265664160401,,,,,,metric,hyperscaler_premium_h100,on-demand,,2026-06-04 09:56:23.983059,2026-06-04
7.15,7.15,7.15,7.15,4.0,7.15,7.15,gpu_provider,B200,on-demand,nebius,2026-06-04 09:56:23.983059,2026-06-04
2.1385,2.138625,2.1388125,2.1386875,12.0,2.1385,2.139,gpu_provider,B200,spot,verda,2026-06-04 09:56:23.983059,2026-06-04
6.88,8.256,8.944,8.385344,25.0,6.88,11.5584,gpu_provider,H100,on-demand,aws,2026-06-04 09:56:23.983059,2026-06-04
3.5629335,3.90934,4.708348,3.9218671940993786,161.0,1.172092,5.09620175,gpu_provider,H100,spot,gcp,2026-06-04 09:56:23.983059,2026-06-04
5.596119875,10.97905825,12.51612875,9.19199803230337,89.0,5.3832685,15.830423875,gpu_provider,H100,on-demand,gcp,2026-06-04 09:56:23.983059,2026-06-04
1.1375,1.1375,1.138,1.1376999999999997,15.0,1.1375,1.138,gpu_provider,H100,spot,verda,2026-06-04 09:56:23.983059,2026-06-04
3.25,3.25,3.25,3.25,15.0,3.25,3.25,gpu_provider,H100,on-demand,verda,2026-06-04 09:56:23.983059,2026-06-04
0.935338125,1.5340975000000001,1.80385,1.4611098594924812,266.0,0.12995,4.1170625,gpu,A100,spot,,2026-06-04 09:56:23.983059,2026-06-04
1.74505,2.353126,4.0,2.7191463332770267,740.0,0.12995,8.1925,gpu,A100,all,,2026-06-04 09:56:23.983059,2026-06-04
2.1388749999999996,4.0758,4.6875,3.7149157142857145,35.0,2.1385,5.49,gpu,B200,spot,,2026-06-04 09:56:23.983059,2026-06-04
6.79,6.99,14.0,9.189716323529414,153.0,5.89,14.0,gpu,B200,on-demand,,2026-06-04 09:56:23.983059,2026-06-04
6.11,6.89,11.277,8.17047152925532,188.0,2.1385,14.0,gpu,B200,all,,2026-06-04 09:56:23.983059,2026-06-04
2.19342,7.295,13.25,7.969755544354839,62.0,1.4,21.2,gpu,H200,spot,,2026-06-04 09:56:23.983059,2026-06-04
4.5399990625,10.0,11.395,9.228643875,110.0,3.59,21.2,gpu,H200,on-demand,,2026-06-04 09:56:23.983059,2026-06-04
4.0,10.0,12.72,8.774858546511629,172.0,1.4,21.2,gpu,H200,all,,2026-06-04 09:56:23.983059,2026-06-04
2.99,3.704866,4.708348,3.676941860436893,206.0,0.9125375,9.6736,gpu,H100,spot,,2026-06-04 09:56:23.983059,2026-06-04
4.09,5.558908375,10.0,6.943235008605072,276.0,2.5984375,15.830423875,gpu,H100,on-demand,,2026-06-04 09:56:23.983059,2026-06-04
3.51984625,4.28233,6.13755525,5.547267397562241,482.0,0.9125375,15.830423875,gpu,H100,all,,2026-06-04 09:56:23.983059,2026-06-04
3.95,3.95,3.95,3.95,4.0,3.95,3.95,gpu_provider,B200,spot,nebius,2026-06-04 09:56:23.983059,2026-06-04
1.643875,2.63781875,6.7603,4.260402083333334,18.0,0.9125375,9.6736,gpu_provider,H100,spot,aws,2026-06-04 09:56:23.983059,2026-06-04
3.85,3.85,3.85,3.85,2.0,3.85,3.85,gpu_provider,H100,on-demand,nebius,2026-06-04 09:56:23.983059,2026-06-04
2.16346,3.220091,4.111855625,3.4251330464135017,474.0,1.22313,8.1925,gpu,A100,on-demand,,2026-06-04 09:56:23.983059,2026-06-04
2.653,2.653,2.653,2.653,1.0,2.653,2.653,gpu_provider,H100,on-demand,cudo,2026-06-04 09:56:23.983059,2026-06-04
2.15,2.15,2.15,2.15,2.0,2.15,2.15,gpu_provider,H100,spot,nebius,2026-06-04 09:56:23.983059,2026-06-04
12.561,13.25,13.835,13.62283870967742,31.0,10.6,21.2,gpu_provider,H200,spot,azure,2026-06-04 09:56:23.983059,2026-06-04
12.561,13.25,13.835,13.62283870967742,31.0,10.6,21.2,gpu_provider,H200,on-demand,azure,2026-06-04 09:56:23.983059,2026-06-04
10.0,10.0,10.0,10.0,44.0,10.0,10.0,gpu_provider,H200,on-demand,oci,2026-06-04 09:56:23.983059,2026-06-04
1.935528125,2.064475,2.19342,2.0644739583333336,6.0,1.93552625,2.19342,gpu_provider,H200,spot,vastai,2026-06-04 09:56:23.983059,2026-06-04
4.5399990625,4.61947,4.7022981249999996,4.619804375,6.0,4.53305,4.70342,gpu_provider,H200,on-demand,vastai,2026-06-04 09:56:23.983059,2026-06-04
3.99,3.99,3.99,3.990000000000001,7.0,3.99,3.99,gpu_provider,H200,spot,runpod,2026-06-04 09:56:23.983059,2026-06-04
4.39,4.39,4.829,4.556727272727272,11.0,3.59,5.268,gpu_provider,H200,on-demand,runpod,2026-06-04 09:56:23.983059,2026-06-04
2.45,2.45,2.45,2.4499999999999997,6.0,2.45,2.45,gpu_provider,H200,spot,nebius,2026-06-04 09:56:23.983059,2026-06-04
6.11,6.11,6.11,6.11,12.0,6.11,6.11,gpu_provider,B200,on-demand,verda,2026-06-04 09:56:23.983059,2026-06-04
1.4,1.4,1.4,1.4000000000000001,12.0,1.4,1.4,gpu_provider,H200,spot,verda,2026-06-04 09:56:23.983059,2026-06-04
4.5,4.5,4.5,4.5,6.0,4.5,4.5,gpu_provider,H200,on-demand,nebius,2026-06-04 09:56:23.983059,2026-06-04
2.99,2.99,2.99,2.99,9.0,2.99,2.99,gpu_provider,H100,spot,runpod,2026-06-04 09:56:23.983059,2026-06-04
3.99,4.09,4.19,3.9700000000000006,90.0,3.29,4.29,gpu_provider,H100,on-demand,lambdalabs,2026-06-04 09:56:23.983059,2026-06-04
2.5984375,2.5984375,2.5984375,2.5984375,1.0,2.5984375,2.5984375,gpu_provider,H100,on-demand,vastai,2026-06-04 09:56:23.983059,2026-06-04
3.29,3.29,3.29,3.29,9.0,3.29,3.29,gpu_provider,H100,on-demand,runpod,2026-06-04 09:56:23.983059,2026-06-04
10.0,10.0,10.0,10.0,44.0,10.0,10.0,gpu_provider,H100,on-demand,oci,2026-06-04 09:56:23.983059,2026-06-04
4.0,4.0,4.0,4.0,12.0,4.0,4.0,gpu_provider,H200,on-demand,verda,2026-06-04 09:56:23.983059,2026-06-04
1.0666675,1.0666675,1.0666675,1.0666675,1.0,1.0666675,1.0666675,gpu_provider,H100,spot,vastai,2026-06-04 09:56:23.983059,2026-06-04
1.39,1.49,1.49,1.4316,5.0,1.0,1.788,gpu_provider,A100,on-demand,runpod,2026-06-05 09:51:03.856330,2026-06-05
2.0047,2.0047,2.0047,2.0047,1.0,2.0047,2.0047,gpu_provider,A100,on-demand,cudo,2026-06-05 09:51:03.856330,2026-06-05
1.99,1.99,1.99,2.1233333333333326,108.0,1.99,2.79,gpu_provider,A100,on-demand,lambdalabs,2026-06-05 09:51:03.856330,2026-06-05
1.74505,1.80385,2.001025,1.9364922689732142,112.0,1.476055,3.010957,gpu_provider,A100,spot,gcp,2026-06-05 09:51:03.856330,2026-06-05
2.49227125,3.6792675,4.04959090625,3.4898916517857144,112.0,2.16346,5.7077325,gpu_provider,A100,on-demand,gcp,2026-06-05 09:51:03.856330,2026-06-05
3.1564675,3.43088125,3.801285,3.5327744761904762,21.0,2.744705,4.7027875,gpu_provider,A100,on-demand,aws,2026-06-05 09:51:03.856330,2026-06-05
1.44,1.49,1.49,1.4566666666666668,3.0,1.39,1.49,gpu_provider,A100,spot,runpod,2026-06-05 09:51:03.856330,2026-06-05
0.88242,0.9714897499999999,1.331265,1.1264843500000001,110.0,0.7479175,2.28818,gpu_provider,A100,spot,azure,2026-06-05 09:51:03.856330,2026-06-05
4.2643,4.2796,4.697875,4.42653,10.0,3.872,5.1356,gpu_provider,B200,spot,gcp,2026-06-05 09:51:03.856330,2026-06-05
0.4515,0.6265,0.6265,0.5681666666666666,18.0,0.4515,0.6265,gpu_provider,A100,spot,verda,2026-06-05 09:51:03.856330,2026-06-05
1.29,1.79,1.79,1.6233333333333333,18.0,1.29,1.79,gpu_provider,A100,on-demand,verda,2026-06-05 09:51:03.856330,2026-06-05
14.0,14.0,14.0,14.0,44.0,14.0,14.0,gpu_provider,B200,on-demand,oci,2026-06-05 09:51:03.856330,2026-06-05
11.277,11.277,11.277,11.277,12.0,11.277,11.277,gpu_provider,B200,on-demand,gcp,2026-06-05 09:51:03.856330,2026-06-05
4.6875,4.6875,4.9375,4.875,7.0,4.6875,5.5,gpu_provider,B200,spot,vastai,2026-06-05 09:51:03.856330,2026-06-05
6.29698125,6.32631,6.399732500000001,6.488085535714285,7.0,5.40837625,8.288485,gpu_provider,B200,on-demand,vastai,2026-06-05 09:51:03.856330,2026-06-05
6.765000000000001,6.84,6.915,6.84,72.0,6.69,6.99,gpu_provider,B200,on-demand,lambdalabs,2026-06-05 09:51:03.856330,2026-06-05
1.160746875,1.38079375,1.70948125,1.6096041666666665,18.0,0.526075,4.1170625,gpu_provider,A100,spot,aws,2026-06-05 09:51:03.856330,2026-06-05
4.4075,4.775,5.14225,4.894703663793103,116.0,3.399625,8.1925,gpu_provider,A100,on-demand,azure,2026-06-05 09:51:03.856330,2026-06-05
2.8,2.8,2.8,2.8,2.0,2.8,2.8,gpu_provider,A100,on-demand,vultr,2026-06-05 09:51:03.856330,2026-06-05
5.49,5.49,5.49,5.489999999999999,3.0,5.49,5.49,gpu_provider,B200,spot,runpod,2026-06-05 09:51:03.856330,2026-06-05
,2.506265664160401,,,,,,metric,hyperscaler_premium_h100,on-demand,,2026-06-05 09:51:03.856330,2026-06-05
,3.99,,,,,,metric,neocloud_median_h100,on-demand,,2026-06-05 09:51:03.856330,2026-06-05
,10.0,,,,,,metric,hyperscaler_median_h100,on-demand,,2026-06-05 09:51:03.856330,2026-06-05
3.29,3.99,4.19,3.807652542372882,118.0,2.653,4.29,provider_h100,neocloud,on-demand,,2026-06-05 09:51:03.856330,2026-06-05
5.802393875,10.0,10.97905825,9.289376106803799,158.0,5.3832685,15.830423875,provider_h100,hyperscaler,on-demand,,2026-06-05 09:51:03.856330,2026-06-05
,0.979294472361809,,,,,,metric,hyperscaler_premium_all,on-demand,,2026-06-05 09:51:03.856330,2026-06-05
,1.99,,,,,,metric,neocloud_median_all,on-demand,,2026-06-05 09:51:03.856330,2026-06-05
,1.948796,,,,,,metric,hyperscaler_median_all,on-demand,,2026-06-05 09:51:03.856330,2026-06-05
1.00476875,1.99,4.0,inf,782.0,0.03548,inf,provider,neocloud,on-demand,,2026-06-05 09:51:03.856330,2026-06-05
1.143275,1.948796,3.99509375,3.119760881816551,4181.0,0.343,25.92,provider,hyperscaler,on-demand,,2026-06-05 09:51:03.856330,2026-06-05
,3.451448707909162,,,,,,metric,training_inference_ratio,on-demand,,2026-06-05 09:51:03.856330,2026-06-05
0.273545,0.42520199999999997,0.561704,0.5353430602306182,2038.0,0.0684,8.172,aggregate,inference,spot,,2026-06-05 09:51:03.856330,2026-06-05
0.882932,1.277,1.825843,1.67443057130766,2363.0,0.343,10.98917,aggregate,inference,on-demand,,2026-06-05 09:51:03.856330,2026-06-05
0.43233225,0.72602,1.3551,1.1469458297546014,4401.0,0.0684,10.98917,aggregate,inference,all,,2026-06-05 09:51:03.856330,2026-06-05
1.3575409375,2.1388749999999996,3.95,3.131776205638112,572.0,0.169,21.2,aggregate,training,spot,,2026-06-05 09:51:03.856330,2026-06-05
3.25,4.4075,6.99,5.872729660221675,1015.0,0.711875,21.2,aggregate,training,on-demand,,2026-06-05 09:51:03.856330,2026-06-05
2.1385,4.0,5.8594375,4.884811968966603,1587.0,0.169,21.2,aggregate,training,all,,2026-06-05 09:51:03.856330,2026-06-05
0.54224875,0.8433325,1.0474999999999999,0.74641625,4.0,0.169,1.13,gpu_provider,A100,spot,vastai,2026-06-05 09:51:03.856330,2026-06-05
3.05,3.525,4.0,3.525,88.0,3.05,4.0,gpu_provider,A100,on-demand,oci,2026-06-05 09:51:03.856330,2026-06-05
5.89,5.89,5.89,5.89,3.0,5.89,5.89,gpu_provider,B200,on-demand,runpod,2026-06-05 09:51:03.856330,2026-06-05
1.04588375,1.249025,1.400765625,1.197624375,4.0,0.711875,1.5805725,gpu_provider,A100,on-demand,vastai,2026-06-05 09:51:03.856330,2026-06-05
7.15,7.15,7.15,7.15,4.0,7.15,7.15,gpu_provider,B200,on-demand,nebius,2026-06-05 09:51:03.856330,2026-06-05
6.88,8.256,8.944,8.385344,25.0,6.88,11.5584,gpu_provider,H100,on-demand,aws,2026-06-05 09:51:03.856330,2026-06-05
3.5629335,3.90934,4.708348,3.9218671940993786,161.0,1.172092,5.09620175,gpu_provider,H100,spot,gcp,2026-06-05 09:51:03.856330,2026-06-05
5.596119875,10.97905825,12.51612875,9.19199803230337,89.0,5.3832685,15.830423875,gpu_provider,H100,on-demand,gcp,2026-06-05 09:51:03.856330,2026-06-05
1.1375,1.1375,1.138,1.1376999999999997,15.0,1.1375,1.138,gpu_provider,H100,spot,verda,2026-06-05 09:51:03.856330,2026-06-05
3.25,3.25,3.25,3.25,15.0,3.25,3.25,gpu_provider,H100,on-demand,verda,2026-06-05 09:51:03.856330,2026-06-05
0.936105,1.533775,1.80385,1.4617205759433962,265.0,0.169,4.1170625,gpu,A100,spot,,2026-06-05 09:51:03.856330,2026-06-05
2.16346,3.220091,4.09625,3.4129156873684203,475.0,0.711875,8.1925,gpu,A100,on-demand,,2026-06-05 09:51:03.856330,2026-06-05
2.1389375,4.1675,4.6875,3.786793055555555,36.0,2.1385,5.5,gpu,B200,spot,,2026-06-05 09:51:03.856330,2026-06-05
6.715,6.99,14.0,9.148120771103896,154.0,5.40837625,14.0,gpu,B200,on-demand,,2026-06-05 09:51:03.856330,2026-06-05
6.11,6.89,11.277,8.132290256578948,190.0,2.1385,14.0,gpu,B200,all,,2026-06-05 09:51:03.856330,2026-06-05
2.45,3.99,13.25,7.815511826923077,65.0,1.31579,21.2,gpu,H200,spot,,2026-06-05 09:51:03.856330,2026-06-05
4.5,10.0,11.395,9.216823909090909,110.0,3.59,21.2,gpu,H200,on-demand,,2026-06-05 09:51:03.856330,2026-06-05
4.0,10.0,12.72,8.696336564285717,175.0,1.31579,21.2,gpu,H200,all,,2026-06-05 09:51:03.856330,2026-06-05
2.99,3.704866,4.708348,3.6878020303398054,206.0,0.9540375,9.6757,gpu,H100,spot,,2026-06-05 09:51:03.856330,2026-06-05
4.09,5.558908375,10.0,6.945740669836956,276.0,2.653,15.830423875,gpu,H100,on-demand,,2026-06-05 09:51:03.856330,2026-06-05
3.51984625,4.28233,6.13755525,5.553343657935684,482.0,0.9540375,15.830423875,gpu,H100,all,,2026-06-05 09:51:03.856330,2026-06-05
3.95,3.95,3.95,3.95,4.0,3.95,3.95,gpu_provider,B200,spot,nebius,2026-06-05 09:51:03.856330,2026-06-05
1.60790625,2.58575,6.867687500000001,4.27783888888889,18.0,0.9540375,9.6757,gpu_provider,H100,spot,aws,2026-06-05 09:51:03.856330,2026-06-05
3.85,3.85,3.85,3.85,2.0,3.85,3.85,gpu_provider,H100,on-demand,nebius,2026-06-05 09:51:03.856330,2026-06-05
1.74505,2.353126,4.0,2.714176897466216,740.0,0.169,8.1925,gpu,A100,all,,2026-06-05 09:51:03.856330,2026-06-05
2.653,2.653,2.653,2.653,1.0,2.653,2.653,gpu_provider,H100,on-demand,cudo,2026-06-05 09:51:03.856330,2026-06-05
2.15,2.15,2.15,2.15,2.0,2.15,2.15,gpu_provider,H100,spot,nebius,2026-06-05 09:51:03.856330,2026-06-05
6.11,6.11,6.11,6.11,12.0,6.11,6.11,gpu_provider,B200,on-demand,verda,2026-06-05 09:51:03.856330,2026-06-05
12.561,13.25,13.835,13.62283870967742,31.0,10.6,21.2,gpu_provider,H200,spot,azure,2026-06-05 09:51:03.856330,2026-06-05
12.561,13.25,13.835,13.62283870967742,31.0,10.6,21.2,gpu_provider,H200,on-demand,azure,2026-06-05 09:51:03.856330,2026-06-05
10.0,10.0,10.0,10.0,44.0,10.0,10.0,gpu_provider,H200,on-demand,oci,2026-06-05 09:51:03.856330,2026-06-05
1.9352,3.157895,3.5677628125,2.7850335937499997,8.0,1.31579,3.61316,gpu_provider,H200,spot,vastai,2026-06-05 09:51:03.856330,2026-06-05
4.4498075,4.60959875,4.96353875,4.729078749999999,8.0,4.16844875,5.49371875,gpu_provider,H200,on-demand,vastai,2026-06-05 09:51:03.856330,2026-06-05
3.99,3.99,3.99,3.99,8.0,3.99,3.99,gpu_provider,H200,spot,runpod,2026-06-05 09:51:03.856330,2026-06-05
4.39,4.39,4.39,4.30111111111111,9.0,3.59,4.39,gpu_provider,H200,on-demand,runpod,2026-06-05 09:51:03.856330,2026-06-05
2.1385,2.138625,2.1388125,2.1386875,12.0,2.1385,2.139,gpu_provider,B200,spot,verda,2026-06-05 09:51:03.856330,2026-06-05
4.5,4.5,4.5,4.5,6.0,4.5,4.5,gpu_provider,H200,on-demand,nebius,2026-06-05 09:51:03.856330,2026-06-05
1.4,1.4,1.4,1.4000000000000001,12.0,1.4,1.4,gpu_provider,H200,spot,verda,2026-06-05 09:51:03.856330,2026-06-05
4.0,4.0,4.0,4.0,12.0,4.0,4.0,gpu_provider,H200,on-demand,verda,2026-06-05 09:51:03.856330,2026-06-05
10.0,10.0,10.0,10.0,44.0,10.0,10.0,gpu_provider,H100,on-demand,oci,2026-06-05 09:51:03.856330,2026-06-05
3.99,4.09,4.19,3.9700000000000006,90.0,3.29,4.29,gpu_provider,H100,on-demand,lambdalabs,2026-06-05 09:51:03.856330,2026-06-05
2.99,2.99,2.99,2.9900000000000007,10.0,2.99,2.99,gpu_provider,H100,spot,runpod,2026-06-05 09:51:03.856330,2026-06-05
3.29,3.29,3.29,3.29,10.0,3.29,3.29,gpu_provider,H100,on-demand,runpod,2026-06-05 09:51:03.856330,2026-06-05
2.45,2.45,2.45,2.4499999999999997,6.0,2.45,2.45,gpu_provider,H200,spot,nebius,2026-06-05 09:51:03.856330,2026-06-05
1.163815625,1.402775,1.65033125,1.6074590277777778,18.0,0.4944,4.1170625,gpu_provider,A100,spot,aws,2026-06-06 08:34:05.559090,2026-06-06
1.39,1.49,1.49,1.4536363636363636,11.0,1.39,1.49,gpu_provider,A100,spot,runpod,2026-06-06 08:34:05.559090,2026-06-06
2.49227125,3.6792675,4.04959090625,3.4898916517857144,112.0,2.16346,5.7077325,gpu_provider,A100,on-demand,gcp,2026-06-06 08:34:05.559090,2026-06-06
3.1564675,3.43088125,3.801285,3.5327744761904762,21.0,2.744705,4.7027875,gpu_provider,A100,on-demand,aws,2026-06-06 08:34:05.559090,2026-06-06
1.99,1.99,1.99,2.1233333333333326,108.0,1.99,2.79,gpu_provider,A100,on-demand,lambdalabs,2026-06-06 08:34:05.559090,2026-06-06
2.0047,2.0047,2.0047,2.0047,1.0,2.0047,2.0047,gpu_provider,A100,on-demand,cudo,2026-06-06 08:34:05.559090,2026-06-06
1.39,1.49,1.49,1.4158333333333333,12.0,1.0,1.49,gpu_provider,A100,on-demand,runpod,2026-06-06 08:34:05.559090,2026-06-06
1.74505,1.80385,2.001025,1.9364922689732142,112.0,1.476055,3.010957,gpu_provider,A100,spot,gcp,2026-06-06 08:34:05.559090,2026-06-06
0.88242,0.9714897499999999,1.331265,1.1264843500000001,110.0,0.7479175,2.28818,gpu_provider,A100,spot,azure,2026-06-06 08:34:05.559090,2026-06-06
14.0,14.0,14.0,14.0,44.0,14.0,14.0,gpu_provider,B200,on-demand,oci,2026-06-06 08:34:05.559090,2026-06-06
0.4515,0.6265,0.6265,0.5681666666666666,18.0,0.4515,0.6265,gpu_provider,A100,spot,verda,2026-06-06 08:34:05.559090,2026-06-06
1.29,1.79,1.79,1.6233333333333333,18.0,1.29,1.79,gpu_provider,A100,on-demand,verda,2026-06-06 08:34:05.559090,2026-06-06
4.6875,4.6875,4.6875,4.6,5.0,4.25,4.6875,gpu_provider,B200,spot,vastai,2026-06-06 08:34:05.559090,2026-06-06
6.3613925,6.47315,6.473155,6.71229125,5.0,6.32630875,7.92745,gpu_provider,B200,on-demand,vastai,2026-06-06 08:34:05.559090,2026-06-06
4.2643,4.2796,4.697875,4.42653,10.0,3.872,5.1356,gpu_provider,B200,spot,gcp,2026-06-06 08:34:05.559090,2026-06-06
11.277,11.277,11.277,11.277,12.0,11.277,11.277,gpu_provider,B200,on-demand,gcp,2026-06-06 08:34:05.559090,2026-06-06
6.765000000000001,6.84,6.915,6.84,72.0,6.69,6.99,gpu_provider,B200,on-demand,lambdalabs,2026-06-06 08:34:05.559090,2026-06-06
4.4075,4.775,5.14225,4.894703663793103,116.0,3.399625,8.1925,gpu_provider,A100,on-demand,azure,2026-06-06 08:34:05.559090,2026-06-06
2.8,2.8,2.8,2.8,2.0,2.8,2.8,gpu_provider,A100,on-demand,vultr,2026-06-06 08:34:05.559090,2026-06-06
,2.506265664160401,,,,,,metric,hyperscaler_premium_h100,on-demand,,2026-06-06 08:34:05.559090,2026-06-06
1.82051375,2.6228425,3.42517125,2.6228425,2.0,1.018185,4.2275,gpu_provider,A100,on-demand,vastai,2026-06-06 08:34:05.559090,2026-06-06
5.49,5.49,5.49,5.49,4.0,5.49,5.49,gpu_provider,B200,spot,runpod,2026-06-06 08:34:05.559090,2026-06-06
,3.99,,,,,,metric,neocloud_median_h100,on-demand,,2026-06-06 08:34:05.559090,2026-06-06
,10.0,,,,,,metric,hyperscaler_median_h100,on-demand,,2026-06-06 08:34:05.559090,2026-06-06
3.29,3.99,4.19,3.770073299180328,122.0,2.57778,4.29,provider_h100,neocloud,on-demand,,2026-06-06 08:34:05.559090,2026-06-06
5.802393875,10.0,10.97905825,9.289376106803799,158.0,5.3832685,15.830423875,provider_h100,hyperscaler,on-demand,,2026-06-06 08:34:05.559090,2026-06-06
,0.9796195979899498,,,,,,metric,hyperscaler_premium_all,on-demand,,2026-06-06 08:34:05.559090,2026-06-06
,1.99,,,,,,metric,neocloud_median_all,on-demand,,2026-06-06 08:34:05.559090,2026-06-06
,1.949443,,,,,,metric,hyperscaler_median_all,on-demand,,2026-06-06 08:34:05.559090,2026-06-06
3.05,3.525,4.0,3.525,88.0,3.05,4.0,gpu_provider,A100,on-demand,oci,2026-06-06 08:34:05.559090,2026-06-06
0.99,1.99,4.0,inf,814.0,0.03187,inf,provider,neocloud,on-demand,,2026-06-06 08:34:05.559090,2026-06-06
,3.451936308236682,,,,,,metric,training_inference_ratio,on-demand,,2026-06-06 08:34:05.559090,2026-06-06
0.273545,0.4247,0.56102,0.5355010644254279,2045.0,0.0684,8.172,aggregate,inference,spot,,2026-06-06 08:34:05.559090,2026-06-06
0.87925,1.27175,1.822916,1.6712758902953586,2370.0,0.343,10.98917,aggregate,inference,on-demand,,2026-06-06 08:34:05.559090,2026-06-06
0.431368,0.72144,1.3508,1.1451921940543601,4415.0,0.0684,10.98917,aggregate,inference,all,,2026-06-06 08:34:05.559090,2026-06-06
1.357541,2.13875,3.943517125,3.1055153478915662,581.0,0.4,21.2,aggregate,training,spot,,2026-06-06 08:34:05.559090,2026-06-06
3.25,4.39,6.99,5.837636445243903,1025.0,1.0,21.2,aggregate,training,on-demand,,2026-06-06 08:34:05.559090,2026-06-06
2.001025,3.99,5.762968625,4.8492414529887915,1606.0,0.4,21.2,aggregate,training,all,,2026-06-06 08:34:05.559090,2026-06-06
0.43900000000000006,0.47800000000000004,0.517,0.47800000000000004,2.0,0.4,0.556,gpu_provider,A100,spot,vastai,2026-06-06 08:34:05.559090,2026-06-06
1.1432750625,1.949443,3.9973934375,3.1203059174736967,4182.0,0.343,25.92,provider,hyperscaler,on-demand,,2026-06-06 08:34:05.559090,2026-06-06
5.89,5.89,5.89,5.89,4.0,5.89,5.89,gpu_provider,B200,on-demand,runpod,2026-06-06 08:34:05.559090,2026-06-06
3.95,3.95,3.95,3.95,4.0,3.95,3.95,gpu_provider,B200,spot,nebius,2026-06-06 08:34:05.559090,2026-06-06
7.15,7.15,7.15,7.15,4.0,7.15,7.15,gpu_provider,B200,on-demand,nebius,2026-06-06 08:34:05.559090,2026-06-06
1.7374625,2.5485,6.9474625,4.304678472222222,18.0,0.9985,9.65195,gpu_provider,H100,spot,aws,2026-06-06 08:34:05.559090,2026-06-06
6.88,8.256,8.944,8.385344,25.0,6.88,11.5584,gpu_provider,H100,on-demand,aws,2026-06-06 08:34:05.559090,2026-06-06
3.5629335,3.90934,4.708348,3.9218671940993786,161.0,1.172092,5.09620175,gpu_provider,H100,spot,gcp,2026-06-06 08:34:05.559090,2026-06-06
5.596119875,10.97905825,12.51612875,9.19199803230337,89.0,5.3832685,15.830423875,gpu_provider,H100,on-demand,gcp,2026-06-06 08:34:05.559090,2026-06-06
1.1375,1.1375,1.138,1.1376999999999997,15.0,1.1375,1.138,gpu_provider,H100,spot,verda,2026-06-06 08:34:05.559090,2026-06-06
3.25,3.25,3.25,3.25,15.0,3.25,3.25,gpu_provider,H100,on-demand,verda,2026-06-06 08:34:05.559090,2026-06-06
0.9361815,1.5229825,1.80385,1.4646039672509223,271.0,0.4,4.1170625,gpu,A100,spot,,2026-06-06 08:34:05.559090,2026-06-06
1.99,3.220091,4.09625,3.398796122916666,480.0,1.0,8.1925,gpu,A100,on-demand,,2026-06-06 08:34:05.559090,2026-06-06
1.70899,2.30024275,4.0,2.7008386339880155,751.0,0.4,8.1925,gpu,A100,all,,2026-06-06 08:34:05.559090,2026-06-06
2.1388749999999996,4.0758,4.6875,3.733987142857143,35.0,2.1385,5.49,gpu,B200,spot,,2026-06-06 08:34:05.559090,2026-06-06
6.79,6.99,14.0,9.168924550653596,153.0,5.89,14.0,gpu,B200,on-demand,,2026-06-06 08:34:05.559090,2026-06-06
6.11,6.89,11.277,8.157101097074468,188.0,2.1385,14.0,gpu,B200,all,,2026-06-06 08:34:05.559090,2026-06-06
2.45,3.99,13.25,7.852515826923077,65.0,1.31579,21.2,gpu,H200,spot,,2026-06-06 08:34:05.559090,2026-06-06
4.5,10.0,10.865,9.121780301339285,112.0,3.59,21.2,gpu,H200,on-demand,,2026-06-06 08:34:05.559090,2026-06-06
4.0,10.0,12.72,8.65566622881356,177.0,1.31579,21.2,gpu,H200,all,,2026-06-06 08:34:05.559090,2026-06-06
2.99,3.704866,4.708348,3.6490174440476193,210.0,0.9985,9.65195,gpu,H100,spot,,2026-06-06 08:34:05.559090,2026-06-06
4.09,5.532712125,10.0,6.884537026339287,280.0,2.57778,15.830423875,gpu,H100,on-demand,,2026-06-06 08:34:05.559090,2026-06-06
3.85,3.85,3.85,3.85,2.0,3.85,3.85,gpu_provider,H100,on-demand,nebius,2026-06-06 08:34:05.559090,2026-06-06
2.15,2.15,2.15,2.15,2.0,2.15,2.15,gpu_provider,H100,spot,nebius,2026-06-06 08:34:05.559090,2026-06-06
3.517728,4.28233,6.06125409375,5.497885776785715,490.0,0.9985,15.830423875,gpu,H100,all,,2026-06-06 08:34:05.559090,2026-06-06
2.99,2.99,2.99,2.935454545454546,11.0,2.39,2.99,gpu_provider,H100,spot,runpod,2026-06-06 08:34:05.559090,2026-06-06
3.29,3.29,3.29,3.2536363636363634,11.0,2.89,3.29,gpu_provider,H100,on-demand,runpod,2026-06-06 08:34:05.559090,2026-06-06
2.1385,2.138625,2.1388125,2.1386875,12.0,2.1385,2.139,gpu_provider,B200,spot,verda,2026-06-06 08:34:05.559090,2026-06-06
6.11,6.11,6.11,6.11,12.0,6.11,6.11,gpu_provider,B200,on-demand,verda,2026-06-06 08:34:05.559090,2026-06-06
12.561,13.25,13.835,13.62283870967742,31.0,10.6,21.2,gpu_provider,H200,spot,azure,2026-06-06 08:34:05.559090,2026-06-06
12.561,13.25,13.835,13.62283870967742,31.0,10.6,21.2,gpu_provider,H200,on-demand,azure,2026-06-06 08:34:05.559090,2026-06-06
10.0,10.0,10.0,10.0,44.0,10.0,10.0,gpu_provider,H200,on-demand,oci,2026-06-06 08:34:05.559090,2026-06-06
4.157679375,4.1815125,4.440670624999999,4.38567421875,8.0,4.10989,5.18741875,gpu_provider,H200,on-demand,vastai,2026-06-06 08:34:05.559090,2026-06-06
3.99,3.99,3.99,3.99,8.0,3.99,3.99,gpu_provider,H200,spot,runpod,2026-06-06 08:34:05.559090,2026-06-06
4.39,4.39,4.39,4.47690909090909,11.0,3.59,5.268,gpu_provider,H200,on-demand,runpod,2026-06-06 08:34:05.559090,2026-06-06
2.82993375,3.582894375,3.61316,3.0856910937500004,8.0,1.31579,3.742105,gpu_provider,H200,spot,vastai,2026-06-06 08:34:05.559090,2026-06-06
4.5,4.5,4.5,4.5,6.0,4.5,4.5,gpu_provider,H200,on-demand,nebius,2026-06-06 08:34:05.559090,2026-06-06
1.4,1.4,1.4,1.4000000000000001,12.0,1.4,1.4,gpu_provider,H200,spot,verda,2026-06-06 08:34:05.559090,2026-06-06
2.653,2.653,2.653,2.653,1.0,2.653,2.653,gpu_provider,H100,on-demand,cudo,2026-06-06 08:34:05.559090,2026-06-06
4.0,4.0,4.0,4.0,12.0,4.0,4.0,gpu_provider,H200,on-demand,verda,2026-06-06 08:34:05.559090,2026-06-06
10.0,10.0,10.0,10.0,44.0,10.0,10.0,gpu_provider,H100,on-demand,oci,2026-06-06 08:34:05.559090,2026-06-06
1.19999875,1.33333,1.3333325,1.2444441666666668,3.0,1.0666675,1.333335,gpu_provider,H100,spot,vastai,2026-06-06 08:34:05.559090,2026-06-06
2.57778,2.57778,2.58908125,2.5853141666666666,3.0,2.57778,2.6003825,gpu_provider,H100,on-demand,vastai,2026-06-06 08:34:05.559090,2026-06-06
3.99,4.09,4.19,3.9700000000000006,90.0,3.29,4.29,gpu_provider,H100,on-demand,lambdalabs,2026-06-06 08:34:05.559090,2026-06-06
2.45,2.45,2.45,2.4499999999999997,6.0,2.45,2.45,gpu_provider,H200,spot,nebius,2026-06-06 08:34:05.559090,2026-06-06
1.39,1.49,1.49,1.45,10.0,1.39,1.49,gpu_provider,A100,spot,runpod,2026-06-07 08:56:03.028241,2026-06-07
2.49227125,3.6792675,4.04959090625,3.4898916517857144,112.0,2.16346,5.7077325,gpu_provider,A100,on-demand,gcp,2026-06-07 08:56:03.028241,2026-06-07
3.1564675,3.43088125,3.801285,3.5327744761904762,21.0,2.744705,4.7027875,gpu_provider,A100,on-demand,aws,2026-06-07 08:56:03.028241,2026-06-07
1.99,1.99,1.99,2.1233333333333326,108.0,1.99,2.79,gpu_provider,A100,on-demand,lambdalabs,2026-06-07 08:56:03.028241,2026-06-07
2.0047,2.0047,2.0047,2.0047,1.0,2.0047,2.0047,gpu_provider,A100,on-demand,cudo,2026-06-07 08:56:03.028241,2026-06-07
1.39,1.49,1.49,1.4090909090909092,11.0,1.0,1.49,gpu_provider,A100,on-demand,runpod,2026-06-07 08:56:03.028241,2026-06-07
1.74505,1.80385,2.001025,1.9364922689732142,112.0,1.476055,3.010957,gpu_provider,A100,spot,gcp,2026-06-07 08:56:03.028241,2026-06-07
0.88242,0.9714897499999999,1.331265,1.1264843500000001,110.0,0.7479175,2.28818,gpu_provider,A100,spot,azure,2026-06-07 08:56:03.028241,2026-06-07
6.765000000000001,6.84,6.915,6.84,72.0,6.69,6.99,gpu_provider,B200,on-demand,lambdalabs,2026-06-07 08:56:03.028241,2026-06-07
0.4515,0.6265,0.6265,0.5681666666666666,18.0,0.4515,0.6265,gpu_provider,A100,spot,verda,2026-06-07 08:56:03.028241,2026-06-07
1.29,1.79,1.79,1.6233333333333333,18.0,1.29,1.79,gpu_provider,A100,on-demand,verda,2026-06-07 08:56:03.028241,2026-06-07
14.0,14.0,14.0,14.0,44.0,14.0,14.0,gpu_provider,B200,on-demand,oci,2026-06-07 08:56:03.028241,2026-06-07
4.2643,4.2796,4.697875,4.42653,10.0,3.872,5.1356,gpu_provider,B200,spot,gcp,2026-06-07 08:56:03.028241,2026-06-07
11.277,11.277,11.277,11.277,12.0,11.277,11.277,gpu_provider,B200,on-demand,gcp,2026-06-07 08:56:03.028241,2026-06-07
4.353125,4.668749999999999,4.684375,4.514583333333333,6.0,4.125,4.6875,gpu_provider,B200,spot,vastai,2026-06-07 08:56:03.028241,2026-06-07
6.32631,7.107585,8.3906175,7.117115208333332,6.0,5.04547,8.55787125,gpu_provider,B200,on-demand,vastai,2026-06-07 08:56:03.028241,2026-06-07
1.181084375,1.39601875,1.560275,1.5934798611111112,18.0,0.471575,4.1170625,gpu_provider,A100,spot,aws,2026-06-07 08:56:03.028241,2026-06-07
4.4075,4.775,5.14225,4.894703663793103,116.0,3.399625,8.1925,gpu_provider,A100,on-demand,azure,2026-06-07 08:56:03.028241,2026-06-07
2.8,2.8,2.8,2.8,2.0,2.8,2.8,gpu_provider,A100,on-demand,vultr,2026-06-07 08:56:03.028241,2026-06-07
,3.444488034523342,,,,,,metric,training_inference_ratio,on-demand,,2026-06-07 08:56:03.028241,2026-06-07
4.2275,4.2275,4.2275,4.2275,1.0,4.2275,4.2275,gpu_provider,A100,on-demand,vastai,2026-06-07 08:56:03.028241,2026-06-07
5.49,5.49,5.49,5.489999999999999,3.0,5.49,5.49,gpu_provider,B200,spot,runpod,2026-06-07 08:56:03.028241,2026-06-07
,2.506265664160401,,,,,,metric,hyperscaler_premium_h100,on-demand,,2026-06-07 08:56:03.028241,2026-06-07
,3.99,,,,,,metric,neocloud_median_h100,on-demand,,2026-06-07 08:56:03.028241,2026-06-07
,10.0,,,,,,metric,hyperscaler_median_h100,on-demand,,2026-06-07 08:56:03.028241,2026-06-07
3.29,3.99,4.19,3.751891067073172,123.0,1.62285,4.29,provider_h100,neocloud,on-demand,,2026-06-07 08:56:03.028241,2026-06-07
5.802393875,10.0,10.97905825,9.289376106803799,158.0,5.3832685,15.830423875,provider_h100,hyperscaler,on-demand,,2026-06-07 08:56:03.028241,2026-06-07
,0.9796195979899498,,,,,,metric,hyperscaler_premium_all,on-demand,,2026-06-07 08:56:03.028241,2026-06-07
,1.99,,,,,,metric,neocloud_median_all,on-demand,,2026-06-07 08:56:03.028241,2026-06-07
3.05,3.525,4.0,3.525,88.0,3.05,4.0,gpu_provider,A100,on-demand,oci,2026-06-07 08:56:03.028241,2026-06-07
,1.949443,,,,,,metric,hyperscaler_median_all,on-demand,,2026-06-07 08:56:03.028241,2026-06-07
1.1432750625,1.949443,3.9973934375,3.1203059174736967,4182.0,0.343,25.92,provider,hyperscaler,on-demand,,2026-06-07 08:56:03.028241,2026-06-07
0.273545,0.424025,0.5607899999999999,0.5366879597405776,2043.0,0.0684,8.172,aggregate,inference,spot,,2026-06-07 08:56:03.028241,2026-06-07
0.88,1.2745,1.825843,1.6731435219594595,2368.0,0.343,10.98917,aggregate,inference,on-demand,,2026-06-07 08:56:03.028241,2026-06-07
0.432035,0.72144,1.352027,1.1467824442870098,4411.0,0.0684,10.98917,aggregate,inference,all,,2026-06-07 08:56:03.028241,2026-06-07
1.39,2.13875,3.9264285625,3.111077078367875,579.0,0.4,21.2,aggregate,training,spot,,2026-06-07 08:56:03.028241,2026-06-07
3.25,4.39,6.99,5.850931209720863,1021.0,1.0,21.2,aggregate,training,on-demand,,2026-06-07 08:56:03.028241,2026-06-07
2.001025,3.99,5.78663271875,4.8594464959375,1600.0,0.4,21.2,aggregate,training,all,,2026-06-07 08:56:03.028241,2026-06-07
0.4,0.4,0.4,0.4,1.0,0.4,0.4,gpu_provider,A100,spot,vastai,2026-06-07 08:56:03.028241,2026-06-07
0.80225875,1.99,4.0,inf,808.0,0.03221,inf,provider,neocloud,on-demand,,2026-06-07 08:56:03.028241,2026-06-07
5.89,5.89,5.89,5.89,3.0,5.89,5.89,gpu_provider,B200,on-demand,runpod,2026-06-07 08:56:03.028241,2026-06-07
3.95,3.95,3.95,3.95,4.0,3.95,3.95,gpu_provider,B200,spot,nebius,2026-06-07 08:56:03.028241,2026-06-07
7.15,7.15,7.15,7.15,4.0,7.15,7.15,gpu_provider,B200,on-demand,nebius,2026-06-07 08:56:03.028241,2026-06-07
1.77885,2.5473,7.30308125,4.332404166666667,18.0,1.0398375,9.6308,gpu_provider,H100,spot,aws,2026-06-07 08:56:03.028241,2026-06-07
6.88,8.256,8.944,8.385344,25.0,6.88,11.5584,gpu_provider,H100,on-demand,aws,2026-06-07 08:56:03.028241,2026-06-07
3.5629335,3.90934,4.708348,3.9218671940993786,161.0,1.172092,5.09620175,gpu_provider,H100,spot,gcp,2026-06-07 08:56:03.028241,2026-06-07
5.596119875,10.97905825,12.51612875,9.19199803230337,89.0,5.3832685,15.830423875,gpu_provider,H100,on-demand,gcp,2026-06-07 08:56:03.028241,2026-06-07
1.1375,1.1375,1.138,1.1376999999999997,15.0,1.1375,1.138,gpu_provider,H100,spot,verda,2026-06-07 08:56:03.028241,2026-06-07
3.25,3.25,3.25,3.25,15.0,3.25,3.25,gpu_provider,H100,on-demand,verda,2026-06-07 08:56:03.028241,2026-06-07
0.936207,1.5229825,1.80385,1.4669518592007436,269.0,0.4,4.1170625,gpu,A100,spot,,2026-06-07 08:56:03.028241,2026-06-07
2.04439,3.220091,4.09625,3.407769778242677,478.0,1.0,8.1925,gpu,A100,on-demand,,2026-06-07 08:56:03.028241,2026-06-07
1.714225,2.30024275,4.0,2.708867475401606,747.0,0.4,8.1925,gpu,A100,all,,2026-06-07 08:56:03.028241,2026-06-07
2.1388749999999996,4.0758,4.67185,3.693915714285714,35.0,2.1385,5.49,gpu,B200,spot,,2026-06-07 08:56:03.028241,2026-06-07
6.79,6.99,14.0,9.190174452614379,153.0,5.04547,14.0,gpu,B200,on-demand,,2026-06-07 08:56:03.028241,2026-06-07
6.11,6.89,11.277,8.16693479388298,188.0,2.1385,14.0,gpu,B200,all,,2026-06-07 08:56:03.028241,2026-06-07
2.45,3.99,13.25,7.9389136328125005,64.0,1.4,21.2,gpu,H200,spot,,2026-06-07 08:56:03.028241,2026-06-07
4.5,10.0,11.66,9.262257740825687,109.0,3.59,21.2,gpu,H200,on-demand,,2026-06-07 08:56:03.028241,2026-06-07
4.0,10.0,12.72,8.772696914739885,173.0,1.4,21.2,gpu,H200,all,,2026-06-07 08:56:03.028241,2026-06-07
2.99,3.704866,4.708348,3.6460950509478676,211.0,1.0398375,9.6308,gpu,H100,spot,,2026-06-07 08:56:03.028241,2026-06-07
4.09,5.532619375,10.0,6.865494754893239,281.0,1.62285,15.830423875,gpu,H100,on-demand,,2026-06-07 08:56:03.028241,2026-06-07
3.85,3.85,3.85,3.85,2.0,3.85,3.85,gpu_provider,H100,on-demand,nebius,2026-06-07 08:56:03.028241,2026-06-07
2.15,2.15,2.15,2.15,2.0,2.15,2.15,gpu_provider,H100,spot,nebius,2026-06-07 08:56:03.028241,2026-06-07
3.517728,4.28233,6.006293031249999,5.484817239583334,492.0,1.0398375,15.830423875,gpu,H100,all,,2026-06-07 08:56:03.028241,2026-06-07
2.99,2.99,2.99,2.935454545454546,11.0,2.39,2.99,gpu_provider,H100,spot,runpod,2026-06-07 08:56:03.028241,2026-06-07
3.29,3.29,3.29,3.2536363636363634,11.0,2.89,3.29,gpu_provider,H100,on-demand,runpod,2026-06-07 08:56:03.028241,2026-06-07
2.1385,2.138625,2.1388125,2.1386875,12.0,2.1385,2.139,gpu_provider,B200,spot,verda,2026-06-07 08:56:03.028241,2026-06-07
6.11,6.11,6.11,6.11,12.0,6.11,6.11,gpu_provider,B200,on-demand,verda,2026-06-07 08:56:03.028241,2026-06-07
12.561,13.25,13.835,13.62283870967742,31.0,10.6,21.2,gpu_provider,H200,spot,azure,2026-06-07 08:56:03.028241,2026-06-07
12.561,13.25,13.835,13.62283870967742,31.0,10.6,21.2,gpu_provider,H200,on-demand,azure,2026-06-07 08:56:03.028241,2026-06-07
10.0,10.0,10.0,10.0,44.0,10.0,10.0,gpu_provider,H200,on-demand,oci,2026-06-07 08:56:03.028241,2026-06-07
4.35166,4.407195,4.62449,4.705343750000001,9.0,4.01507625,7.1780775,gpu_provider,H200,on-demand,vastai,2026-06-07 08:56:03.028241,2026-06-07
3.99,3.99,3.99,3.9900000000000007,6.0,3.99,3.99,gpu_provider,H200,spot,runpod,2026-06-07 08:56:03.028241,2026-06-07
4.39,4.39,4.39,4.275714285714286,7.0,3.59,4.39,gpu_provider,H200,on-demand,runpod,2026-06-07 08:56:03.028241,2026-06-07
3.55263,3.5526325,3.61316,3.371385833333333,9.0,1.93421,3.803,gpu_provider,H200,spot,vastai,2026-06-07 08:56:03.028241,2026-06-07
4.5,4.5,4.5,4.5,6.0,4.5,4.5,gpu_provider,H200,on-demand,nebius,2026-06-07 08:56:03.028241,2026-06-07
1.4,1.4,1.4,1.4000000000000001,12.0,1.4,1.4,gpu_provider,H200,spot,verda,2026-06-07 08:56:03.028241,2026-06-07
2.653,2.653,2.653,2.653,1.0,2.653,2.653,gpu_provider,H100,on-demand,cudo,2026-06-07 08:56:03.028241,2026-06-07
4.0,4.0,4.0,4.0,12.0,4.0,4.0,gpu_provider,H200,on-demand,verda,2026-06-07 08:56:03.028241,2026-06-07
10.0,10.0,10.0,10.0,44.0,10.0,10.0,gpu_provider,H100,on-demand,oci,2026-06-07 08:56:03.028241,2026-06-07
1.266664375,1.3999975,1.69999875,1.5666656250000002,4.0,1.0666675,2.4,gpu_provider,H100,spot,vastai,2026-06-07 08:56:03.028241,2026-06-07
2.2434749999999997,2.52536625,2.6042915625,2.3224003125,4.0,1.62285,2.61601875,gpu_provider,H100,on-demand,vastai,2026-06-07 08:56:03.028241,2026-06-07
3.99,4.09,4.19,3.9700000000000006,90.0,3.29,4.29,gpu_provider,H100,on-demand,lambdalabs,2026-06-07 08:56:03.028241,2026-06-07
2.45,2.45,2.45,2.4499999999999997,6.0,2.45,2.45,gpu_provider,H200,spot,nebius,2026-06-07 08:56:03.028241,2026-06-07
1.39,1.44,1.49,1.44,8.0,1.39,1.49,gpu_provider,A100,spot,runpod,2026-06-08 10:55:59.313537,2026-06-08
2.49227125,3.6792675,4.04959090625,3.4898916517857144,112.0,2.16346,5.7077325,gpu_provider,A100,on-demand,gcp,2026-06-08 10:55:59.313537,2026-06-08
3.1564675,3.43088125,3.801285,3.5327744761904762,21.0,2.744705,4.7027875,gpu_provider,A100,on-demand,aws,2026-06-08 10:55:59.313537,2026-06-08
1.99,1.99,1.99,2.1233333333333326,108.0,1.99,2.79,gpu_provider,A100,on-demand,lambdalabs,2026-06-08 10:55:59.313537,2026-06-08
2.0047,2.0047,2.0047,2.0047,1.0,2.0047,2.0047,gpu_provider,A100,on-demand,cudo,2026-06-08 10:55:59.313537,2026-06-08
1.39,1.44,1.49,1.44,8.0,1.39,1.49,gpu_provider,A100,on-demand,runpod,2026-06-08 10:55:59.313537,2026-06-08
1.74505,1.80385,2.001025,1.9364922689732142,112.0,1.476055,3.010957,gpu_provider,A100,spot,gcp,2026-06-08 10:55:59.313537,2026-06-08
0.88242,0.9714897499999999,1.331265,1.1264843500000001,110.0,0.7479175,2.28818,gpu_provider,A100,spot,azure,2026-06-08 10:55:59.313537,2026-06-08
6.765000000000001,6.84,6.915,6.84,72.0,6.69,6.99,gpu_provider,B200,on-demand,lambdalabs,2026-06-08 10:55:59.313537,2026-06-08
0.4515,0.6265,0.6265,0.5681666666666666,18.0,0.4515,0.6265,gpu_provider,A100,spot,verda,2026-06-08 10:55:59.313537,2026-06-08
1.29,1.79,1.79,1.6233333333333333,18.0,1.29,1.79,gpu_provider,A100,on-demand,verda,2026-06-08 10:55:59.313537,2026-06-08
14.0,14.0,14.0,14.0,44.0,14.0,14.0,gpu_provider,B200,on-demand,oci,2026-06-08 10:55:59.313537,2026-06-08
4.2643,4.2796,4.697875,4.42653,10.0,3.872,5.1356,gpu_provider,B200,spot,gcp,2026-06-08 10:55:59.313537,2026-06-08
11.277,11.277,11.277,11.277,12.0,11.277,11.277,gpu_provider,B200,on-demand,gcp,2026-06-08 10:55:59.313537,2026-06-08
3.4375,3.4375,4.215625,3.75,8.0,3.4375,4.375,gpu_provider,B200,spot,vastai,2026-06-08 10:55:59.313537,2026-06-08
4.69753,4.823343749999999,6.472236875,5.72942265625,8.0,4.6592,8.10787125,gpu_provider,B200,on-demand,vastai,2026-06-08 10:55:59.313537,2026-06-08
1.19090625,1.3555375,1.58428125,1.577929861111111,18.0,0.456025,4.1170625,gpu_provider,A100,spot,aws,2026-06-08 10:55:59.313537,2026-06-08
4.4075,4.775,5.14225,4.894703663793103,116.0,3.399625,8.1925,gpu_provider,A100,on-demand,azure,2026-06-08 10:55:59.313537,2026-06-08
2.8,2.8,2.8,2.8,2.0,2.8,2.8,gpu_provider,A100,on-demand,vultr,2026-06-08 10:55:59.313537,2026-06-08
,3.458218909376226,,,,,,metric,training_inference_ratio,on-demand,,2026-06-08 10:55:59.313537,2026-06-08
1.31607,1.31607,1.31607,1.31607,1.0,1.31607,1.31607,gpu_provider,A100,on-demand,vastai,2026-06-08 10:55:59.313537,2026-06-08
5.49,5.49,5.49,5.489999999999999,3.0,5.49,5.49,gpu_provider,B200,spot,runpod,2026-06-08 10:55:59.313537,2026-06-08
,2.506265664160401,,,,,,metric,hyperscaler_premium_h100,on-demand,,2026-06-08 10:55:59.313537,2026-06-08
,3.99,,,,,,metric,neocloud_median_h100,on-demand,,2026-06-08 10:55:59.313537,2026-06-08
,10.0,,,,,,metric,hyperscaler_median_h100,on-demand,,2026-06-08 10:55:59.313537,2026-06-08
3.29,3.99,4.19,3.7771821487603305,121.0,2.20347,4.29,provider_h100,neocloud,on-demand,,2026-06-08 10:55:59.313537,2026-06-08
5.802393875,10.0,10.97905825,9.289376106803799,158.0,5.3832685,15.830423875,provider_h100,hyperscaler,on-demand,,2026-06-08 10:55:59.313537,2026-06-08
,0.9816221105527638,,,,,,metric,hyperscaler_premium_all,on-demand,,2026-06-08 10:55:59.313537,2026-06-08
,1.99,,,,,,metric,neocloud_median_all,on-demand,,2026-06-08 10:55:59.313537,2026-06-08
3.05,3.525,4.0,3.525,88.0,3.05,4.0,gpu_provider,A100,on-demand,oci,2026-06-08 10:55:59.313537,2026-06-08
,1.953428,,,,,,metric,hyperscaler_median_all,on-demand,,2026-06-08 10:55:59.313537,2026-06-08
1.1433314375,1.953428,3.99954,3.122054237667224,4186.0,0.343,25.92,provider,hyperscaler,on-demand,,2026-06-08 10:55:59.313537,2026-06-08
0.273545,0.4239415,0.5607899999999999,0.5339351749632172,2039.0,0.0684,8.172,aggregate,inference,spot,,2026-06-08 10:55:59.313537,2026-06-08
0.8821990000000001,1.2745,1.8236477500000001,1.6727958629441622,2364.0,0.343,10.98917,aggregate,inference,on-demand,,2026-06-08 10:55:59.313537,2026-06-08
0.43226612499999995,0.72602,1.3508,1.1453970569498069,4403.0,0.0684,10.98917,aggregate,inference,all,,2026-06-08 10:55:59.313537,2026-06-08
1.3836962499999998,2.1388749999999996,3.90934,3.11282247764757,576.0,0.4515,21.2,aggregate,training,spot,,2026-06-08 10:55:59.313537,2026-06-08
3.25,4.4075,6.99,5.856605579779411,1020.0,1.29,21.2,aggregate,training,on-demand,,2026-06-08 10:55:59.313537,2026-06-08
2.1385,3.99,5.762968625,4.866368069235589,1596.0,0.4515,21.2,aggregate,training,all,,2026-06-08 10:55:59.313537,2026-06-08
0.538665,0.538665,0.538665,0.538665,1.0,0.538665,0.538665,gpu_provider,A100,spot,vastai,2026-06-08 10:55:59.313537,2026-06-08
0.99,1.99,4.0,inf,797.0,0.03054,inf,provider,neocloud,on-demand,,2026-06-08 10:55:59.313537,2026-06-08
5.89,5.89,5.89,5.89,3.0,5.89,5.89,gpu_provider,B200,on-demand,runpod,2026-06-08 10:55:59.313537,2026-06-08
3.95,3.95,3.95,3.95,4.0,3.95,3.95,gpu_provider,B200,spot,nebius,2026-06-08 10:55:59.313537,2026-06-08
7.15,7.15,7.15,7.15,4.0,7.15,7.15,gpu_provider,B200,on-demand,nebius,2026-06-08 10:55:59.313537,2026-06-08
1.7794875,2.5495,7.31015625,4.355722222222223,18.0,1.0111125,9.6144,gpu_provider,H100,spot,aws,2026-06-08 10:55:59.313537,2026-06-08
6.88,8.256,8.944,8.385344,25.0,6.88,11.5584,gpu_provider,H100,on-demand,aws,2026-06-08 10:55:59.313537,2026-06-08
3.5629335,3.90934,4.708348,3.9218671940993786,161.0,1.172092,5.09620175,gpu_provider,H100,spot,gcp,2026-06-08 10:55:59.313537,2026-06-08
5.596119875,10.97905825,12.51612875,9.19199803230337,89.0,5.3832685,15.830423875,gpu_provider,H100,on-demand,gcp,2026-06-08 10:55:59.313537,2026-06-08
1.1375,1.1375,1.138,1.1376999999999997,15.0,1.1375,1.138,gpu_provider,H100,spot,verda,2026-06-08 10:55:59.313537,2026-06-08
3.25,3.25,3.25,3.25,15.0,3.25,3.25,gpu_provider,H100,on-demand,verda,2026-06-08 10:55:59.313537,2026-06-08
0.9361815,1.5229825,1.80385,1.4662502439138576,267.0,0.4515,4.1170625,gpu,A100,spot,,2026-06-08 10:55:59.313537,2026-06-08
2.16346,3.220091,4.09625,3.414784261052631,475.0,1.29,8.1925,gpu,A100,on-demand,,2026-06-08 10:55:59.313537,2026-06-08
1.74505,2.3266845,4.0,2.7136271416778976,742.0,0.4515,8.1925,gpu,A100,all,,2026-06-08 10:55:59.313537,2026-06-08
2.139,3.95,4.2796,3.572960810810811,37.0,2.1385,5.49,gpu,B200,spot,,2026-06-08 10:55:59.313537,2026-06-08
6.74,6.99,14.0,9.09180245967742,155.0,4.6592,14.0,gpu,B200,on-demand,,2026-06-08 10:55:59.313537,2026-06-08
6.11,6.89,11.277,8.028275683593751,192.0,2.1385,14.0,gpu,B200,all,,2026-06-08 10:55:59.313537,2026-06-08
2.45,3.99,13.25,7.990766130952382,63.0,1.4,21.2,gpu,H200,spot,,2026-06-08 10:55:59.313537,2026-06-08
4.5,10.0,11.129999999999999,9.168696587837838,111.0,3.59,21.2,gpu,H200,on-demand,,2026-06-08 10:55:59.313537,2026-06-08
4.0,10.0,12.72,8.742204525862071,174.0,1.4,21.2,gpu,H200,all,,2026-06-08 10:55:59.313537,2026-06-08
2.99,3.704866,4.708348,3.6644933767942582,209.0,1.0111125,9.6144,gpu,H100,spot,,2026-06-08 10:55:59.313537,2026-06-08
4.09,5.532804875,10.0,6.8987830282258065,279.0,2.20347,15.830423875,gpu,H100,on-demand,,2026-06-08 10:55:59.313537,2026-06-08
3.85,3.85,3.85,3.85,2.0,3.85,3.85,gpu_provider,H100,on-demand,nebius,2026-06-08 10:55:59.313537,2026-06-08
2.15,2.15,2.15,2.15,2.0,2.15,2.15,gpu_provider,H100,spot,nebius,2026-06-08 10:55:59.313537,2026-06-08
3.517728,4.28233,6.10614290625,5.51360569800205,488.0,1.0111125,15.830423875,gpu,H100,all,,2026-06-08 10:55:59.313537,2026-06-08
2.99,2.99,2.99,2.935454545454546,11.0,2.39,2.99,gpu_provider,H100,spot,runpod,2026-06-08 10:55:59.313537,2026-06-08
3.29,3.29,3.29,3.2536363636363634,11.0,2.89,3.29,gpu_provider,H100,on-demand,runpod,2026-06-08 10:55:59.313537,2026-06-08
2.1385,2.138625,2.1388125,2.1386875,12.0,2.1385,2.139,gpu_provider,B200,spot,verda,2026-06-08 10:55:59.313537,2026-06-08
6.11,6.11,6.11,6.11,12.0,6.11,6.11,gpu_provider,B200,on-demand,verda,2026-06-08 10:55:59.313537,2026-06-08
12.561,13.25,13.835,13.62283870967742,31.0,10.6,21.2,gpu_provider,H200,spot,azure,2026-06-08 10:55:59.313537,2026-06-08
12.561,13.25,13.835,13.62283870967742,31.0,10.6,21.2,gpu_provider,H200,on-demand,azure,2026-06-08 10:55:59.313537,2026-06-08
10.0,10.0,10.0,10.0,44.0,10.0,10.0,gpu_provider,H200,on-demand,oci,2026-06-08 10:55:59.313537,2026-06-08
3.849229375,4.15976,4.76544625,4.327617321428572,7.0,3.74186,5.16235,gpu_provider,H200,on-demand,vastai,2026-06-08 10:55:59.313537,2026-06-08
3.99,3.99,3.99,3.990000000000001,7.0,3.99,3.99,gpu_provider,H200,spot,runpod,2026-06-08 10:55:59.313537,2026-06-08
4.39,4.39,4.829,4.556727272727272,11.0,3.59,5.268,gpu_provider,H200,on-demand,runpod,2026-06-08 10:55:59.313537,2026-06-08
3.0598687499999997,3.210525,3.38158,3.097180892857143,7.0,1.97368375,3.61316,gpu_provider,H200,spot,vastai,2026-06-08 10:55:59.313537,2026-06-08
4.5,4.5,4.5,4.5,6.0,4.5,4.5,gpu_provider,H200,on-demand,nebius,2026-06-08 10:55:59.313537,2026-06-08
1.4,1.4,1.4,1.4000000000000001,12.0,1.4,1.4,gpu_provider,H200,spot,verda,2026-06-08 10:55:59.313537,2026-06-08
2.3132449999999998,2.42302,2.532795,2.42302,2.0,2.20347,2.64257,gpu_provider,H100,on-demand,vastai,2026-06-08 10:55:59.313537,2026-06-08
4.0,4.0,4.0,4.0,12.0,4.0,4.0,gpu_provider,H200,on-demand,verda,2026-06-08 10:55:59.313537,2026-06-08
10.0,10.0,10.0,10.0,44.0,10.0,10.0,gpu_provider,H100,on-demand,oci,2026-06-08 10:55:59.313537,2026-06-08
3.99,4.09,4.19,3.9700000000000006,90.0,3.29,4.29,gpu_provider,H100,on-demand,lambdalabs,2026-06-08 10:55:59.313537,2026-06-08
2.653,2.653,2.653,2.653,1.0,2.653,2.653,gpu_provider,H100,on-demand,cudo,2026-06-08 10:55:59.313537,2026-06-08
1.133333125,1.19999875,1.266664375,1.19999875,2.0,1.0666675,1.33333,gpu_provider,H100,spot,vastai,2026-06-08 10:55:59.313537,2026-06-08
2.45,2.45,2.45,2.4499999999999997,6.0,2.45,2.45,gpu_provider,H200,spot,nebius,2026-06-08 10:55:59.313537,2026-06-08
1.49,1.49,1.49,1.4700000000000002,5.0,1.39,1.49,gpu_provider,A100,spot,runpod,2026-06-09 09:43:31.879179,2026-06-09
2.49227125,3.6792675,4.04959090625,3.4898916517857144,112.0,2.16346,5.7077325,gpu_provider,A100,on-demand,gcp,2026-06-09 09:43:31.879179,2026-06-09
3.1564675,3.43088125,3.801285,3.5327744761904762,21.0,2.744705,4.7027875,gpu_provider,A100,on-demand,aws,2026-06-09 09:43:31.879179,2026-06-09
1.99,1.99,1.99,2.1233333333333326,108.0,1.99,2.79,gpu_provider,A100,on-demand,lambdalabs,2026-06-09 09:43:31.879179,2026-06-09
2.0047,2.0047,2.0047,2.0047,1.0,2.0047,2.0047,gpu_provider,A100,on-demand,cudo,2026-06-09 09:43:31.879179,2026-06-09
1.415,1.49,1.49,1.3916666666666666,6.0,1.0,1.49,gpu_provider,A100,on-demand,runpod,2026-06-09 09:43:31.879179,2026-06-09
1.706888,1.83635,2.02487,1.966223940848214,112.0,1.453055,2.895157,gpu_provider,A100,spot,gcp,2026-06-09 09:43:31.879179,2026-06-09
0.88242,0.9714897499999999,1.331265,1.1264843500000001,110.0,0.7479175,2.28818,gpu_provider,A100,spot,azure,2026-06-09 09:43:31.879179,2026-06-09
6.765000000000001,6.84,6.915,6.84,72.0,6.69,6.99,gpu_provider,B200,on-demand,lambdalabs,2026-06-09 09:43:31.879179,2026-06-09
0.4515,0.6265,0.6265,0.5681666666666666,18.0,0.4515,0.6265,gpu_provider,A100,spot,verda,2026-06-09 09:43:31.879179,2026-06-09
1.29,1.79,1.79,1.6233333333333333,18.0,1.29,1.79,gpu_provider,A100,on-demand,verda,2026-06-09 09:43:31.879179,2026-06-09
14.0,14.0,14.0,14.0,44.0,14.0,14.0,gpu_provider,B200,on-demand,oci,2026-06-09 09:43:31.879179,2026-06-09
4.2643,4.2796,4.697875,4.42653,10.0,3.872,5.1356,gpu_provider,B200,spot,gcp,2026-06-09 09:43:31.879179,2026-06-09
11.277,11.277,11.277,11.277,12.0,11.277,11.277,gpu_provider,B200,on-demand,gcp,2026-06-09 09:43:31.879179,2026-06-09
3.4375,3.4375,3.63125,3.7296875,8.0,3.4375,5.0,gpu_provider,B200,spot,vastai,2026-06-09 09:43:31.879179,2026-06-09
4.7684187499999995,4.836795,5.506775,5.522705625,8.0,4.65909,8.09537,gpu_provider,B200,on-demand,vastai,2026-06-09 09:43:31.879179,2026-06-09
1.195025,1.3122875,1.627715625,1.5544916666666666,18.0,0.4291375,4.1170625,gpu_provider,A100,spot,aws,2026-06-09 09:43:31.879179,2026-06-09
4.4075,4.775,5.14225,4.894703663793103,116.0,3.399625,8.1925,gpu_provider,A100,on-demand,azure,2026-06-09 09:43:31.879179,2026-06-09
,2.506265664160401,,,,,,metric,hyperscaler_premium_h100,on-demand,,2026-06-09 09:43:31.879179,2026-06-09
0.27902375,0.418825,0.56038,0.5349780515426052,2042.0,0.0684,8.172,aggregate,inference,spot,,2026-06-09 09:43:31.879179,2026-06-09
3.05,3.525,4.0,3.525,88.0,3.05,4.0,gpu_provider,A100,on-demand,oci,2026-06-09 09:43:31.879179,2026-06-09
5.49,5.49,5.49,5.49,2.0,5.49,5.49,gpu_provider,B200,spot,runpod,2026-06-09 09:43:31.879179,2026-06-09
,3.99,,,,,,metric,neocloud_median_h100,on-demand,,2026-06-09 09:43:31.879179,2026-06-09
,10.0,,,,,,metric,hyperscaler_median_h100,on-demand,,2026-06-09 09:43:31.879179,2026-06-09
3.29,3.99,4.19,3.779509958677686,121.0,2.20208,4.29,provider_h100,neocloud,on-demand,,2026-06-09 09:43:31.879179,2026-06-09
5.802393875,10.0,10.97905825,9.289376106803799,158.0,5.3832685,15.830423875,provider_h100,hyperscaler,on-demand,,2026-06-09 09:43:31.879179,2026-06-09
,0.9816221105527638,,,,,,metric,hyperscaler_premium_all,on-demand,,2026-06-09 09:43:31.879179,2026-06-09
,1.99,,,,,,metric,neocloud_median_all,on-demand,,2026-06-09 09:43:31.879179,2026-06-09
,1.953428,,,,,,metric,hyperscaler_median_all,on-demand,,2026-06-09 09:43:31.879179,2026-06-09
2.8,2.8,2.8,2.8,2.0,2.8,2.8,gpu_provider,A100,on-demand,vultr,2026-06-09 09:43:31.879179,2026-06-09
0.79,1.99,4.0,inf,788.0,0.03503,inf,provider,neocloud,on-demand,,2026-06-09 09:43:31.879179,2026-06-09
,3.465696874385689,,,,,,metric,training_inference_ratio,on-demand,,2026-06-09 09:43:31.879179,2026-06-09
0.88,1.27175,1.822916,1.6714737051119561,2367.0,0.343,10.98917,aggregate,inference,on-demand,,2026-06-09 09:43:31.879179,2026-06-09
0.42949,0.7205,1.3508,1.1451130508618734,4409.0,0.0684,10.98917,aggregate,inference,all,,2026-06-09 09:43:31.879179,2026-06-09
1.4,2.139,3.988023,3.17470399104021,572.0,0.16,21.2,aggregate,training,spot,,2026-06-09 09:43:31.879179,2026-06-09
3.25,4.4075,6.99,5.862392897514764,1016.0,0.34024,21.2,aggregate,training,on-demand,,2026-06-09 09:43:31.879179,2026-06-09
2.1386875,4.0,5.762968625,4.894283291404282,1588.0,0.16,21.2,aggregate,training,all,,2026-06-09 09:43:31.879179,2026-06-09
0.16,0.16,0.16,0.16,1.0,0.16,0.16,gpu_provider,A100,spot,vastai,2026-06-09 09:43:31.879179,2026-06-09
0.34024,0.34024,0.34024,0.34024,1.0,0.34024,0.34024,gpu_provider,A100,on-demand,vastai,2026-06-09 09:43:31.879179,2026-06-09
1.1433314375,1.953428,3.99954,3.122054237667224,4186.0,0.343,25.92,provider,hyperscaler,on-demand,,2026-06-09 09:43:31.879179,2026-06-09
5.89,5.89,5.89,5.89,2.0,5.89,5.89,gpu_provider,B200,on-demand,runpod,2026-06-09 09:43:31.879179,2026-06-09
2.38296625,2.5638525000000003,2.7447387500000002,2.5638525000000003,2.0,2.20208,2.925625,gpu_provider,H100,on-demand,vastai,2026-06-09 09:43:31.879179,2026-06-09
7.15,7.15,7.15,7.15,4.0,7.15,7.15,gpu_provider,B200,on-demand,nebius,2026-06-09 09:43:31.879179,2026-06-09
6.88,8.256,8.944,8.385344,25.0,6.88,11.5584,gpu_provider,H100,on-demand,aws,2026-06-09 09:43:31.879179,2026-06-09
3.696972,4.1019,4.94288,4.096650942546584,161.0,1.424152,5.34411575,gpu_provider,H100,spot,gcp,2026-06-09 09:43:31.879179,2026-06-09
5.596119875,10.97905825,12.51612875,9.19199803230337,89.0,5.3832685,15.830423875,gpu_provider,H100,on-demand,gcp,2026-06-09 09:43:31.879179,2026-06-09
1.1375,1.1375,1.138,1.1376999999999997,15.0,1.1375,1.138,gpu_provider,H100,spot,verda,2026-06-09 09:43:31.879179,2026-06-09
3.25,3.25,3.25,3.25,15.0,3.25,3.25,gpu_provider,H100,on-demand,verda,2026-06-09 09:43:31.879179,2026-06-09
0.93614325,1.5229825,1.83635,1.4766977646780306,264.0,0.16,4.1170625,gpu,A100,spot,,2026-06-09 09:43:31.879179,2026-06-09
2.16346,3.220091,4.09625,3.4204581268498937,473.0,0.34024,8.1925,gpu,A100,on-demand,,2026-06-09 09:43:31.879179,2026-06-09
1.7259375,2.353126,4.0,2.7241857583107194,737.0,0.16,8.1925,gpu,A100,all,,2026-06-09 09:43:31.879179,2026-06-09
2.1389375,3.65475,4.2796,3.515195833333333,36.0,2.1385,5.49,gpu,B200,spot,,2026-06-09 09:43:31.879179,2026-06-09
6.79,6.99,14.0,9.101854837662337,154.0,4.65909,14.0,gpu,B200,on-demand,,2026-06-09 09:43:31.879179,2026-06-09
6.11,6.89,11.277,8.04332997368421,190.0,2.1385,14.0,gpu,B200,all,,2026-06-09 09:43:31.879179,2026-06-09
2.45,3.99,13.25,8.003757003968255,63.0,1.4,21.2,gpu,H200,spot,,2026-06-09 09:43:31.879179,2026-06-09
4.5,10.0,11.395,9.196242863636364,110.0,3.59,21.2,gpu,H200,on-demand,,2026-06-09 09:43:31.879179,2026-06-09
4.0,10.0,12.72,8.761985007225435,173.0,1.4,21.2,gpu,H200,all,,2026-06-09 09:43:31.879179,2026-06-09
2.99,3.88562525,4.94288,3.8052570897129194,209.0,0.9507375,9.5809125,gpu,H100,spot,,2026-06-09 09:43:31.879179,2026-06-09
4.09,5.532804875,10.0,6.899792580197134,279.0,2.20208,15.830423875,gpu,H100,on-demand,,2026-06-09 09:43:31.879179,2026-06-09
3.696972,4.29,6.10614290625,5.574468978739754,488.0,0.9507375,15.830423875,gpu,H100,all,,2026-06-09 09:43:31.879179,2026-06-09
1.74820625,2.54375,7.155200000000001,4.352727777777778,18.0,0.9507375,9.5809125,gpu_provider,H100,spot,aws,2026-06-09 09:43:31.879179,2026-06-09
3.85,3.85,3.85,3.85,2.0,3.85,3.85,gpu_provider,H100,on-demand,nebius,2026-06-09 09:43:31.879179,2026-06-09
3.95,3.95,3.95,3.95,4.0,3.95,3.95,gpu_provider,B200,spot,nebius,2026-06-09 09:43:31.879179,2026-06-09
1.5999975,1.8666649999999998,2.1333325,1.8666649999999998,2.0,1.33333,2.4,gpu_provider,H100,spot,vastai,2026-06-09 09:43:31.879179,2026-06-09
2.15,2.15,2.15,2.15,2.0,2.15,2.15,gpu_provider,H100,spot,nebius,2026-06-09 09:43:31.879179,2026-06-09
2.1385,2.138625,2.1388125,2.1386875,12.0,2.1385,2.139,gpu_provider,B200,spot,verda,2026-06-09 09:43:31.879179,2026-06-09
6.11,6.11,6.11,6.11,12.0,6.11,6.11,gpu_provider,B200,on-demand,verda,2026-06-09 09:43:31.879179,2026-06-09
12.561,13.25,13.835,13.62283870967742,31.0,10.6,21.2,gpu_provider,H200,spot,azure,2026-06-09 09:43:31.879179,2026-06-09
12.561,13.25,13.835,13.62283870967742,31.0,10.6,21.2,gpu_provider,H200,on-demand,azure,2026-06-09 09:43:31.879179,2026-06-09
10.0,10.0,10.0,10.0,44.0,10.0,10.0,gpu_provider,H200,on-demand,oci,2026-06-09 09:43:31.879179,2026-06-09
3.8147925000000003,4.14265,4.473865,4.203245,7.0,3.75177,4.95098,gpu_provider,H200,on-demand,vastai,2026-06-09 09:43:31.879179,2026-06-09
3.99,3.99,3.99,3.990000000000001,7.0,3.99,3.99,gpu_provider,H200,spot,runpod,2026-06-09 09:43:31.879179,2026-06-09
4.39,4.39,4.39,4.4856,10.0,3.59,5.268,gpu_provider,H200,on-demand,runpod,2026-06-09 09:43:31.879179,2026-06-09
3.004604375,3.21053,3.5171062500000003,3.2140987500000002,7.0,2.63158,3.61316,gpu_provider,H200,spot,vastai,2026-06-09 09:43:31.879179,2026-06-09
4.5,4.5,4.5,4.5,6.0,4.5,4.5,gpu_provider,H200,on-demand,nebius,2026-06-09 09:43:31.879179,2026-06-09
1.4,1.4,1.4,1.4000000000000001,12.0,1.4,1.4,gpu_provider,H200,spot,verda,2026-06-09 09:43:31.879179,2026-06-09
3.29,3.29,3.29,3.2536363636363634,11.0,2.89,3.29,gpu_provider,H100,on-demand,runpod,2026-06-09 09:43:31.879179,2026-06-09
4.0,4.0,4.0,4.0,12.0,4.0,4.0,gpu_provider,H200,on-demand,verda,2026-06-09 09:43:31.879179,2026-06-09
10.0,10.0,10.0,10.0,44.0,10.0,10.0,gpu_provider,H100,on-demand,oci,2026-06-09 09:43:31.879179,2026-06-09
3.99,4.09,4.19,3.9700000000000006,90.0,3.29,4.29,gpu_provider,H100,on-demand,lambdalabs,2026-06-09 09:43:31.879179,2026-06-09
2.653,2.653,2.653,2.653,1.0,2.653,2.653,gpu_provider,H100,on-demand,cudo,2026-06-09 09:43:31.879179,2026-06-09
2.99,2.99,2.99,2.935454545454546,11.0,2.39,2.99,gpu_provider,H100,spot,runpod,2026-06-09 09:43:31.879179,2026-06-09
2.45,2.45,2.45,2.4499999999999997,6.0,2.45,2.45,gpu_provider,H200,spot,nebius,2026-06-09 09:43:31.879179,2026-06-09
1.49,1.49,1.49,1.4733333333333334,6.0,1.39,1.49,gpu_provider,A100,spot,runpod,2026-06-10 10:00:34.897793,2026-06-10
2.49227125,3.6792675,4.04959090625,3.4898916517857144,112.0,2.16346,5.7077325,gpu_provider,A100,on-demand,gcp,2026-06-10 10:00:34.897793,2026-06-10
3.1564675,3.43088125,3.801285,3.5327744761904762,21.0,2.744705,4.7027875,gpu_provider,A100,on-demand,aws,2026-06-10 10:00:34.897793,2026-06-10
1.99,1.99,1.99,2.1233333333333326,108.0,1.99,2.79,gpu_provider,A100,on-demand,lambdalabs,2026-06-10 10:00:34.897793,2026-06-10
2.0047,2.0047,2.0047,2.0047,1.0,2.0047,2.0047,gpu_provider,A100,on-demand,cudo,2026-06-10 10:00:34.897793,2026-06-10
1.49,1.49,1.49,1.4733333333333334,6.0,1.39,1.49,gpu_provider,A100,on-demand,runpod,2026-06-10 10:00:34.897793,2026-06-10
1.706888,1.83635,2.02487,1.966223940848214,112.0,1.453055,2.895157,gpu_provider,A100,spot,gcp,2026-06-10 10:00:34.897793,2026-06-10
0.88242,0.9714897499999999,1.331265,1.1264843500000001,110.0,0.7479175,2.28818,gpu_provider,A100,spot,azure,2026-06-10 10:00:34.897793,2026-06-10
6.765000000000001,6.84,6.915,6.84,72.0,6.69,6.99,gpu_provider,B200,on-demand,lambdalabs,2026-06-10 10:00:34.897793,2026-06-10
0.4515,0.6265,0.6265,0.5681666666666666,18.0,0.4515,0.6265,gpu_provider,A100,spot,verda,2026-06-10 10:00:34.897793,2026-06-10
1.29,1.79,1.79,1.6233333333333333,18.0,1.29,1.79,gpu_provider,A100,on-demand,verda,2026-06-10 10:00:34.897793,2026-06-10
14.0,14.0,14.0,14.0,44.0,14.0,14.0,gpu_provider,B200,on-demand,oci,2026-06-10 10:00:34.897793,2026-06-10
4.2643,4.2796,4.697875,4.42653,10.0,3.872,5.1356,gpu_provider,B200,spot,gcp,2026-06-10 10:00:34.897793,2026-06-10
11.277,11.277,11.277,11.277,12.0,11.277,11.277,gpu_provider,B200,on-demand,gcp,2026-06-10 10:00:34.897793,2026-06-10
2.8125,4.125,4.16875,3.698214285714286,7.0,2.8125,4.9875,gpu_provider,B200,spot,vastai,2026-06-10 10:00:34.897793,2026-06-10
5.7724625,8.07746,8.19902375,7.194875714285715,7.0,5.70909,8.6346075,gpu_provider,B200,on-demand,vastai,2026-06-10 10:00:34.897793,2026-06-10
1.20018125,1.30089375,1.610271875,1.5422652777777777,18.0,0.4084625,4.1170625,gpu_provider,A100,spot,aws,2026-06-10 10:00:34.897793,2026-06-10
4.4075,4.775,5.14225,4.894703663793103,116.0,3.399625,8.1925,gpu_provider,A100,on-demand,azure,2026-06-10 10:00:34.897793,2026-06-10
2.8,2.8,2.8,2.8,2.0,2.8,2.8,gpu_provider,A100,on-demand,vultr,2026-06-10 10:00:34.897793,2026-06-10
,3.451448707909162,,,,,,metric,training_inference_ratio,on-demand,,2026-06-10 10:00:34.897793,2026-06-10
0.33985,0.33985,0.33985,0.33985,1.0,0.33985,0.33985,gpu_provider,A100,on-demand,vastai,2026-06-10 10:00:34.897793,2026-06-10
5.49,5.49,5.49,5.489999999999999,3.0,5.49,5.49,gpu_provider,B200,spot,runpod,2026-06-10 10:00:34.897793,2026-06-10
,2.506265664160401,,,,,,metric,hyperscaler_premium_h100,on-demand,,2026-06-10 10:00:34.897793,2026-06-10
,3.99,,,,,,metric,neocloud_median_h100,on-demand,,2026-06-10 10:00:34.897793,2026-06-10
,10.0,,,,,,metric,hyperscaler_median_h100,on-demand,,2026-06-10 10:00:34.897793,2026-06-10
3.29,3.99,4.19,3.796954285714287,119.0,2.53456,4.29,provider_h100,neocloud,on-demand,,2026-06-10 10:00:34.897793,2026-06-10
5.802393875,10.0,10.97905825,9.289376106803799,158.0,5.3832685,15.830423875,provider_h100,hyperscaler,on-demand,,2026-06-10 10:00:34.897793,2026-06-10
,0.9816221105527638,,,,,,metric,hyperscaler_premium_all,on-demand,,2026-06-10 10:00:34.897793,2026-06-10
,1.99,,,,,,metric,neocloud_median_all,on-demand,,2026-06-10 10:00:34.897793,2026-06-10
3.05,3.525,4.0,3.525,88.0,3.05,4.0,gpu_provider,A100,on-demand,oci,2026-06-10 10:00:34.897793,2026-06-10
,1.953428,,,,,,metric,hyperscaler_median_all,on-demand,,2026-06-10 10:00:34.897793,2026-06-10
1.1433314375,1.953428,3.99954,3.122054237667224,4186.0,0.343,25.92,provider,hyperscaler,on-demand,,2026-06-10 10:00:34.897793,2026-06-10
0.27882,0.41883024999999996,0.5635040625000001,0.5380862787990196,2040.0,0.0684,8.172,aggregate,inference,spot,,2026-06-10 10:00:34.897793,2026-06-10
0.882932,1.277,1.825843,1.6761560084566596,2365.0,0.343,10.98917,aggregate,inference,on-demand,,2026-06-10 10:00:34.897793,2026-06-10
0.43085,0.72144,1.36,1.14910441969353,4405.0,0.0684,10.98917,aggregate,inference,all,,2026-06-10 10:00:34.897793,2026-06-10
1.4,2.1388749999999996,3.99,3.174684873464913,570.0,0.168,21.2,aggregate,training,spot,,2026-06-10 10:00:34.897793,2026-06-10
3.25,4.4075,6.99,5.88348851836785,1014.0,0.33985,21.2,aggregate,training,on-demand,,2026-06-10 10:00:34.897793,2026-06-10
2.1385,4.0,5.857625,4.908729630997475,1584.0,0.168,21.2,aggregate,training,all,,2026-06-10 10:00:34.897793,2026-06-10
0.168,0.168,0.168,0.168,1.0,0.168,0.168,gpu_provider,A100,spot,vastai,2026-06-10 10:00:34.897793,2026-06-10
0.99,1.99,4.0,inf,779.0,0.0350275,inf,provider,neocloud,on-demand,,2026-06-10 10:00:34.897793,2026-06-10
5.89,5.89,5.89,5.89,3.0,5.89,5.89,gpu_provider,B200,on-demand,runpod,2026-06-10 10:00:34.897793,2026-06-10
7.15,7.15,7.15,7.15,4.0,7.15,7.15,gpu_provider,B200,on-demand,nebius,2026-06-10 10:00:34.897793,2026-06-10
4.09,5.532804875,10.0,6.929815829873647,277.0,2.53456,15.830423875,gpu,H100,on-demand,,2026-06-10 10:00:34.897793,2026-06-10
1.69960625,2.5366999999999997,7.0315562499999995,4.353528472222222,18.0,0.915325,9.5678,gpu_provider,H100,spot,aws,2026-06-10 10:00:34.897793,2026-06-10
6.88,8.256,8.944,8.385344,25.0,6.88,11.5584,gpu_provider,H100,on-demand,aws,2026-06-10 10:00:34.897793,2026-06-10
3.696972,4.1019,4.94288,4.096650942546584,161.0,1.424152,5.34411575,gpu_provider,H100,spot,gcp,2026-06-10 10:00:34.897793,2026-06-10
5.596119875,10.97905825,12.51612875,9.19199803230337,89.0,5.3832685,15.830423875,gpu_provider,H100,on-demand,gcp,2026-06-10 10:00:34.897793,2026-06-10
1.1375,1.1375,1.138,1.1376999999999997,15.0,1.1375,1.138,gpu_provider,H100,spot,verda,2026-06-10 10:00:34.897793,2026-06-10
3.25,3.25,3.25,3.25,15.0,3.25,3.25,gpu_provider,H100,on-demand,verda,2026-06-10 10:00:34.897793,2026-06-10
2.16346,3.220091,4.09625,3.4214932431289635,473.0,0.33985,8.1925,gpu,A100,on-demand,,2026-06-10 10:00:34.897793,2026-06-10
1.714225,2.353126,4.0,2.722889483570461,738.0,0.168,8.1925,gpu,A100,all,,2026-06-10 10:00:34.897793,2026-06-10
2.1389375,3.95,4.2796,3.557973611111111,36.0,2.1385,5.49,gpu,B200,spot,,2026-06-10 10:00:34.897793,2026-06-10
6.79,6.99,14.0,9.180247597402598,154.0,5.70909,14.0,gpu,B200,on-demand,,2026-06-10 10:00:34.897793,2026-06-10
6.11,6.89,11.277,8.114974631578947,190.0,2.1385,14.0,gpu,B200,all,,2026-06-10 10:00:34.897793,2026-06-10
2.45,7.295,13.25,8.045710403225806,62.0,1.4,21.2,gpu,H200,spot,,2026-06-10 10:00:34.897793,2026-06-10
4.5,10.0,11.395,9.219763079545455,110.0,3.59,21.2,gpu,H200,on-demand,,2026-06-10 10:00:34.897793,2026-06-10
4.0,10.0,12.72,8.796558045058141,172.0,1.4,21.2,gpu,H200,all,,2026-06-10 10:00:34.897793,2026-06-10
2.99,3.888704,4.94288,3.8237833236714978,207.0,0.915325,9.5678,gpu,H100,spot,,2026-06-10 10:00:34.897793,2026-06-10
3.95,3.95,3.95,3.95,4.0,3.95,3.95,gpu_provider,B200,spot,nebius,2026-06-10 10:00:34.897793,2026-06-10
3.696972,4.29,6.13755525,5.601409365444215,484.0,0.915325,15.830423875,gpu,H100,all,,2026-06-10 10:00:34.897793,2026-06-10
3.85,3.85,3.85,3.85,2.0,3.85,3.85,gpu_provider,H100,on-demand,nebius,2026-06-10 10:00:34.897793,2026-06-10
2.15,2.15,2.15,2.15,2.0,2.15,2.15,gpu_provider,H100,spot,nebius,2026-06-10 10:00:34.897793,2026-06-10
0.936105,1.5229825,1.83635,1.4759476787735848,265.0,0.168,4.1170625,gpu,A100,spot,,2026-06-10 10:00:34.897793,2026-06-10
3.29,3.29,3.29,3.29,10.0,3.29,3.29,gpu_provider,H100,on-demand,runpod,2026-06-10 10:00:34.897793,2026-06-10
2.1385,2.138625,2.1388125,2.1386875,12.0,2.1385,2.139,gpu_provider,B200,spot,verda,2026-06-10 10:00:34.897793,2026-06-10
2.653,2.653,2.653,2.653,1.0,2.653,2.653,gpu_provider,H100,on-demand,cudo,2026-06-10 10:00:34.897793,2026-06-10
12.561,13.25,13.835,13.62283870967742,31.0,10.6,21.2,gpu_provider,H200,spot,azure,2026-06-10 10:00:34.897793,2026-06-10
12.561,13.25,13.835,13.62283870967742,31.0,10.6,21.2,gpu_provider,H200,on-demand,azure,2026-06-10 10:00:34.897793,2026-06-10
10.0,10.0,10.0,10.0,44.0,10.0,10.0,gpu_provider,H200,on-demand,oci,2026-06-10 10:00:34.897793,2026-06-10
2.3190775,2.911840625,3.4463803125,2.849340833333333,6.0,1.97368375,3.55263,gpu_provider,H200,spot,vastai,2026-06-10 10:00:34.897793,2026-06-10
4.15929,4.4499025,4.4584175,4.456989791666667,6.0,3.8899625,5.42849625,gpu_provider,H200,on-demand,vastai,2026-06-10 10:00:34.897793,2026-06-10
3.99,3.99,3.99,3.990000000000001,7.0,3.99,3.99,gpu_provider,H200,spot,runpod,2026-06-10 10:00:34.897793,2026-06-10
4.39,4.39,4.829,4.556727272727272,11.0,3.59,5.268,gpu_provider,H200,on-demand,runpod,2026-06-10 10:00:34.897793,2026-06-10
6.11,6.11,6.11,6.11,12.0,6.11,6.11,gpu_provider,B200,on-demand,verda,2026-06-10 10:00:34.897793,2026-06-10
4.5,4.5,4.5,4.5,6.0,4.5,4.5,gpu_provider,H200,on-demand,nebius,2026-06-10 10:00:34.897793,2026-06-10
2.45,2.45,2.45,2.4499999999999997,6.0,2.45,2.45,gpu_provider,H200,spot,nebius,2026-06-10 10:00:34.897793,2026-06-10
3.99,4.09,4.19,3.9700000000000006,90.0,3.29,4.29,gpu_provider,H100,on-demand,lambdalabs,2026-06-10 10:00:34.897793,2026-06-10
2.53456,2.53456,2.53456,2.53456,1.0,2.53456,2.53456,gpu_provider,H100,on-demand,vastai,2026-06-10 10:00:34.897793,2026-06-10
2.33333375,2.33333375,2.33333375,2.33333375,1.0,2.33333375,2.33333375,gpu_provider,H100,spot,vastai,2026-06-10 10:00:34.897793,2026-06-10
2.99,2.99,2.99,2.9900000000000007,10.0,2.99,2.99,gpu_provider,H100,spot,runpod,2026-06-10 10:00:34.897793,2026-06-10
4.0,4.0,4.0,4.0,12.0,4.0,4.0,gpu_provider,H200,on-demand,verda,2026-06-10 10:00:34.897793,2026-06-10
1.4,1.4,1.4,1.4000000000000001,12.0,1.4,1.4,gpu_provider,H200,spot,verda,2026-06-10 10:00:34.897793,2026-06-10
10.0,10.0,10.0,10.0,44.0,10.0,10.0,gpu_provider,H100,on-demand,oci,2026-06-10 10:00:34.897793,2026-06-10
0.88242,0.9714897499999999,1.331265,1.1264843500000001,110.0,0.7479175,2.28818,gpu_provider,A100,spot,azure,2026-06-11 10:25:09.647326,2026-06-11
1.99,1.99,1.99,2.1233333333333326,108.0,1.99,2.79,gpu_provider,A100,on-demand,lambdalabs,2026-06-11 10:25:09.647326,2026-06-11
1.706888,1.83635,2.02487,1.966223940848214,112.0,1.453055,2.895157,gpu_provider,A100,spot,gcp,2026-06-11 10:25:09.647326,2026-06-11
2.49227125,3.6792675,4.04959090625,3.4898916517857144,112.0,2.16346,5.7077325,gpu_provider,A100,on-demand,gcp,2026-06-11 10:25:09.647326,2026-06-11
1.44,1.49,1.49,1.4614285714285715,7.0,1.39,1.49,gpu_provider,A100,spot,runpod,2026-06-11 10:25:09.647326,2026-06-11
2.0047,2.0047,2.0047,2.0047,1.0,2.0047,2.0047,gpu_provider,A100,on-demand,cudo,2026-06-11 10:25:09.647326,2026-06-11
1.39,1.49,1.49,1.40375,8.0,1.0,1.49,gpu_provider,A100,on-demand,runpod,2026-06-11 10:25:09.647326,2026-06-11
4.4075,4.775,5.14225,4.894703663793103,116.0,3.399625,8.1925,gpu_provider,A100,on-demand,azure,2026-06-11 10:25:09.647326,2026-06-11
4.2643,4.2796,4.697875,4.42653,10.0,3.872,5.1356,gpu_provider,B200,spot,gcp,2026-06-11 10:25:09.647326,2026-06-11
1.29,1.79,1.79,1.6233333333333333,18.0,1.29,1.79,gpu_provider,A100,on-demand,verda,2026-06-11 10:25:09.647326,2026-06-11
14.0,14.0,14.0,14.0,44.0,14.0,14.0,gpu_provider,B200,on-demand,oci,2026-06-11 10:25:09.647326,2026-06-11
11.277,11.277,11.277,11.277,12.0,11.277,11.277,gpu_provider,B200,on-demand,gcp,2026-06-11 10:25:09.647326,2026-06-11
2.8125,2.8125,3.5062499999999996,3.11375,10.0,2.8125,3.975,gpu_provider,B200,spot,vastai,2026-06-11 10:25:09.647326,2026-06-11
3.521593125,4.175595625,4.24681,4.383798875,10.0,3.52159,7.84051,gpu_provider,B200,on-demand,vastai,2026-06-11 10:25:09.647326,2026-06-11
6.765000000000001,6.84,6.915,6.84,72.0,6.69,6.99,gpu_provider,B200,on-demand,lambdalabs,2026-06-11 10:25:09.647326,2026-06-11
3.1564675,3.43088125,3.801285,3.5327744761904762,21.0,2.744705,4.7027875,gpu_provider,A100,on-demand,aws,2026-06-11 10:25:09.647326,2026-06-11
0.4515,0.6265,0.6265,0.5681666666666666,18.0,0.4515,0.6265,gpu_provider,A100,spot,verda,2026-06-11 10:25:09.647326,2026-06-11
,2.506265664160401,,,,,,metric,hyperscaler_premium_h100,on-demand,,2026-06-11 10:25:09.647326,2026-06-11
5.49,5.49,5.49,5.489999999999999,3.0,5.49,5.49,gpu_provider,B200,spot,runpod,2026-06-11 10:25:09.647326,2026-06-11
2.8,2.8,2.8,2.8,2.0,2.8,2.8,gpu_provider,A100,on-demand,vultr,2026-06-11 10:25:09.647326,2026-06-11
,3.99,,,,,,metric,neocloud_median_h100,on-demand,,2026-06-11 10:25:09.647326,2026-06-11
,10.0,,,,,,metric,hyperscaler_median_h100,on-demand,,2026-06-11 10:25:09.647326,2026-06-11
3.29,3.99,4.19,3.807652542372882,118.0,2.653,4.29,provider_h100,neocloud,on-demand,,2026-06-11 10:25:09.647326,2026-06-11
5.802393875,10.0,10.97905825,9.289376106803799,158.0,5.3832685,15.830423875,provider_h100,hyperscaler,on-demand,,2026-06-11 10:25:09.647326,2026-06-11
,0.9816221105527638,,,,,,metric,hyperscaler_premium_all,on-demand,,2026-06-11 10:25:09.647326,2026-06-11
,1.99,,,,,,metric,neocloud_median_all,on-demand,,2026-06-11 10:25:09.647326,2026-06-11
,1.953428,,,,,,metric,hyperscaler_median_all,on-demand,,2026-06-11 10:25:09.647326,2026-06-11
0.79,1.99,4.0,inf,797.0,0.0350275,inf,provider,neocloud,on-demand,,2026-06-11 10:25:09.647326,2026-06-11
1.1433314375,1.953428,3.99954,3.122054237667224,4186.0,0.343,25.92,provider,hyperscaler,on-demand,,2026-06-11 10:25:09.647326,2026-06-11
,3.4485467399842893,,,,,,metric,training_inference_ratio,on-demand,,2026-06-11 10:25:09.647326,2026-06-11
0.279015,0.418825,0.563015,0.5355341215719883,2042.0,0.0684,8.172,aggregate,inference,spot,,2026-06-11 10:25:09.647326,2026-06-11
0.88,1.273,1.8243795,1.6730934009294467,2367.0,0.343,10.98917,aggregate,inference,on-demand,,2026-06-11 10:25:09.647326,2026-06-11
0.4308495,0.72076,1.3536,1.146240135234747,4409.0,0.0684,10.98917,aggregate,inference,all,,2026-06-11 10:25:09.647326,2026-06-11
1.4,2.13875,3.987364,3.1660434037958116,573.0,0.3759375,21.2,aggregate,training,spot,,2026-06-11 10:25:09.647326,2026-06-11
3.26,4.39,6.99,5.856930707391945,1018.0,1.0,21.2,aggregate,training,on-demand,,2026-06-11 10:25:09.647326,2026-06-11
2.1385,4.0,5.758859,4.8878053617221875,1591.0,0.3759375,21.2,aggregate,training,all,,2026-06-11 10:25:09.647326,2026-06-11
3.05,3.525,4.0,3.525,88.0,3.05,4.0,gpu_provider,A100,on-demand,oci,2026-06-11 10:25:09.647326,2026-06-11
1.183140625,1.2769,1.5416625000000002,1.5213798611111111,18.0,0.3759375,4.1170625,gpu_provider,A100,spot,aws,2026-06-11 10:25:09.647326,2026-06-11
5.89,5.89,5.89,5.89,3.0,5.89,5.89,gpu_provider,B200,on-demand,runpod,2026-06-11 10:25:09.647326,2026-06-11
2.15,2.15,2.15,2.15,2.0,2.15,2.15,gpu_provider,H100,spot,nebius,2026-06-11 10:25:09.647326,2026-06-11
7.15,7.15,7.15,7.15,4.0,7.15,7.15,gpu_provider,B200,on-demand,nebius,2026-06-11 10:25:09.647326,2026-06-11
3.696972,4.1019,4.94288,4.096650942546584,161.0,1.424152,5.34411575,gpu_provider,H100,spot,gcp,2026-06-11 10:25:09.647326,2026-06-11
5.596119875,10.97905825,12.51612875,9.19199803230337,89.0,5.3832685,15.830423875,gpu_provider,H100,on-demand,gcp,2026-06-11 10:25:09.647326,2026-06-11
1.1375,1.1375,1.138,1.1376999999999997,15.0,1.1375,1.138,gpu_provider,H100,spot,verda,2026-06-11 10:25:09.647326,2026-06-11
3.25,3.25,3.25,3.25,15.0,3.25,3.25,gpu_provider,H100,on-demand,verda,2026-06-11 10:25:09.647326,2026-06-11
0.936156,1.5229825,1.83635,1.4791403674528303,265.0,0.3759375,4.1170625,gpu,A100,spot,,2026-06-11 10:25:09.647326,2026-06-11
2.16346,3.220091,4.09625,3.4186001139240503,474.0,1.0,8.1925,gpu,A100,on-demand,,2026-06-11 10:25:09.647326,2026-06-11
2.139,3.7375,4.2694,3.4188987179487182,39.0,2.1385,5.49,gpu,B200,spot,,2026-06-11 10:25:09.647326,2026-06-11
6.88,8.256,8.944,8.385344,25.0,6.88,11.5584,gpu_provider,H100,on-demand,aws,2026-06-11 10:25:09.647326,2026-06-11
6.69,6.99,14.0,8.963261074840764,157.0,3.52159,14.0,gpu,B200,on-demand,,2026-06-11 10:25:09.647326,2026-06-11
2.2118425,3.99,13.25,7.926605694444445,63.0,1.4,21.2,gpu,H200,spot,,2026-06-11 10:25:09.647326,2026-06-11
4.5,10.0,11.129999999999999,9.168311644144143,111.0,3.59,21.2,gpu,H200,on-demand,,2026-06-11 10:25:09.647326,2026-06-11
4.0,10.0,12.72,8.718728455459773,174.0,1.4,21.2,gpu,H200,all,,2026-06-11 10:25:09.647326,2026-06-11
2.99,3.888704,4.94288,3.832317787621359,206.0,0.8944,9.5439,gpu,H100,spot,,2026-06-11 10:25:09.647326,2026-06-11
4.09,5.558908375,10.0,6.945740669836956,276.0,2.653,15.830423875,gpu,H100,on-demand,,2026-06-11 10:25:09.647326,2026-06-11
3.696972,4.29,6.13755525,5.615107653786306,482.0,0.8944,15.830423875,gpu,H100,all,,2026-06-11 10:25:09.647326,2026-06-11
3.95,3.95,3.95,3.95,4.0,3.95,3.95,gpu_provider,B200,spot,nebius,2026-06-11 10:25:09.647326,2026-06-11
5.89,6.79,11.277,7.860046116071428,196.0,2.1385,14.0,gpu,B200,all,,2026-06-11 10:25:09.647326,2026-06-11
1.8383812499999999,2.5406500000000003,6.96740625,4.368397916666667,18.0,0.8944,9.5439,gpu_provider,H100,spot,aws,2026-06-11 10:25:09.647326,2026-06-11
1.714225,2.353126,4.0,2.723124020805142,739.0,0.3759375,8.1925,gpu,A100,all,,2026-06-11 10:25:09.647326,2026-06-11
2.653,2.653,2.653,2.653,1.0,2.653,2.653,gpu_provider,H100,on-demand,cudo,2026-06-11 10:25:09.647326,2026-06-11
2.1385,2.138625,2.1388125,2.1386875,12.0,2.1385,2.139,gpu_provider,B200,spot,verda,2026-06-11 10:25:09.647326,2026-06-11
3.85,3.85,3.85,3.85,2.0,3.85,3.85,gpu_provider,H100,on-demand,nebius,2026-06-11 10:25:09.647326,2026-06-11
6.11,6.11,6.11,6.11,12.0,6.11,6.11,gpu_provider,B200,on-demand,verda,2026-06-11 10:25:09.647326,2026-06-11
12.561,13.25,13.835,13.62283870967742,31.0,10.6,21.2,gpu_provider,H200,spot,azure,2026-06-11 10:25:09.647326,2026-06-11
12.561,13.25,13.835,13.62283870967742,31.0,10.6,21.2,gpu_provider,H200,on-demand,azure,2026-06-11 10:25:09.647326,2026-06-11
10.0,10.0,10.0,10.0,44.0,10.0,10.0,gpu_provider,H200,on-demand,oci,2026-06-11 10:25:09.647326,2026-06-11
3.906855,4.2603175,4.540005000000001,4.321513214285715,7.0,3.78634,5.310215,gpu_provider,H200,on-demand,vastai,2026-06-11 10:25:09.647326,2026-06-11
3.99,3.99,3.99,3.990000000000001,7.0,3.99,3.99,gpu_provider,H200,spot,runpod,2026-06-11 10:25:09.647326,2026-06-11
4.39,4.39,4.829,4.556727272727272,11.0,3.59,5.268,gpu_provider,H200,on-demand,runpod,2026-06-11 10:25:09.647326,2026-06-11
1.953946875,1.973685,3.1348700000000003,2.519736964285714,7.0,1.93421,3.55263,gpu_provider,H200,spot,vastai,2026-06-11 10:25:09.647326,2026-06-11
4.5,4.5,4.5,4.5,6.0,4.5,4.5,gpu_provider,H200,on-demand,nebius,2026-06-11 10:25:09.647326,2026-06-11
1.4,1.4,1.4,1.4000000000000001,12.0,1.4,1.4,gpu_provider,H200,spot,verda,2026-06-11 10:25:09.647326,2026-06-11
4.0,4.0,4.0,4.0,12.0,4.0,4.0,gpu_provider,H200,on-demand,verda,2026-06-11 10:25:09.647326,2026-06-11
10.0,10.0,10.0,10.0,44.0,10.0,10.0,gpu_provider,H100,on-demand,oci,2026-06-11 10:25:09.647326,2026-06-11
3.99,4.09,4.19,3.9700000000000006,90.0,3.29,4.29,gpu_provider,H100,on-demand,lambdalabs,2026-06-11 10:25:09.647326,2026-06-11
2.99,2.99,2.99,2.9900000000000007,10.0,2.99,2.99,gpu_provider,H100,spot,runpod,2026-06-11 10:25:09.647326,2026-06-11
3.29,3.29,3.29,3.29,10.0,3.29,3.29,gpu_provider,H100,on-demand,runpod,2026-06-11 10:25:09.647326,2026-06-11
2.45,2.45,2.45,2.4499999999999997,6.0,2.45,2.45,gpu_provider,H200,spot,nebius,2026-06-11 10:25:09.647326,2026-06-11
1.99,1.99,1.99,2.1233333333333326,108.0,1.99,2.79,gpu_provider,A100,on-demand,lambdalabs,2026-06-12 10:13:34.242989,2026-06-12
4.4075,4.775,5.14225,4.894703663793103,116.0,3.399625,8.1925,gpu_provider,A100,on-demand,azure,2026-06-12 10:13:34.242989,2026-06-12
1.706888,1.83635,2.02487,1.966223940848214,112.0,1.453055,2.895157,gpu_provider,A100,spot,gcp,2026-06-12 10:13:34.242989,2026-06-12
2.49227125,3.6792675,4.04959090625,3.4898916517857144,112.0,2.16346,5.7077325,gpu_provider,A100,on-demand,gcp,2026-06-12 10:13:34.242989,2026-06-12
1.49,1.49,1.49,1.4733333333333334,6.0,1.39,1.49,gpu_provider,A100,spot,runpod,2026-06-12 10:13:34.242989,2026-06-12
1.44,1.49,1.49,1.4057142857142857,7.0,1.0,1.49,gpu_provider,A100,on-demand,runpod,2026-06-12 10:13:34.242989,2026-06-12
0.88242,0.9714897499999999,1.331265,1.1264843500000001,110.0,0.7479175,2.28818,gpu_provider,A100,spot,azure,2026-06-12 10:13:34.242989,2026-06-12
0.4515,0.6265,0.6265,0.5681666666666666,18.0,0.4515,0.6265,gpu_provider,A100,spot,verda,2026-06-12 10:13:34.242989,2026-06-12
5.89,5.89,5.89,5.89,2.0,5.89,5.89,gpu_provider,B200,on-demand,runpod,2026-06-12 10:13:34.242989,2026-06-12
14.0,14.0,14.0,14.0,44.0,14.0,14.0,gpu_provider,B200,on-demand,oci,2026-06-12 10:13:34.242989,2026-06-12
4.2643,4.2796,4.697875,4.42653,10.0,3.872,5.1356,gpu_provider,B200,spot,gcp,2026-06-12 10:13:34.242989,2026-06-12
11.277,11.277,11.277,11.277,12.0,11.277,11.277,gpu_provider,B200,on-demand,gcp,2026-06-12 10:13:34.242989,2026-06-12
2.6308437500000004,3.0184,3.26425625,2.9239333333333337,3.0,2.2432875,3.5101125,gpu_provider,B200,spot,aws,2026-06-12 10:13:34.242989,2026-06-12
14.2416,14.2416,16.37784,15.191040000000001,6.0,14.2416,17.08992,gpu_provider,B200,on-demand,aws,2026-06-12 10:13:34.242989,2026-06-12
6.765000000000001,6.84,6.915,6.84,72.0,6.69,6.99,gpu_provider,B200,on-demand,lambdalabs,2026-06-12 10:13:34.242989,2026-06-12
5.49,5.49,5.49,5.49,2.0,5.49,5.49,gpu_provider,B200,spot,runpod,2026-06-12 10:13:34.242989,2026-06-12
2.0047,2.0047,2.0047,2.0047,1.0,2.0047,2.0047,gpu_provider,A100,on-demand,cudo,2026-06-12 10:13:34.242989,2026-06-12
1.29,1.79,1.79,1.6233333333333333,18.0,1.29,1.79,gpu_provider,A100,on-demand,verda,2026-06-12 10:13:34.242989,2026-06-12
3.1564675,3.43088125,3.801285,3.5327744761904762,21.0,2.744705,4.7027875,gpu_provider,A100,on-demand,aws,2026-06-12 10:13:34.242989,2026-06-12
3.29,3.99,4.19,3.7937755833333338,120.0,2.653,4.29,provider_h100,neocloud,on-demand,,2026-06-12 10:13:34.242989,2026-06-12
2.8,2.8,2.8,2.8,2.0,2.8,2.8,gpu_provider,A100,on-demand,vultr,2026-06-12 10:13:34.242989,2026-06-12
,10.0,,,,,,metric,hyperscaler_median_h100,on-demand,,2026-06-12 10:13:34.242989,2026-06-12
3.95,3.95,3.95,3.95,4.0,3.95,3.95,gpu_provider,B200,spot,nebius,2026-06-12 10:13:34.242989,2026-06-12
5.802393875,10.0,10.97905825,9.289376106803799,158.0,5.3832685,15.830423875,provider_h100,hyperscaler,on-demand,,2026-06-12 10:13:34.242989,2026-06-12
,0.9849246231155778,,,,,,metric,hyperscaler_premium_all,on-demand,,2026-06-12 10:13:34.242989,2026-06-12
,1.99,,,,,,metric,neocloud_median_all,on-demand,,2026-06-12 10:13:34.242989,2026-06-12
,1.96,,,,,,metric,hyperscaler_median_all,on-demand,,2026-06-12 10:13:34.242989,2026-06-12
0.7975,1.99,3.99,inf,814.0,0.038005,inf,provider,neocloud,on-demand,,2026-06-12 10:13:34.242989,2026-06-12
1.1437499999999998,1.96,4.0,3.1506631177294397,4195.0,0.343,25.92,provider,hyperscaler,on-demand,,2026-06-12 10:13:34.242989,2026-06-12
1.1285875,1.24709375,1.476390625,1.5056166666666666,18.0,0.3635875,4.1170625,gpu_provider,A100,spot,aws,2026-06-12 10:13:34.242989,2026-06-12
,3.4588165913111855,,,,,,metric,training_inference_ratio,on-demand,,2026-06-12 10:13:34.242989,2026-06-12
0.8795,1.27175,1.8243795,1.671940371151413,2371.0,0.343,10.98917,aggregate,inference,on-demand,,2026-06-12 10:13:34.242989,2026-06-12
0.42949,0.7205,1.357,1.1462960954833599,4417.0,0.0684,10.98917,aggregate,inference,all,,2026-06-12 10:13:34.242989,2026-06-12
1.4,2.15,3.987364,3.1712941787865745,581.0,0.16,21.2,aggregate,training,spot,,2026-06-12 10:13:34.242989,2026-06-12
3.2800000000000002,4.39875,7.15,5.912542348127432,1028.0,0.34033,21.2,aggregate,training,on-demand,,2026-06-12 10:13:34.242989,2026-06-12
2.13875,4.0,5.857625,4.92269450077688,1609.0,0.16,21.2,aggregate,training,all,,2026-06-12 10:13:34.242989,2026-06-12
0.16,0.16,0.16,0.16,1.0,0.16,0.16,gpu_provider,A100,spot,vastai,2026-06-12 10:13:34.242989,2026-06-12
0.34033,0.34033,0.34033,0.34033,1.0,0.34033,0.34033,gpu_provider,A100,on-demand,vastai,2026-06-12 10:13:34.242989,2026-06-12
3.05,3.525,4.0,3.525,88.0,3.05,4.0,gpu_provider,A100,on-demand,oci,2026-06-12 10:13:34.242989,2026-06-12
0.27882,0.41882,0.5649284375,0.5371550507087,2046.0,0.0684,8.172,aggregate,inference,spot,,2026-06-12 10:13:34.242989,2026-06-12
7.15,7.15,7.15,7.15,4.0,7.15,7.15,gpu_provider,B200,on-demand,nebius,2026-06-12 10:13:34.242989,2026-06-12
2.653,2.653,2.653,2.653,1.0,2.653,2.653,gpu_provider,H100,on-demand,cudo,2026-06-12 10:13:34.242989,2026-06-12
3.667263125,5.6120350000000006,7.5798778124999995,5.671923125000001,10.0,3.52159,8.0224675,gpu_provider,B200,on-demand,vastai,2026-06-12 10:13:34.242989,2026-06-12
6.88,8.256,8.944,8.385344,25.0,6.88,11.5584,gpu_provider,H100,on-demand,aws,2026-06-12 10:13:34.242989,2026-06-12
3.696972,4.1019,4.94288,4.096650942546584,161.0,1.424152,5.34411575,gpu_provider,H100,spot,gcp,2026-06-12 10:13:34.242989,2026-06-12
5.596119875,10.97905825,12.51612875,9.19199803230337,89.0,5.3832685,15.830423875,gpu_provider,H100,on-demand,gcp,2026-06-12 10:13:34.242989,2026-06-12
1.1375,1.1375,1.138,1.1376999999999997,15.0,1.1375,1.138,gpu_provider,H100,spot,verda,2026-06-12 10:13:34.242989,2026-06-12
3.25,3.25,3.25,3.25,15.0,3.25,3.25,gpu_provider,H100,on-demand,verda,2026-06-12 10:13:34.242989,2026-06-12
0.936156,1.5229825,1.83635,1.4734281504716982,265.0,0.16,4.1170625,gpu,A100,spot,,2026-06-12 10:13:34.242989,2026-06-12
2.16346,3.220091,4.09625,3.4163856202531644,474.0,0.34033,8.1925,gpu,A100,on-demand,,2026-06-12 10:13:34.242989,2026-06-12
1.714225,2.353126,4.0,2.719655269113667,739.0,0.16,8.1925,gpu,A100,all,,2026-06-12 10:13:34.242989,2026-06-12
1.849521875,2.57285,6.90219375,4.376425694444445,18.0,0.8944,9.5143125,gpu_provider,H100,spot,aws,2026-06-12 10:13:34.242989,2026-06-12
2.139,3.7375,4.2796,3.4324719512195125,41.0,2.1385,5.49,gpu,B200,spot,,2026-06-12 10:13:34.242989,2026-06-12
6.11,6.89,11.277,8.108871040640395,203.0,2.1385,17.08992,gpu,B200,all,,2026-06-12 10:13:34.242989,2026-06-12
2.45,3.99,13.25,7.651842891791046,67.0,1.4,21.2,gpu,H200,spot,,2026-06-12 10:13:34.242989,2026-06-12
4.5,10.0,10.6,9.038445471491226,114.0,3.63827,21.2,gpu,H200,on-demand,,2026-06-12 10:13:34.242989,2026-06-12
4.0,10.0,12.72,8.525172693370168,181.0,1.4,21.2,gpu,H200,all,,2026-06-12 10:13:34.242989,2026-06-12
2.99,3.888704,4.94288,3.839704972355769,208.0,0.8944,9.5143125,gpu,H100,spot,,2026-06-12 10:13:34.242989,2026-06-12
4.09,5.532804875,10.0,6.917174441996403,278.0,2.653,15.830423875,gpu,H100,on-demand,,2026-06-12 10:13:34.242989,2026-06-12
3.696972,4.29,6.13755525,5.600068166923869,486.0,0.8944,15.830423875,gpu,H100,all,,2026-06-12 10:13:34.242989,2026-06-12
,3.99,,,,,,metric,neocloud_median_h100,on-demand,,2026-06-12 10:13:34.242989,2026-06-12
6.79,6.99,14.0,9.29240414351852,162.0,3.52159,17.08992,gpu,B200,on-demand,,2026-06-12 10:13:34.242989,2026-06-12
2.8125,3.275,3.7375,3.525,10.0,2.8125,4.9875,gpu_provider,B200,spot,vastai,2026-06-12 10:13:34.242989,2026-06-12
3.85,3.85,3.85,3.85,2.0,3.85,3.85,gpu_provider,H100,on-demand,nebius,2026-06-12 10:13:34.242989,2026-06-12
3.29,3.29,3.29,3.2536363636363634,11.0,2.89,3.29,gpu_provider,H100,on-demand,runpod,2026-06-12 10:13:34.242989,2026-06-12
2.1385,2.138625,2.1388125,2.1386875,12.0,2.1385,2.139,gpu_provider,B200,spot,verda,2026-06-12 10:13:34.242989,2026-06-12
6.11,6.11,6.11,6.11,12.0,6.11,6.11,gpu_provider,B200,on-demand,verda,2026-06-12 10:13:34.242989,2026-06-12
12.561,13.25,13.835,13.62283870967742,31.0,10.6,21.2,gpu_provider,H200,spot,azure,2026-06-12 10:13:34.242989,2026-06-12
12.561,13.25,13.835,13.62283870967742,31.0,10.6,21.2,gpu_provider,H200,on-demand,azure,2026-06-12 10:13:34.242989,2026-06-12
10.0,10.0,10.0,10.0,44.0,10.0,10.0,gpu_provider,H200,on-demand,oci,2026-06-12 10:13:34.242989,2026-06-12
2.625,3.210525625,3.2106475,2.9104561458333333,12.0,1.97368375,3.48421,gpu_provider,H200,spot,vastai,2026-06-12 10:13:34.242989,2026-06-12
3.9219209375,4.36736125,4.40604,4.244231979166666,12.0,3.63827,4.90738875,gpu_provider,H200,on-demand,vastai,2026-06-12 10:13:34.242989,2026-06-12
3.99,3.99,3.99,3.9900000000000007,6.0,3.99,3.99,gpu_provider,H200,spot,runpod,2026-06-12 10:13:34.242989,2026-06-12
2.15,2.15,2.15,2.15,2.0,2.15,2.15,gpu_provider,H100,spot,nebius,2026-06-12 10:13:34.242989,2026-06-12
4.39,4.39,5.268,4.682666666666666,9.0,4.39,5.268,gpu_provider,H200,on-demand,runpod,2026-06-12 10:13:34.242989,2026-06-12
4.5,4.5,4.5,4.5,6.0,4.5,4.5,gpu_provider,H200,on-demand,nebius,2026-06-12 10:13:34.242989,2026-06-12
1.4,1.4,1.4,1.4000000000000001,12.0,1.4,1.4,gpu_provider,H200,spot,verda,2026-06-12 10:13:34.242989,2026-06-12
4.0,4.0,4.0,4.0,12.0,4.0,4.0,gpu_provider,H200,on-demand,verda,2026-06-12 10:13:34.242989,2026-06-12
10.0,10.0,10.0,10.0,44.0,10.0,10.0,gpu_provider,H100,on-demand,oci,2026-06-12 10:13:34.242989,2026-06-12
6.66667,6.66667,6.66667,6.66667,1.0,6.66667,6.66667,gpu_provider,H100,spot,vastai,2026-06-12 10:13:34.242989,2026-06-12
3.06007,3.06007,3.06007,3.06007,1.0,3.06007,3.06007,gpu_provider,H100,on-demand,vastai,2026-06-12 10:13:34.242989,2026-06-12
3.99,4.09,4.19,3.9700000000000006,90.0,3.29,4.29,gpu_provider,H100,on-demand,lambdalabs,2026-06-12 10:13:34.242989,2026-06-12
2.99,2.99,2.99,2.935454545454546,11.0,2.39,2.99,gpu_provider,H100,spot,runpod,2026-06-12 10:13:34.242989,2026-06-12
2.45,2.45,2.45,2.4499999999999997,6.0,2.45,2.45,gpu_provider,H200,spot,nebius,2026-06-12 10:13:34.242989,2026-06-12
,2.506265664160401,,,,,,metric,hyperscaler_premium_h100,on-demand,,2026-06-12 10:13:34.242989,2026-06-12
